Rk,Player,Nation,Pos,Squad,Age,Born,90s,SCA,SCA90,PassLive,PassDead,Drib,Sh,Fld,GCA,GCA90,PassLive,PassDead,Drib,Sh,Fld,OG,Matches
1,Rolando Aarons,eng,"MF,FW",Hellas Verona,21,1995,5.7,3,0.52,3,0,0,0,0,0,0.00,3,0,0,0,0,0,/en/players/c5942695/matchlogs/2017-2018/gca/Rolando-Aarons-Match-Logs
2,Ignazio Abate,it,DF,Milan,30,1986,11.7,26,2.22,22,2,0,2,0,4,0.34,22,2,0,2,0,0,/en/players/1c529186/matchlogs/2017-2018/gca/Ignazio-Abate-Match-Logs
3,Francesco Acerbi,it,DF,Sassuolo,29,1988,38.0,27,0.71,25,0,0,0,2,0,0.00,25,0,0,0,2,0,/en/players/b96b595c/matchlogs/2017-2018/gca/Francesco-Acerbi-Match-Logs
4,Afriyie Acquah,gh,MF,Torino,25,1992,10.6,15,1.45,11,0,1,1,2,0,0.00,11,0,1,1,2,0,/en/players/d7403bd5/matchlogs/2017-2018/gca/Afriyie-Acquah-Match-Logs
5,Claud Adjapong,it,"DF,MF",Sassuolo,19,1998,13.6,22,1.63,16,0,2,2,2,3,0.22,16,0,2,2,2,0,/en/players/ce5b170a/matchlogs/2017-2018/gca/Claud-Adjapong-Match-Logs
6,Ali Adnan Kadhim,iq,"DF,MF",Udinese,23,1993,18.6,33,1.78,24,8,0,0,1,5,0.27,24,8,0,0,1,0,/en/players/06050480/matchlogs/2017-2018/gca/Ali-Adnan-Kadhim-Match-Logs
7,Arlind Ajeti,al,"DF,MF",Crotone,23,1993,14.1,9,0.64,7,0,0,1,1,2,0.14,7,0,0,1,1,0,/en/players/f9714604/matchlogs/2017-2018/gca/Arlind-Ajeti-Match-Logs
8,Luis Alberto,es,"MF,FW",Lazio,24,1992,29.7,162,5.44,99,49,9,3,2,26,0.87,99,49,9,3,2,0,/en/players/5294a83f/matchlogs/2017-2018/gca/Luis-Alberto-Match-Logs
9,Raúl Albiol,es,DF,Napoli,31,1985,30.5,24,0.79,22,0,0,2,0,2,0.07,22,0,0,2,0,0,/en/players/4bd414c1/matchlogs/2017-2018/gca/Raul-Albiol-Match-Logs
10,Alisson,br,GK,Roma,24,1992,37.0,5,0.14,4,1,0,0,0,1,0.03,4,1,0,0,0,0,/en/players/7a2e46a8/matchlogs/2017-2018/gca/Alisson-Match-Logs
11,Allan,br,MF,Napoli,26,1991,31.7,91,2.87,74,1,6,3,7,13,0.41,74,1,6,3,7,0,/en/players/cc700722/matchlogs/2017-2018/gca/Allan-Match-Logs
12,Ricky Álvarez,ar,"MF,FW",Sampdoria,29,1988,3.0,12,4.20,7,3,0,2,0,0,0.00,7,3,0,2,0,0,/en/players/92a5ac34/matchlogs/2017-2018/gca/Ricky-Alvarez-Match-Logs
13,Joachim Andersen,dk,DF,Sampdoria,21,1996,6.1,4,0.66,4,0,0,0,0,0,0.00,4,0,0,0,0,0,/en/players/e34fc66d/matchlogs/2017-2018/gca/Joachim-Andersen-Match-Logs
14,Felipe Anderson,br,"MF,FW",Lazio,24,1993,12.9,69,5.40,47,10,10,2,0,13,1.02,47,10,10,2,0,0,/en/players/9f1893b9/matchlogs/2017-2018/gca/Felipe-Anderson-Match-Logs
15,Nícolas Andrade,br,GK,Hellas Verona,29,1988,36.0,7,0.19,4,3,0,0,0,1,0.03,4,3,0,0,0,0,/en/players/326d09ef/matchlogs/2017-2018/gca/Nicolas-Andrade-Match-Logs
16,Marco Andreolli,it,DF,Cagliari,31,1986,20.3,1,0.05,1,0,0,0,0,0,0.00,1,0,0,0,0,0,/en/players/13d820de/matchlogs/2017-2018/gca/Marco-Andreolli-Match-Logs
17,Gabriele Angella,it,DF,Udinese,28,1989,9.9,10,1.01,9,0,0,0,1,0,0.00,9,0,0,0,1,0,/en/players/0c971997/matchlogs/2017-2018/gca/Gabriele-Angella-Match-Logs
18,Cristian Ansaldi,ar,"DF,MF",Torino,30,1986,20.8,48,2.31,30,1,10,3,4,7,0.34,30,1,10,3,4,0,/en/players/bbafc0c4/matchlogs/2017-2018/gca/Cristian-Ansaldi-Match-Logs
19,Luca Antei,it,DF,Benevento,25,1992,6.6,2,0.30,1,0,0,1,0,0,0.00,1,0,0,1,0,0,/en/players/97c9bce3/matchlogs/2017-2018/gca/Luca-Antei-Match-Logs
20,Mirco Antenucci,it,FW,SPAL,32,1984,28.6,65,2.27,45,0,5,7,8,11,0.38,45,0,5,7,8,0,/en/players/43a2e16c/matchlogs/2017-2018/gca/Mirco-Antenucci-Match-Logs
21,Luca Antonelli,it,"DF,MF",Milan,30,1987,1.6,1,0.65,1,0,0,0,0,0,0.00,1,0,0,0,0,0,/en/players/40f0ed6c/matchlogs/2017-2018/gca/Luca-Antonelli-Match-Logs
22,Mirko Antonucci,it,FW,Roma,18,1999,0.3,2,6.43,2,0,0,0,0,1,3.21,2,0,0,0,0,0,/en/players/91976866/matchlogs/2017-2018/gca/Mirko-Antonucci-Match-Logs
23,Samuel Armenteros,se,FW,Benevento,27,1990,4.8,3,0.63,3,0,0,0,0,0,0.00,3,0,0,0,0,0,/en/players/9c8f641a/matchlogs/2017-2018/gca/Samuel-Armenteros-Match-Logs
24,Kwadwo Asamoah,gh,DF,Juventus,28,1988,17.4,31,1.78,27,1,1,0,2,4,0.23,27,1,1,0,2,0,/en/players/089550f5/matchlogs/2017-2018/gca/Kwadwo-Asamoah-Match-Logs
25,Davide Astori,it,DF,Fiorentina,30,1987,25.0,18,0.72,18,0,0,0,0,1,0.04,18,0,0,0,0,0,/en/players/1522dab2/matchlogs/2017-2018/gca/Davide-Astori-Match-Logs
Rk,,,,,,,,,,,,,,,,,,,,,,,
26,Felipe Avenatti,uy,"FW,MF",Bologna,24,1993,5.2,5,0.97,5,0,0,0,0,0,0.00,5,0,0,0,0,0,/en/players/23f9e9d3/matchlogs/2017-2018/gca/Felipe-Avenatti-Match-Logs
27,Khouma Babacar,sn,FW,Sassuolo,24,1993,8.3,15,1.81,9,0,2,1,3,2,0.24,9,0,2,1,3,0,/en/players/422ec08a/matchlogs/2017-2018/gca/Khouma-Babacar-Match-Logs
28,Khouma Babacar,sn,"FW,MF",Fiorentina,24,1993,5.0,16,3.31,11,0,1,3,1,1,0.21,11,0,1,3,1,0,/en/players/422ec08a/matchlogs/2017-2018/gca/Khouma-Babacar-Match-Logs
29,Milan Badelj,hr,MF,Fiorentina,28,1989,26.1,78,2.98,70,0,3,3,2,2,0.08,70,0,3,3,2,0,/en/players/e8c930bb/matchlogs/2017-2018/gca/Milan-Badelj-Match-Logs
30,Riad Bajić,ba,"FW,MF",Udinese,23,1994,0.9,4,4.80,3,0,0,1,0,0,0.00,3,0,0,1,0,0,/en/players/49d399d5/matchlogs/2017-2018/gca/Riad-Bajic-Match-Logs
31,Andrija Balić,hr,MF,Udinese,19,1997,12.0,32,2.67,20,6,4,0,2,2,0.17,20,6,4,0,2,0,/en/players/9be4ee80/matchlogs/2017-2018/gca/Andrija-Balic-Match-Logs
32,Mattia Bani,it,DF,Chievo,23,1993,14.6,0,0.00,0,0,0,0,0,0,0.00,0,0,0,0,0,0,/en/players/0821331c/matchlogs/2017-2018/gca/Mattia-Bani-Match-Logs
33,Antonín Barák,cz,MF,Udinese,22,1994,30.1,64,2.12,54,1,2,6,1,6,0.20,54,1,2,6,1,0,/en/players/01efac19/matchlogs/2017-2018/gca/Antonin-Barak-Match-Logs
34,Andrea Barberis,it,MF,Crotone,23,1993,33.7,57,1.70,31,19,0,5,2,5,0.15,31,19,0,5,2,0,/en/players/32ebfe1e/matchlogs/2017-2018/gca/Andrea-Barberis-Match-Logs
35,Nicolò Barella,it,MF,Cagliari,20,1997,32.8,70,2.12,53,11,3,0,3,5,0.15,53,11,3,0,3,0,/en/players/6928979a/matchlogs/2017-2018/gca/Nicolo-Barella-Match-Logs
36,Antonio Barreca,it,"DF,MF",Torino,22,1995,5.2,4,0.78,3,1,0,0,0,0,0.00,3,1,0,0,0,0,/en/players/6a189491/matchlogs/2017-2018/gca/Antonio-Barreca-Match-Logs
37,Édgar Barreto,py,MF,Sampdoria,33,1984,21.8,33,1.51,31,0,0,1,1,0,0.00,31,0,0,1,1,0,/en/players/43a1bea5/matchlogs/2017-2018/gca/Edgar-Barreto-Match-Logs
38,Musa Barrow,gm,"FW,MF",Atalanta,18,1998,4.9,21,4.27,14,0,3,4,0,1,0.20,14,0,3,4,0,0,/en/players/e5bf73f3/matchlogs/2017-2018/gca/Musa-Barrow-Match-Logs
39,Andrea Barzagli,it,DF,Juventus,36,1981,16.1,10,0.63,7,1,0,1,1,2,0.13,7,1,0,1,1,0,/en/players/7c0000fd/matchlogs/2017-2018/gca/Andrea-Barzagli-Match-Logs
40,Daniele Baselli,it,MF,Torino,25,1992,28.0,59,2.10,50,4,1,2,2,6,0.21,50,4,1,2,2,0,/en/players/ea06dd97/matchlogs/2017-2018/gca/Daniele-Baselli-Match-Logs
41,Dušan Basta,rs,"DF,MF",Lazio,32,1984,8.6,17,1.97,14,1,1,1,0,2,0.23,14,1,1,1,0,0,/en/players/3b57f7f8/matchlogs/2017-2018/gca/Dusan-Basta-Match-Logs
42,Gil Bastião Dias,pt,"FW,MF",Fiorentina,20,1996,13.2,45,3.43,35,1,4,2,3,6,0.46,35,1,4,2,3,0,/en/players/e61bdd69/matchlogs/2017-2018/gca/Gil-Bastiao-Dias-Match-Logs
43,Samuel Bastien,be,"MF,FW",Chievo,20,1996,15.1,17,1.13,15,0,1,0,1,1,0.07,15,0,1,0,1,0,/en/players/ec30b9c8/matchlogs/2017-2018/gca/Samuel-Bastien-Match-Logs
44,Alessandro Bastoni,it,DF,Atalanta,18,1999,1.0,3,3.10,2,0,1,0,0,0,0.00,2,0,1,0,0,0,/en/players/75b86fb3/matchlogs/2017-2018/gca/Alessandro-Bastoni-Match-Logs
45,Bastos,ao,DF,Lazio,26,1991,15.6,7,0.45,6,0,0,1,0,1,0.06,6,0,0,1,0,0,/en/players/c01c66d9/matchlogs/2017-2018/gca/Bastos-Match-Logs
46,Enrico Bearzotti,it,"DF,FW",Hellas Verona,20,1996,4.6,3,0.66,3,0,0,0,0,0,0.00,3,0,0,0,0,0,/en/players/c67836b8/matchlogs/2017-2018/gca/Enrico-Bearzotti-Match-Logs
47,Valon Behrami,ch,MF,Udinese,32,1985,15.5,20,1.28,14,1,3,0,2,2,0.13,14,1,3,0,2,0,/en/players/d3d758d8/matchlogs/2017-2018/gca/Valon-Behrami-Match-Logs
48,Vid Belec,si,GK,Sampdoria,27,1990,2.0,0,0.00,0,0,0,0,0,0,0.00,0,0,0,0,0,0,/en/players/4f8ce0e1/matchlogs/2017-2018/gca/Vid-Belec-Match-Logs
49,Vid Belec,si,GK,Benevento,27,1990,12.4,3,0.24,1,2,0,0,0,0,0.00,1,2,0,0,0,0,/en/players/4f8ce0e1/matchlogs/2017-2018/gca/Vid-Belec-Match-Logs
50,Andrea Belotti,it,FW,Torino,23,1993,29.8,80,2.69,48,0,5,10,16,16,0.54,48,0,5,10,16,1,/en/players/d705ba44/matchlogs/2017-2018/gca/Andrea-Belotti-Match-Logs
Rk,,,,,,,,,,,,,,,,,,,,,,,
51,Ahmad Benali,ly,MF,Crotone,25,1992,9.0,15,1.66,9,2,0,3,1,3,0.33,9,2,0,3,1,0,/en/players/a128b07e/matchlogs/2017-2018/gca/Ahmad-Benali-Match-Logs
52,Marco Benassi,it,"MF,FW",Fiorentina,22,1994,30.9,79,2.54,72,0,2,5,0,5,0.16,72,0,2,5,0,0,/en/players/0000acda/matchlogs/2017-2018/gca/Marco-Benassi-Match-Logs
53,Medhi Benatia,ma,DF,Juventus,30,1987,19.5,8,0.41,7,0,0,1,0,1,0.05,7,0,0,1,0,0,/en/players/3b15ef2d/matchlogs/2017-2018/gca/Medhi-Benatia-Match-Logs
54,Rodrigo Bentancur,uy,MF,Juventus,20,1997,6.5,21,3.34,21,0,0,0,0,0,0.00,21,0,0,0,0,0,/en/players/3b8674e6/matchlogs/2017-2018/gca/Rodrigo-Bentancur-Match-Logs
55,Domenico Berardi,it,FW,Sassuolo,22,1994,25.5,115,4.48,73,19,8,10,5,5,0.19,73,19,8,10,5,0,/en/players/53a0e358/matchlogs/2017-2018/gca/Domenico-Berardi-Match-Logs
56,Álex Berenguer,es,FW,Torino,22,1995,11.6,38,3.29,24,9,2,1,2,4,0.35,24,9,2,1,2,0,/en/players/dc1c2fce/matchlogs/2017-2018/gca/Alex-Berenguer-Match-Logs
57,Bartosz Bereszyński,pl,DF,Sampdoria,25,1992,27.6,29,1.05,18,9,1,0,1,3,0.11,18,9,1,0,1,0,/en/players/61b3978f/matchlogs/2017-2018/gca/Bartosz-Bereszynski-Match-Logs
58,Etrit Berisha,al,GK,Atalanta,28,1989,31.0,0,0.00,0,0,0,0,0,0,0.00,0,0,0,0,0,0,/en/players/ee833569/matchlogs/2017-2018/gca/Etrit-Berisha-Match-Logs
59,Federico Bernardeschi,it,"FW,MF",Juventus,23,1994,9.4,33,3.60,25,0,3,0,5,9,0.98,25,0,3,0,5,0,/en/players/ee93c1a9/matchlogs/2017-2018/gca/Federico-Bernardeschi-Match-Logs
60,Andrea Bertolacci,it,MF,Genoa,26,1991,32.2,61,1.90,52,3,1,2,3,2,0.06,52,3,1,2,3,0,/en/players/c75b6a02/matchlogs/2017-2018/gca/Andrea-Bertolacci-Match-Logs
61,Daniel Bessa,it,"MF,FW",Hellas Verona,24,1993,15.4,40,2.63,34,3,1,1,1,2,0.13,34,3,1,1,1,0,/en/players/88895312/matchlogs/2017-2018/gca/Daniel-Bessa-Match-Logs
62,Daniel Bessa,it,MF,Genoa,24,1993,4.9,13,2.67,12,1,0,0,0,1,0.21,12,1,0,0,0,0,/en/players/88895312/matchlogs/2017-2018/gca/Daniel-Bessa-Match-Logs
63,Matteo Bianchetti,it,DF,Hellas Verona,24,1993,1.4,2,1.46,2,0,0,0,0,0,0.00,2,0,0,0,0,0,/en/players/b3a20f18/matchlogs/2017-2018/gca/Matteo-Bianchetti-Match-Logs
64,Lucas Biglia,ar,MF,Milan,31,1986,22.7,55,2.42,48,2,0,2,3,4,0.18,48,2,0,2,3,0,/en/players/5710a281/matchlogs/2017-2018/gca/Lucas-Biglia-Match-Logs
65,Jean-Claude Billong,fr,DF,Benevento,23,1993,3.3,0,0.00,0,0,0,0,0,0,0.00,0,0,0,0,0,0,/en/players/a3e1d20d/matchlogs/2017-2018/gca/Jean-Claude-Billong-Match-Logs
66,Davide Biondini,it,"MF,FW",Sassuolo,34,1983,2.3,8,3.55,8,0,0,0,0,0,0.00,8,0,0,0,0,0,/en/players/b4c3070a/matchlogs/2017-2018/gca/Davide-Biondini-Match-Logs
67,Cristiano Biraghi,it,DF,Fiorentina,24,1992,33.1,90,2.72,51,32,0,5,2,8,0.24,51,32,0,5,2,0,/en/players/9e1577aa/matchlogs/2017-2018/gca/Cristiano-Biraghi-Match-Logs
68,Davide Biraschi,it,DF,Genoa,23,1994,20.0,15,0.75,13,0,2,0,0,1,0.05,13,0,2,0,0,0,/en/players/64cd167d/matchlogs/2017-2018/gca/Davide-Biraschi-Match-Logs
69,Valter Birsa,si,"MF,FW",Chievo,30,1986,27.8,111,3.97,73,33,3,1,1,14,0.50,73,33,3,1,1,0,/en/players/455a2b79/matchlogs/2017-2018/gca/Valter-Birsa-Match-Logs
70,Albano Bizzarri,ar,GK,Udinese,39,1977,32.0,2,0.06,1,1,0,0,0,0,0.00,1,1,0,0,0,0,/en/players/32b9b5fa/matchlogs/2017-2018/gca/Albano-Bizzarri-Match-Logs
71,Deian Boldor,ro,DF,Hellas Verona,22,1995,1.0,1,1.00,1,0,0,0,0,0,0.00,1,0,0,0,0,0,/en/players/9b7533de/matchlogs/2017-2018/gca/Deian-Boldor-Match-Logs
72,Giacomo Bonaventura,it,MF,Milan,27,1989,28.2,99,3.49,72,12,3,5,6,8,0.28,72,12,3,5,6,1,/en/players/d995ed27/matchlogs/2017-2018/gca/Giacomo-Bonaventura-Match-Logs
73,Federico Bonazzoli,it,FW,Sampdoria,20,1997,0.3,0,0.00,0,0,0,0,0,0,0.00,0,0,0,0,0,0,/en/players/bf57eaab/matchlogs/2017-2018/gca/Federico-Bonazzoli-Match-Logs
74,Federico Bonazzoli,it,FW,SPAL,20,1997,2.0,3,1.59,1,0,1,0,1,0,0.00,1,0,1,0,1,0,/en/players/bf57eaab/matchlogs/2017-2018/gca/Federico-Bonazzoli-Match-Logs
75,Kevin Bonifazi,it,"DF,FW",Torino,21,1996,4.5,1,0.22,1,0,0,0,0,0,0.00,1,0,0,0,0,0,/en/players/fb77bfef/matchlogs/2017-2018/gca/Kevin-Bonifazi-Match-Logs
Rk,,,,,,,,,,,,,,,,,,,,,,,
76,Leonardo Bonucci,it,DF,Milan,30,1987,34.3,31,0.90,29,0,0,2,0,1,0.03,29,0,0,2,0,0,/en/players/52ec54d0/matchlogs/2017-2018/gca/Leonardo-Bonucci-Match-Logs
77,Fabio Borini,it,"FW,DF",Milan,26,1991,17.9,42,2.34,33,2,1,2,4,4,0.22,33,2,1,2,4,0,/en/players/ef5b337e/matchlogs/2017-2018/gca/Fabio-Borini-Match-Logs
78,Marco Borriello,it,FW,SPAL,35,1982,8.6,14,1.63,12,0,0,1,1,1,0.12,12,0,0,1,1,0,/en/players/a889ffc7/matchlogs/2017-2018/gca/Marco-Borriello-Match-Logs
79,Lucas Boyé,ar,"FW,MF",Torino,21,1996,1.7,10,6.34,9,0,1,0,0,1,0.63,9,0,1,0,0,0,/en/players/d49f3e6b/matchlogs/2017-2018/gca/Lucas-Boye-Match-Logs
80,Enrico Brignola,it,"FW,MF",Benevento,18,1999,15.0,46,3.06,28,2,10,5,1,5,0.33,28,2,10,5,1,0,/en/players/d0643f8f/matchlogs/2017-2018/gca/Enrico-Brignola-Match-Logs
81,Alberto Brignoli,it,GK,Benevento,25,1991,12.5,0,0.00,0,0,0,0,0,0,0.00,0,0,0,0,0,0,/en/players/6989550f/matchlogs/2017-2018/gca/Alberto-Brignoli-Match-Logs
82,Petar Brlek,hr,MF,Genoa,23,1994,2.6,1,0.39,1,0,0,0,0,0,0.00,1,0,0,0,0,0,/en/players/4590c6e7/matchlogs/2017-2018/gca/Petar-Brlek-Match-Logs
83,Marcelo Brozović,hr,MF,Inter,24,1992,21.4,99,4.63,67,24,3,3,2,14,0.66,67,24,3,3,2,0,/en/players/33b8d077/matchlogs/2017-2018/gca/Marcelo-Brozovic-Match-Logs
84,Marcel Büchel,li,MF,Hellas Verona,26,1991,18.8,25,1.32,20,2,1,0,2,1,0.05,20,2,1,0,2,0,/en/players/2edeb221/matchlogs/2017-2018/gca/Marcel-Buchel-Match-Logs
85,Ante Budimir,hr,FW,Crotone,26,1991,17.6,40,2.27,25,2,3,1,8,3,0.17,25,2,3,1,8,1,/en/players/8f3565b3/matchlogs/2017-2018/gca/Ante-Budimir-Match-Logs
86,Gianluigi Buffon,it,GK,Juventus,39,1978,20.7,1,0.05,1,0,0,0,0,0,0.00,1,0,0,0,0,0,/en/players/e40d028b/matchlogs/2017-2018/gca/Gianluigi-Buffon-Match-Logs
87,Alessandro Buongiorno,it,DF,Torino,18,1999,0.1,0,0.00,0,0,0,0,0,0,0.00,0,0,0,0,0,0,/en/players/4ae67f27/matchlogs/2017-2018/gca/Alessandro-Buongiorno-Match-Logs
88,Nicolás Burdisso,ar,DF,Torino,36,1981,23.0,8,0.35,7,1,0,0,0,1,0.04,7,1,0,0,0,0,/en/players/9417f322/matchlogs/2017-2018/gca/Nicolas-Burdisso-Match-Logs
89,Leandro Cabrera,uy,DF,Crotone,26,1991,4.1,2,0.49,2,0,0,0,0,1,0.25,2,0,0,0,0,0,/en/players/69cbc8b6/matchlogs/2017-2018/gca/Leandro-Cabrera-Match-Logs
90,Fabrizio Cacciatore,it,DF,Chievo,30,1986,31.9,69,2.16,57,5,2,2,3,6,0.19,57,5,2,2,3,0,/en/players/00b0bb87/matchlogs/2017-2018/gca/Fabrizio-Cacciatore-Match-Logs
91,Martín Cáceres,uy,DF,Hellas Verona,30,1987,12.9,16,1.23,12,0,1,3,0,4,0.31,12,0,1,3,0,0,/en/players/e94d79e3/matchlogs/2017-2018/gca/Martin-Caceres-Match-Logs
92,Martín Cáceres,uy,DF,Lazio,30,1987,4.9,7,1.43,7,0,0,0,0,1,0.20,7,0,0,0,0,0,/en/players/e94d79e3/matchlogs/2017-2018/gca/Martin-Caceres-Match-Logs
93,Felipe Caicedo,ec,FW,Lazio,28,1988,8.0,16,2.06,11,0,3,2,0,2,0.26,11,0,3,2,0,0,/en/players/93b891d1/matchlogs/2017-2018/gca/Felipe-Caicedo-Match-Logs
94,Davide Calabria,it,DF,Milan,20,1996,17.4,41,2.36,36,1,1,1,2,6,0.35,36,1,1,1,2,0,/en/players/2146785a/matchlogs/2017-2018/gca/Davide-Calabria-Match-Logs
95,Mattia Caldara,it,DF,Atalanta,23,1994,24.0,8,0.33,5,0,1,1,1,3,0.12,5,0,1,1,1,0,/en/players/ac7e640b/matchlogs/2017-2018/gca/Mattia-Caldara-Match-Logs
96,Hakan Çalhanoğlu,tr,"FW,MF",Milan,23,1994,24.1,129,5.34,85,21,9,10,4,9,0.37,85,21,9,10,4,0,/en/players/cd0fa27b/matchlogs/2017-2018/gca/Hakan-Calhanoglu-Match-Logs
97,Fabrizio Caligara,it,MF,Cagliari,17,2000,0.2,0,0.00,0,0,0,0,0,0,0.00,0,0,0,0,0,0,/en/players/22ca11f1/matchlogs/2017-2018/gca/Fabrizio-Caligara-Match-Logs
98,José Callejón,es,FW,Napoli,30,1987,36.0,125,3.46,90,23,4,6,1,19,0.53,90,23,4,6,1,1,/en/players/78841da9/matchlogs/2017-2018/gca/Jose-Callejon-Match-Logs
99,Simone Calvano,it,MF,Hellas Verona,24,1993,7.2,2,0.28,2,0,0,0,0,0,0.00,2,0,0,0,0,0,/en/players/9dabfcf5/matchlogs/2017-2018/gca/Simone-Calvano-Match-Logs
100,João Cancelo,pt,DF,Inter,23,1994,20.6,59,2.88,35,19,1,1,2,5,0.24,35,19,1,1,2,1,/en/players/bd6351cd/matchlogs/2017-2018/gca/Joao-Cancelo-Match-Logs
Rk,,,,,,,,,,,,,,,,,,,,,,,
101,Antonio Candreva,it,FW,Inter,30,1987,28.2,128,4.50,89,23,9,5,2,13,0.46,89,23,9,5,2,0,/en/players/356c9002/matchlogs/2017-2018/gca/Antonio-Candreva-Match-Logs
102,Paolo Cannavaro,it,DF,Sassuolo,36,1981,16.0,7,0.44,7,0,0,0,0,0,0.00,7,0,0,0,0,0,/en/players/46ed55b6/matchlogs/2017-2018/gca/Paolo-Cannavaro-Match-Logs
103,Leonardo Capezzi,it,MF,Sampdoria,22,1995,2.4,9,3.84,6,3,0,0,0,1,0.43,6,3,0,0,0,0,/en/players/07ea0ef2/matchlogs/2017-2018/gca/Leonardo-Capezzi-Match-Logs
104,Elio Capradossi,it,DF,Roma,21,1996,0.9,0,0.00,0,0,0,0,0,0,0.00,0,0,0,0,0,0,/en/players/174944a3/matchlogs/2017-2018/gca/Elio-Capradossi-Match-Logs
105,Gianluca Caprari,it,"FW,MF",Sampdoria,24,1993,20.1,73,3.63,53,4,7,7,2,6,0.30,53,4,7,7,2,0,/en/players/54e53b7e/matchlogs/2017-2018/gca/Gianluca-Caprari-Match-Logs
106,Marco Capuano,it,DF,Crotone,25,1991,15.6,3,0.19,2,0,0,0,1,0,0.00,2,0,0,0,1,0,/en/players/616aea37/matchlogs/2017-2018/gca/Marco-Capuano-Match-Logs
107,Marco Capuano,it,DF,Cagliari,25,1991,7.7,6,0.79,5,1,0,0,0,0,0.00,5,1,0,0,0,0,/en/players/616aea37/matchlogs/2017-2018/gca/Marco-Capuano-Match-Logs
108,Antonio Caracciolo,it,DF,Hellas Verona,27,1990,31.7,8,0.25,5,1,0,2,0,0,0.00,5,1,0,2,0,0,/en/players/99d8fc35/matchlogs/2017-2018/gca/Antonio-Caracciolo-Match-Logs
109,Francesco Cassata,it,MF,Sassuolo,20,1997,5.1,5,0.99,4,0,0,1,0,0,0.00,4,0,0,1,0,0,/en/players/96960855/matchlogs/2017-2018/gca/Francesco-Cassata-Match-Logs
110,Timothy Castagne,be,"DF,MF",Atalanta,21,1995,16.7,29,1.74,24,2,0,1,2,4,0.24,24,2,0,1,2,0,/en/players/197640fd/matchlogs/2017-2018/gca/Timothy-Castagne-Match-Logs
111,Leandro Castán,br,DF,Cagliari,30,1986,12.7,5,0.39,4,1,0,0,0,1,0.08,4,1,0,0,0,0,/en/players/019f4d0d/matchlogs/2017-2018/gca/Leandro-Castan-Match-Logs
112,Lucas Castro,ar,MF,Chievo,28,1989,22.1,61,2.76,51,1,3,2,4,6,0.27,51,1,3,2,4,0,/en/players/56b2957b/matchlogs/2017-2018/gca/Lucas-Castro-Match-Logs
113,Danilo Cataldi,it,MF,Benevento,22,1994,25.4,65,2.57,51,6,3,3,2,4,0.16,51,6,3,3,2,0,/en/players/ba3d3bea/matchlogs/2017-2018/gca/Danilo-Cataldi-Match-Logs
114,Federico Ceccherini,it,DF,Crotone,25,1992,35.9,14,0.39,12,0,0,0,2,1,0.03,12,0,0,0,2,0,/en/players/d9624b51/matchlogs/2017-2018/gca/Federico-Ceccherini-Match-Logs
115,Ricardo Centurión,ar,"MF,FW",Genoa,24,1993,0.6,0,0.00,0,0,0,0,0,0,0.00,0,0,0,0,0,0,/en/players/fac896b0/matchlogs/2017-2018/gca/Ricardo-Centurion-Match-Logs
116,Luca Ceppitelli,it,DF,Cagliari,27,1989,24.7,12,0.48,11,1,0,0,0,1,0.04,11,1,0,0,0,0,/en/players/7d50454d/matchlogs/2017-2018/gca/Luca-Ceppitelli-Match-Logs
117,Fabio Ceravolo,it,FW,Benevento,30,1987,0.6,1,1.55,1,0,0,0,0,0,0.00,1,0,0,0,0,0,/en/players/4cc93246/matchlogs/2017-2018/gca/Fabio-Ceravolo-Match-Logs
118,Alessio Cerci,it,"FW,MF",Hellas Verona,30,1987,18.2,47,2.57,23,6,8,4,6,8,0.44,23,6,8,4,6,0,/en/players/5370cba7/matchlogs/2017-2018/gca/Alessio-Cerci-Match-Logs
119,Boštjan Cesar,si,DF,Chievo,35,1982,6.1,1,0.17,1,0,0,0,0,0,0.00,1,0,0,0,0,0,/en/players/c1d18f10/matchlogs/2017-2018/gca/Bostjan-Cesar-Match-Logs
120,Damir Ceter,co,"FW,MF",Cagliari,19,1997,2.2,4,1.87,4,0,0,0,0,0,0.00,4,0,0,0,0,0,/en/players/eade5337/matchlogs/2017-2018/gca/Damir-Ceter-Match-Logs
121,Raman Chibsah,gh,MF,Benevento,24,1993,11.6,15,1.28,13,0,0,2,0,0,0.00,13,0,0,2,0,0,/en/players/aa5a409a/matchlogs/2017-2018/gca/Raman-Chibsah-Match-Logs
122,Giorgio Chiellini,it,DF,Juventus,32,1984,24.0,16,0.67,13,0,1,1,1,4,0.17,13,0,1,1,1,0,/en/players/e85fb9b8/matchlogs/2017-2018/gca/Giorgio-Chiellini-Match-Logs
123,Federico Chiesa,it,"FW,MF",Fiorentina,19,1997,33.5,130,3.87,90,1,16,13,10,23,0.68,90,1,16,13,10,0,/en/players/b0f7e36c/matchlogs/2017-2018/gca/Federico-Chiesa-Match-Logs
124,Vlad Chiricheș,ro,DF,Napoli,27,1989,6.5,3,0.46,3,0,0,0,0,0,0.00,3,0,0,0,0,0,/en/players/c316607a/matchlogs/2017-2018/gca/Vlad-Chiriches-Match-Logs
125,Amato Ciciretti,it,"MF,FW",Benevento,23,1993,9.0,35,3.89,21,3,4,3,3,4,0.44,21,3,4,3,3,1,/en/players/1ab0b878/matchlogs/2017-2018/gca/Amato-Ciciretti-Match-Logs
Rk,,,,,,,,,,,,,,,,,,,,,,,
126,Luca Cigarini,it,MF,Cagliari,31,1986,22.5,68,3.01,31,30,0,4,3,6,0.27,31,30,0,4,3,0,/en/players/ae64d449/matchlogs/2017-2018/gca/Luca-Cigarini-Match-Logs
127,Thiago Cionek,pl,DF,SPAL,31,1986,15.0,8,0.53,6,0,0,1,1,0,0.00,6,0,0,1,1,0,/en/players/46f5c54d/matchlogs/2017-2018/gca/Thiago-Cionek-Match-Logs
128,Karamoko Cissé,gn,"FW,DF",Benevento,28,1988,0.2,2,16.36,1,0,0,1,0,0,0.00,1,0,0,1,0,0,/en/players/b39569c0/matchlogs/2017-2018/gca/Karamoko-Cisse-Match-Logs
129,Massimo Coda,it,FW,Benevento,28,1988,15.7,44,2.81,36,0,6,1,1,3,0.19,36,0,6,1,1,0,/en/players/4c7940d6/matchlogs/2017-2018/gca/Massimo-Coda-Match-Logs
130,Isaac Cofie,gh,MF,Genoa,25,1991,6.6,4,0.62,4,0,0,0,0,0,0.00,4,0,0,0,0,0,/en/players/c6dda86e/matchlogs/2017-2018/gca/Isaac-Cofie-Match-Logs
131,Andrea Consigli,it,GK,Sassuolo,30,1987,36.8,6,0.16,5,1,0,0,0,0,0.00,5,1,0,0,0,0,/en/players/8cabdc1e/matchlogs/2017-2018/gca/Andrea-Consigli-Match-Logs
132,Andrea Conti,it,DF,Milan,23,1994,1.7,5,2.85,4,1,0,0,0,1,0.57,4,1,0,0,0,0,/en/players/8fef5412/matchlogs/2017-2018/gca/Andrea-Conti-Match-Logs
133,Duje Čop,hr,FW,Cagliari,27,1990,1.1,2,1.87,1,0,0,0,1,0,0.00,1,0,0,0,1,0,/en/players/8b0b02c9/matchlogs/2017-2018/gca/Duje-Cop-Match-Logs
134,Alex Cordaz,it,GK,Crotone,34,1983,38.0,3,0.08,2,1,0,0,0,0,0.00,2,1,0,0,0,0,/en/players/e66ebabb/matchlogs/2017-2018/gca/Alex-Cordaz-Match-Logs
135,Andreas Cornelius,dk,FW,Atalanta,24,1993,10.4,33,3.20,23,0,3,7,0,2,0.19,23,0,3,7,0,0,/en/players/c693347d/matchlogs/2017-2018/gca/Andreas-Cornelius-Match-Logs
136,Andrea Cossu,it,"MF,FW",Cagliari,37,1980,2.7,8,3.06,4,2,1,0,1,1,0.38,4,2,1,0,1,0,/en/players/70fd593e/matchlogs/2017-2018/gca/Andrea-Cossu-Match-Logs
137,Angelo da Costa Júnior,br,GK,Bologna,33,1983,4.0,0,0.00,0,0,0,0,0,0,0.00,0,0,0,0,0,0,/en/players/18736214/matchlogs/2017-2018/gca/Angelo-da-Costa-Junior-Match-Logs
138,Andrea Costa,it,DF,Benevento,31,1986,15.3,7,0.46,7,0,0,0,0,0,0.00,7,0,0,0,0,0,/en/players/f5e9a8bd/matchlogs/2017-2018/gca/Andrea-Costa-Match-Logs
139,Douglas Costa,br,"FW,MF",Juventus,26,1990,19.9,109,5.47,84,4,12,4,5,25,1.25,84,4,12,4,5,0,/en/players/4fa7cb9b/matchlogs/2017-2018/gca/Douglas-Costa-Match-Logs
140,Filippo Costa,it,"DF,MF",SPAL,22,1995,16.4,31,1.90,19,10,0,0,2,4,0.25,19,10,0,0,2,0,/en/players/00528660/matchlogs/2017-2018/gca/Filippo-Costa-Match-Logs
141,Alessio Cragno,it,GK,Cagliari,23,1994,28.2,4,0.14,2,2,0,0,0,0,0.00,2,2,0,0,0,0,/en/players/f554e29b/matchlogs/2017-2018/gca/Alessio-Cragno-Match-Logs
142,Michele Cremonesi,it,DF,SPAL,29,1988,4.3,0,0.00,0,0,0,0,0,0,0.00,0,0,0,0,0,0,/en/players/53636fce/matchlogs/2017-2018/gca/Michele-Cremonesi-Match-Logs
143,Lorenzo Crisetig,it,MF,Bologna,24,1993,6.2,11,1.77,10,0,0,0,1,1,0.16,10,0,0,0,1,0,/en/players/f54dfca8/matchlogs/2017-2018/gca/Lorenzo-Crisetig-Match-Logs
144,Bryan Cristante,it,"MF,FW",Atalanta,22,1995,31.4,85,2.70,68,1,3,9,4,6,0.19,68,1,3,9,4,0,/en/players/16657b95/matchlogs/2017-2018/gca/Bryan-Cristante-Match-Logs
145,Sebastián Cristóforo,uy,MF,Fiorentina,23,1993,3.0,7,2.37,5,0,1,0,1,0,0.00,5,0,1,0,1,0,/en/players/3c05c659/matchlogs/2017-2018/gca/Sebastian-Cristoforo-Match-Logs
146,Giovanni Crociata,it,"FW,MF",Crotone,19,1997,3.2,13,4.15,9,1,2,0,1,1,0.32,9,1,2,0,1,0,/en/players/8c964914/matchlogs/2017-2018/gca/Giovanni-Crociata-Match-Logs
147,Luca Crosta,it,GK,Cagliari,19,1998,1.0,0,0.00,0,0,0,0,0,0,0.00,0,0,0,0,0,0,/en/players/a4ec7d09/matchlogs/2017-2018/gca/Luca-Crosta-Match-Logs
148,Juan Cuadrado,co,"FW,MF",Juventus,29,1988,15.0,68,4.50,56,1,4,1,5,11,0.73,56,1,4,1,5,1,/en/players/0ab1f153/matchlogs/2017-2018/gca/Juan-Cuadrado-Match-Logs
149,Patrick Cutrone,it,FW,Milan,19,1998,16.7,26,1.55,20,0,0,5,1,6,0.36,20,0,0,5,1,0,/en/players/a4fe8cda/matchlogs/2017-2018/gca/Patrick-Cutrone-Match-Logs
150,Marco D'Alessandro,it,"MF,FW",Benevento,26,1991,11.6,35,3.01,24,1,4,0,6,5,0.43,24,1,4,0,6,0,/en/players/060606ec/matchlogs/2017-2018/gca/Marco-DAlessandro-Match-Logs
Rk,,,,,,,,,,,,,,,,,,,,,,,
151,Danilo D'Ambrosio,it,DF,Inter,28,1988,33.1,62,1.87,49,4,2,3,4,8,0.24,49,4,2,3,4,0,/en/players/44eb9093/matchlogs/2017-2018/gca/Danilo-DAmbrosio-Match-Logs
152,Bryan Dabo,bf,MF,Fiorentina,25,1992,6.6,7,1.08,7,0,0,0,0,1,0.15,7,0,0,0,0,0,/en/players/c53083ad/matchlogs/2017-2018/gca/Bryan-Dabo-Match-Logs
153,Dario Dainelli,it,DF,Chievo,38,1979,16.7,6,0.36,5,0,1,0,0,0,0.00,5,0,1,0,0,0,/en/players/3858e611/matchlogs/2017-2018/gca/Dario-Dainelli-Match-Logs
154,Felipe dal Belo,br,DF,SPAL,33,1984,28.6,11,0.38,9,1,0,1,0,2,0.07,9,1,0,1,0,0,/en/players/8cea6319/matchlogs/2017-2018/gca/Felipe-dal-Belo-Match-Logs
155,Andrea Danzi,it,MF,Hellas Verona,18,1999,4.4,5,1.15,5,0,0,0,0,0,0.00,5,0,0,0,0,0,/en/players/263b855a/matchlogs/2017-2018/gca/Andrea-Danzi-Match-Logs
156,Sebastien De Maio,fr,DF,Bologna,30,1987,22.8,14,0.61,13,1,0,0,0,0,0.00,13,1,0,0,0,0,/en/players/952a03fe/matchlogs/2017-2018/gca/Sebastien-De-Maio-Match-Logs
157,Rodrigo De Paul,ar,"MF,FW",Udinese,23,1994,25.8,108,4.19,72,22,5,5,4,12,0.47,72,22,5,5,4,0,/en/players/162efffd/matchlogs/2017-2018/gca/Rodrigo-De-Paul-Match-Logs
158,Daniele De Rossi,it,MF,Roma,34,1983,20.3,43,2.11,39,2,0,1,1,3,0.15,39,2,0,1,1,0,/en/players/532d2690/matchlogs/2017-2018/gca/Daniele-De-Rossi-Match-Logs
159,Mattia De Sciglio,it,DF,Juventus,24,1992,10.8,15,1.40,15,0,0,0,0,2,0.19,15,0,0,0,0,0,/en/players/ae4e2852/matchlogs/2017-2018/gca/Mattia-De-Sciglio-Match-Logs
160,Lorenzo De Silvestri,it,"DF,MF",Torino,29,1988,32.8,42,1.28,34,4,1,3,0,6,0.18,34,4,1,3,0,0,/en/players/e74f0e59/matchlogs/2017-2018/gca/Lorenzo-De-Silvestri-Match-Logs
161,Grégoire Defrel,mq,"FW,MF",Roma,26,1991,5.4,14,2.64,11,1,2,0,0,2,0.38,11,1,2,0,0,0,/en/players/854ee61a/matchlogs/2017-2018/gca/Gregoire-Defrel-Match-Logs
162,Alessandro Deiola,it,MF,Cagliari,21,1995,5.0,5,1.02,5,0,0,0,0,0,0.00,5,0,0,0,0,0,/en/players/7f267d66/matchlogs/2017-2018/gca/Alessandro-Deiola-Match-Logs
163,Lorenzo Del Pinto,it,MF,Benevento,27,1990,8.4,11,1.31,8,0,0,1,2,1,0.12,8,0,0,1,2,0,/en/players/081b6080/matchlogs/2017-2018/gca/Lorenzo-Del-Pinto-Match-Logs
164,Cristian Dell'Orco,it,DF,Sassuolo,23,1994,4.7,5,1.07,4,1,0,0,0,0,0.00,4,1,0,0,0,0,/en/players/b0243215/matchlogs/2017-2018/gca/Cristian-DellOrco-Match-Logs
165,Fabio Depaoli,it,"MF,DF",Chievo,20,1997,13.2,11,0.83,11,0,0,0,0,1,0.08,11,0,0,0,0,0,/en/players/d97f2e8d/matchlogs/2017-2018/gca/Fabio-Depaoli-Match-Logs
166,Gregory van der Wiel,nl,DF,Cagliari,29,1988,3.2,2,0.63,1,0,0,1,0,0,0.00,1,0,0,1,0,0,/en/players/2fb3ad46/matchlogs/2017-2018/gca/Gregory-van-der-Wiel-Match-Logs
167,Daniele Dessena,it,"MF,DF",Cagliari,30,1987,6.4,7,1.11,5,0,0,1,1,1,0.16,5,0,0,1,1,0,/en/players/02b2937c/matchlogs/2017-2018/gca/Daniele-Dessena-Match-Logs
168,Mattia Destro,it,FW,Bologna,26,1991,18.0,33,1.84,22,0,4,4,3,5,0.28,22,0,4,4,3,0,/en/players/d7d32194/matchlogs/2017-2018/gca/Mattia-Destro-Match-Logs
169,Gianluca Di Chiara,it,DF,Benevento,23,1993,11.2,20,1.79,14,5,0,0,1,0,0.00,14,5,0,0,1,0,/en/players/68852c0a/matchlogs/2017-2018/gca/Gianluca-Di-Chiara-Match-Logs
170,Federico Di Francesco,it,"FW,DF",Bologna,23,1994,17.7,33,1.86,30,0,0,1,2,6,0.34,30,0,0,1,2,0,/en/players/1fca9171/matchlogs/2017-2018/gca/Federico-Di-Francesco-Match-Logs
171,Davide Di Gennaro,it,MF,Lazio,29,1988,0.1,0,0.00,0,0,0,0,0,0,0.00,0,0,0,0,0,0,/en/players/951a4ee4/matchlogs/2017-2018/gca/Davide-Di-Gennaro-Match-Logs
172,Cheick Diabaté,ml,"FW,MF",Benevento,29,1988,7.4,5,0.68,4,0,0,1,0,1,0.14,4,0,0,1,0,0,/en/players/95cfe655/matchlogs/2017-2018/gca/Cheick-Diabate-Match-Logs
173,Moussa Diaby,fr,MF,Crotone,18,1999,0.8,1,1.30,1,0,0,0,0,0,0.00,1,0,0,0,0,0,/en/players/aeed5c06/matchlogs/2017-2018/gca/Moussa-Diaby-Match-Logs
174,Amadou Diawara,gn,MF,Napoli,20,1997,7.3,16,2.24,14,1,0,1,0,3,0.42,14,1,0,1,0,0,/en/players/bf309d24/matchlogs/2017-2018/gca/Amadou-Diawara-Match-Logs
175,Berat Djimsiti,al,DF,Benevento,24,1993,30.0,17,0.57,14,0,1,1,1,1,0.03,14,0,1,1,1,0,/en/players/6eee05f1/matchlogs/2017-2018/gca/Berat-Djimsiti-Match-Logs
Rk,,,,,,,,,,,,,,,,,,,,,,,
176,Gianluigi Donnarumma,it,GK,Milan,18,1999,38.0,1,0.03,1,0,0,0,0,0,0.00,1,0,0,0,0,0,/en/players/08f5afaa/matchlogs/2017-2018/gca/Gianluigi-Donnarumma-Match-Logs
177,Godfred Donsah,gh,MF,Bologna,21,1996,19.9,35,1.76,21,0,8,2,3,6,0.30,21,0,8,2,3,1,/en/players/384dd218/matchlogs/2017-2018/gca/Godfred-Donsah-Match-Logs
178,Bartłomiej Drągowski,pl,GK,Fiorentina,19,1997,2.4,0,0.00,0,0,0,0,0,0,0.00,0,0,0,0,0,0,/en/players/085e71a7/matchlogs/2017-2018/gca/Bartlomiej-Dragowski-Match-Logs
179,Boukary Dramé,sn,"DF,MF",SPAL,32,1985,1.1,1,1.00,1,0,0,0,0,0,0.00,1,0,0,0,0,0,/en/players/a5cd894b/matchlogs/2017-2018/gca/Boukary-Drame-Match-Logs
180,Alfred Duncan,gh,MF,Sassuolo,24,1993,21.6,55,2.53,48,0,3,2,2,5,0.23,48,0,3,2,2,0,/en/players/528492ea/matchlogs/2017-2018/gca/Alfred-Duncan-Match-Logs
181,Noë Dussenne,be,DF,Crotone,25,1992,0.9,0,0.00,0,0,0,0,0,0,0.00,0,0,0,0,0,0,/en/players/8b9b8e43/matchlogs/2017-2018/gca/Noe-Dussenne-Match-Logs
182,Paulo Dybala,ar,"MF,FW",Juventus,23,1993,26.1,143,5.46,71,27,14,11,20,16,0.61,71,27,14,11,20,0,/en/players/e0921a4f/matchlogs/2017-2018/gca/Paulo-Dybala-Match-Logs
183,Edin Džeko,ba,FW,Roma,31,1986,33.5,112,3.34,84,1,13,8,6,9,0.27,84,1,13,8,6,0,/en/players/3bb7f478/matchlogs/2017-2018/gca/Edin-Dzeko-Match-Logs
184,Blerim Džemaili,ch,MF,Bologna,31,1986,13.3,19,1.43,15,0,1,2,1,2,0.15,15,0,1,2,1,0,/en/players/756959aa/matchlogs/2017-2018/gca/Blerim-Dzemaili-Match-Logs
185,Éder,it,"FW,MF",Inter,30,1986,8.9,29,3.37,22,0,0,2,5,3,0.35,22,0,0,2,5,0,/en/players/5a325298/matchlogs/2017-2018/gca/Eder-Match-Logs
186,Simone Edera,it,FW,Torino,20,1997,3.6,7,2.00,5,0,1,1,0,2,0.57,5,0,1,1,0,0,/en/players/8697c095/matchlogs/2017-2018/gca/Simone-Edera-Match-Logs
187,Valentin Eysseric,fr,"FW,MF",Fiorentina,25,1992,7.8,34,4.40,22,7,2,2,1,4,0.52,22,7,2,2,1,0,/en/players/ae82fa48/matchlogs/2017-2018/gca/Valentin-Eysseric-Match-Logs
188,Diego Falcinelli,it,"FW,MF",Fiorentina,26,1991,4.9,17,3.54,13,1,1,2,0,4,0.83,13,1,1,2,0,0,/en/players/a39b9ef6/matchlogs/2017-2018/gca/Diego-Falcinelli-Match-Logs
189,Diego Falcinelli,it,FW,Sassuolo,26,1991,14.6,24,1.64,14,0,3,3,4,1,0.07,14,0,3,3,4,0,/en/players/a39b9ef6/matchlogs/2017-2018/gca/Diego-Falcinelli-Match-Logs
190,Cesar Falletti,uy,"FW,MF",Bologna,24,1992,3.6,7,2.05,5,0,0,0,2,0,0.00,5,0,0,0,2,0,/en/players/00823e9a/matchlogs/2017-2018/gca/Cesar-Falletti-Match-Logs
191,Iago Falque,es,FW,Torino,27,1990,31.3,122,3.87,88,13,8,6,7,14,0.44,88,13,8,6,7,0,/en/players/440c84ed/matchlogs/2017-2018/gca/Iago-Falque-Match-Logs
192,Paolo Faragò,it,"DF,MF",Cagliari,24,1993,27.3,58,2.13,44,4,1,3,6,8,0.29,44,4,1,3,6,0,/en/players/9085dd7c/matchlogs/2017-2018/gca/Paolo-Farago-Match-Logs
193,Davide Faraoni,it,DF,Crotone,25,1991,19.5,23,1.18,16,5,0,0,2,7,0.36,16,5,0,0,2,0,/en/players/aae9d04a/matchlogs/2017-2018/gca/Davide-Faraoni-Match-Logs
194,Mohamed Fares,dz,"DF,MF",Hellas Verona,21,1996,28.9,50,1.73,32,3,9,2,4,1,0.03,32,3,9,2,4,0,/en/players/b7a5bc86/matchlogs/2017-2018/gca/Mohamed-Fares-Match-Logs
195,Diego Farias,br,"FW,MF",Cagliari,27,1990,17.9,40,2.25,27,2,5,5,1,5,0.28,27,2,5,5,1,0,/en/players/157d29b6/matchlogs/2017-2018/gca/Diego-Farias-Match-Logs
196,Federico Fazio,ar,DF,Roma,30,1987,32.5,21,0.65,18,0,0,3,0,3,0.09,18,0,0,3,0,0,/en/players/4e358a2d/matchlogs/2017-2018/gca/Federico-Fazio-Match-Logs
197,Luiz Felipe,br,DF,Lazio,20,1997,13.0,10,0.77,10,0,0,0,0,1,0.08,10,0,0,0,0,0,/en/players/15d0c248/matchlogs/2017-2018/gca/Luiz-Felipe-Match-Logs
198,Alex Ferrari,it,DF,Hellas Verona,23,1994,23.7,16,0.67,9,2,3,1,1,2,0.08,9,2,3,1,1,0,/en/players/d0dbca9f/matchlogs/2017-2018/gca/Alex-Ferrari-Match-Logs
199,Gian Filippo Felicioli,it,"FW,DF",Hellas Verona,19,1997,3.1,1,0.33,1,0,0,0,0,0,0.00,1,0,0,0,0,0,/en/players/ff219f73/matchlogs/2017-2018/gca/Gian-Filippo-Felicioli-Match-Logs
200,Sergio Floccari,it,"FW,MF",SPAL,35,1981,9.8,15,1.54,11,0,1,1,2,3,0.31,11,0,1,1,2,0,/en/players/df301450/matchlogs/2017-2018/gca/Sergio-Floccari-Match-Logs
Rk,,,,,,,,,,,,,,,,,,,,,,,
201,Alessandro Florenzi,it,DF,Roma,26,1991,26.5,82,3.09,67,8,6,1,0,10,0.38,67,8,6,1,0,0,/en/players/e288d4b3/matchlogs/2017-2018/gca/Alessandro-Florenzi-Match-Logs
202,Seko Fofana,ci,MF,Udinese,22,1995,20.8,52,2.50,40,0,6,1,5,4,0.19,40,0,6,1,5,0,/en/players/5313ed43/matchlogs/2017-2018/gca/Seko-Fofana-Match-Logs
203,Marco Fossati,it,MF,Hellas Verona,24,1992,12.2,19,1.56,13,4,0,2,0,1,0.08,13,4,0,2,0,0,/en/players/39bec070/matchlogs/2017-2018/gca/Marco-Fossati-Match-Logs
204,Remo Freuler,ch,MF,Atalanta,25,1992,33.4,97,2.91,75,10,4,6,2,5,0.15,75,10,4,6,2,0,/en/players/98d2c2c4/matchlogs/2017-2018/gca/Remo-Freuler-Match-Logs
205,Roberto Gagliardini,it,MF,Inter,23,1994,22.1,32,1.45,30,1,0,0,1,0,0.00,30,1,0,0,1,0,/en/players/ce30bfc8/matchlogs/2017-2018/gca/Roberto-Gagliardini-Match-Logs
206,Andrey Galabinov,bg,FW,Genoa,28,1988,12.5,24,1.91,20,0,1,2,1,2,0.16,20,0,1,2,1,0,/en/players/0a1efd3c/matchlogs/2017-2018/gca/Andrey-Galabinov-Match-Logs
207,Alessandro Gamberini,it,DF,Chievo,35,1981,20.2,1,0.05,1,0,0,0,0,0,0.00,1,0,0,0,0,0,/en/players/8ec95452/matchlogs/2017-2018/gca/Alessandro-Gamberini-Match-Logs
208,Luca Garritano,it,"MF,FW",Chievo,23,1994,2.1,6,3.02,2,2,1,0,1,0,0.00,2,2,1,0,1,0,/en/players/1ceeae3e/matchlogs/2017-2018/gca/Luca-Garritano-Match-Logs
209,Bruno Gaspar,ao,DF,Fiorentina,24,1993,8.7,19,2.21,16,0,2,0,1,2,0.23,16,0,2,0,1,0,/en/players/55ae91f0/matchlogs/2017-2018/gca/Bruno-Gaspar-Match-Logs
210,Gianluca Gaudino,de,MF,Chievo,20,1996,0.2,1,5.63,0,1,0,0,0,0,0.00,0,1,0,0,0,0,/en/players/0d72fbca/matchlogs/2017-2018/gca/Gianluca-Gaudino-Match-Logs
211,Marcello Gazzola,it,DF,Sassuolo,32,1985,8.2,11,1.33,9,1,1,0,0,0,0.00,9,1,1,0,0,0,/en/players/93390969/matchlogs/2017-2018/gca/Marcello-Gazzola-Match-Logs
212,Santiago Gentiletti,ar,DF,Genoa,32,1985,3.2,3,0.93,3,0,0,0,0,0,0.00,3,0,0,0,0,0,/en/players/4ac07e1b/matchlogs/2017-2018/gca/Santiago-Gentiletti-Match-Logs
213,Gerson,br,"MF,FW",Roma,20,1997,10.1,27,2.70,22,0,0,2,3,3,0.30,22,0,0,2,3,0,/en/players/8827bf46/matchlogs/2017-2018/gca/Gerson-Match-Logs
214,Faouzi Ghoulam,dz,DF,Napoli,26,1991,10.9,39,3.56,32,6,1,0,0,5,0.46,32,6,1,0,0,0,/en/players/c5adc293/matchlogs/2017-2018/gca/Faouzi-Ghoulam-Match-Logs
215,Emanuele Giaccherini,it,FW,Napoli,32,1985,0.7,5,7.63,3,0,0,0,2,1,1.53,3,0,0,0,2,0,/en/players/1c50f354/matchlogs/2017-2018/gca/Emanuele-Giaccherini-Match-Logs
216,Emanuele Giaccherini,it,"MF,FW",Chievo,32,1985,10.0,24,2.37,20,2,1,0,1,5,0.49,20,2,1,0,1,0,/en/players/1c50f354/matchlogs/2017-2018/gca/Emanuele-Giaccherini-Match-Logs
217,Niccolò Giannetti,it,"FW,MF",Cagliari,26,1991,3.3,7,2.18,3,0,0,2,2,0,0.00,3,0,0,2,2,0,/en/players/d9e750e5/matchlogs/2017-2018/gca/Niccolo-Giannetti-Match-Logs
218,Massimo Gobbi,it,DF,Chievo,36,1980,22.8,38,1.67,31,4,1,0,2,6,0.26,31,4,1,0,2,0,/en/players/635b0bae/matchlogs/2017-2018/gca/Massimo-Gobbi-Match-Logs
219,Edoardo Goldaniga,it,DF,Sassuolo,23,1993,12.8,4,0.31,3,0,1,0,0,0,0.00,3,0,1,0,0,0,/en/players/4b029b31/matchlogs/2017-2018/gca/Edoardo-Goldaniga-Match-Logs
220,Pierluigi Gollini,it,GK,Atalanta,22,1995,6.9,0,0.00,0,0,0,0,0,0,0.00,0,0,0,0,0,0,/en/players/f0f7f62f/matchlogs/2017-2018/gca/Pierluigi-Gollini-Match-Logs
221,Papu Gómez,ar,"FW,MF",Atalanta,29,1988,30.6,189,6.17,117,32,21,11,8,19,0.62,117,32,21,11,8,0,/en/players/6e4df551/matchlogs/2017-2018/gca/Papu-Gomez-Match-Logs
222,Alfred Gomis,sn,GK,SPAL,23,1993,25.1,3,0.12,2,1,0,0,0,1,0.04,2,1,0,0,0,0,/en/players/cecbce23/matchlogs/2017-2018/gca/Alfred-Gomis-Match-Logs
223,Maxime Gonalons,fr,MF,Roma,28,1989,12.2,38,3.13,31,1,2,1,3,2,0.16,31,1,2,1,3,0,/en/players/b8c1de25/matchlogs/2017-2018/gca/Maxime-Gonalons-Match-Logs
224,Giancarlo González,cr,DF,Bologna,29,1988,20.6,2,0.10,2,0,0,0,0,0,0.00,2,0,0,0,0,0,/en/players/117beb8f/matchlogs/2017-2018/gca/Giancarlo-Gonzalez-Match-Logs
225,Robin Gosens,de,"DF,MF",Atalanta,23,1994,16.1,33,2.05,29,2,1,0,1,2,0.12,29,2,1,0,1,0,/en/players/2d970560/matchlogs/2017-2018/gca/Robin-Gosens-Match-Logs
Rk,,,,,,,,,,,,,,,,,,,,,,,
226,Alberto Grassi,it,MF,SPAL,22,1995,25.0,37,1.47,23,0,1,4,9,6,0.24,23,0,1,4,9,0,/en/players/6cc97b6a/matchlogs/2017-2018/gca/Alberto-Grassi-Match-Logs
227,Andrew Gravillon,fr,DF,Benevento,19,1998,0.9,0,0.00,0,0,0,0,0,0,0.00,0,0,0,0,0,0,/en/players/49136c42/matchlogs/2017-2018/gca/Andrew-Gravillon-Match-Logs
228,Guilherme,br,"MF,FW",Benevento,26,1991,10.5,30,2.86,22,3,2,2,1,7,0.67,22,3,2,2,1,0,/en/players/9e61c019/matchlogs/2017-2018/gca/Guilherme-Match-Logs
229,Samuel Gustafson,se,"MF,FW",Torino,22,1995,0.9,0,0.00,0,0,0,0,0,0,0.00,0,0,0,0,0,0,/en/players/b1e61f23/matchlogs/2017-2018/gca/Samuel-Gustafson-Match-Logs
230,Bright Gyamfi,gh,"DF,MF",Benevento,21,1996,3.6,2,0.56,2,0,0,0,0,0,0.00,2,0,0,0,0,0,/en/players/251d982a/matchlogs/2017-2018/gca/Bright-Gyamfi-Match-Logs
231,Nicolas Haas,ch,MF,Atalanta,21,1996,1.9,1,0.55,1,0,0,0,0,0,0.00,1,0,0,0,0,0,/en/players/fa449bba/matchlogs/2017-2018/gca/Nicolas-Haas-Match-Logs
232,Emil Hallfreðsson,is,MF,Udinese,33,1984,8.5,22,2.62,22,0,0,0,0,1,0.12,22,0,0,0,0,0,/en/players/86015b20/matchlogs/2017-2018/gca/Emil-Hallfredsson-Match-Logs
233,Marek Hamšík,sk,MF,Napoli,30,1987,26.3,111,4.17,103,0,4,2,2,10,0.38,103,0,4,2,2,0,/en/players/e6ad16b2/matchlogs/2017-2018/gca/Marek-Hamsik-Match-Logs
234,Samir Handanović,si,GK,Inter,33,1984,38.0,4,0.11,2,2,0,0,0,0,0.00,2,2,0,0,0,0,/en/players/74419746/matchlogs/2017-2018/gca/Samir-Handanovic-Match-Logs
235,Hans Hateboer,nl,"DF,MF",Atalanta,23,1994,26.6,49,1.84,42,1,3,2,1,3,0.11,42,1,3,2,1,0,/en/players/3b333ac3/matchlogs/2017-2018/gca/Hans-Hateboer-Match-Logs
236,Filip Helander,se,DF,Bologna,24,1993,27.8,9,0.32,8,0,0,0,1,0,0.00,8,0,0,0,1,0,/en/players/27f0ddef/matchlogs/2017-2018/gca/Filip-Helander-Match-Logs
237,Dalbert Henrique,br,DF,Inter,23,1993,5.9,7,1.20,4,0,2,0,1,0,0.00,4,0,2,0,1,0,/en/players/f45f9427/matchlogs/2017-2018/gca/Dalbert-Henrique-Match-Logs
238,Përparim Hetemaj,fi,MF,Chievo,30,1986,26.8,48,1.79,36,0,6,1,5,5,0.19,36,0,6,1,5,0,/en/players/90b70194/matchlogs/2017-2018/gca/Perparim-Hetemaj-Match-Logs
239,Thomas Heurtaux,fr,DF,Hellas Verona,29,1988,15.5,5,0.32,5,0,0,0,0,0,0.00,5,0,0,0,0,0,/en/players/32d1c24f/matchlogs/2017-2018/gca/Thomas-Heurtaux-Match-Logs
240,Gonzalo Higuaín,ar,FW,Juventus,29,1987,31.3,82,2.62,58,0,9,6,9,16,0.51,58,0,9,6,9,0,/en/players/8a08491a/matchlogs/2017-2018/gca/Gonzalo-Higuain-Match-Logs
241,Oscar Hiljemark,se,MF,Genoa,25,1992,14.2,49,3.44,33,15,0,1,0,3,0.21,33,15,0,1,0,0,/en/players/98e958af/matchlogs/2017-2018/gca/Oscar-Hiljemark-Match-Logs
242,Benedikt Höwedes,de,DF,Juventus,29,1988,2.7,3,1.09,3,0,0,0,0,1,0.36,3,0,0,0,0,0,/en/players/d5c04323/matchlogs/2017-2018/gca/Benedikt-Howedes-Match-Logs
243,Vitor Hugo,br,DF,Fiorentina,26,1991,13.4,7,0.52,7,0,0,0,0,0,0.00,7,0,0,0,0,0,/en/players/f2c1300a/matchlogs/2017-2018/gca/Vitor-Hugo-Match-Logs
244,Elseid Hysaj,al,DF,Napoli,23,1994,34.7,55,1.58,50,3,2,0,0,5,0.14,50,3,2,0,0,0,/en/players/2f3452eb/matchlogs/2017-2018/gca/Elseid-Hysaj-Match-Logs
245,Mauro Icardi,ar,FW,Inter,24,1993,32.9,58,1.76,46,0,6,2,4,9,0.27,46,0,6,2,4,0,/en/players/43b78598/matchlogs/2017-2018/gca/Mauro-Icardi-Match-Logs
246,Pietro Iemmello,it,FW,Benevento,25,1992,9.8,14,1.42,11,0,0,3,0,3,0.31,11,0,0,3,0,0,/en/players/0861b8d6/matchlogs/2017-2018/gca/Pietro-Iemmello-Match-Logs
247,Josip Iličić,si,"FW,MF",Atalanta,29,1988,22.2,139,6.25,70,30,20,8,11,18,0.81,70,30,20,8,11,0,/en/players/68252d6d/matchlogs/2017-2018/gca/Josip-Ilicic-Match-Logs
248,Ciro Immobile,it,FW,Lazio,27,1990,29.8,89,2.97,65,0,7,8,9,24,0.80,65,0,7,8,9,0,/en/players/4431aed2/matchlogs/2017-2018/gca/Ciro-Immobile-Match-Logs
249,Svante Ingelsson,se,MF,Udinese,19,1998,3.6,6,1.67,4,0,1,1,0,1,0.28,4,0,1,1,0,0,/en/players/4133cfcf/matchlogs/2017-2018/gca/Svante-Ingelsson-Match-Logs
250,Roberto Inglese,it,FW,Chievo,25,1991,30.9,54,1.74,37,0,9,4,4,3,0.10,37,0,9,4,4,0,/en/players/6c1f7328/matchlogs/2017-2018/gca/Roberto-Inglese-Match-Logs
Rk,,,,,,,,,,,,,,,,,,,,,,,
251,Lorenzo Insigne,it,FW,Napoli,26,1991,34.3,208,6.03,168,2,20,16,2,19,0.55,168,2,20,16,2,0,/en/players/2f557579/matchlogs/2017-2018/gca/Lorenzo-Insigne-Match-Logs
252,Artur Ioniță,md,MF,Cagliari,26,1990,29.7,35,1.18,30,0,4,0,1,4,0.13,30,0,4,0,1,0,/en/players/cedb3e36/matchlogs/2017-2018/gca/Artur-Ionita-Match-Logs
253,Armando Izzo,it,DF,Genoa,25,1992,15.4,9,0.58,6,0,0,1,2,0,0.00,6,0,0,1,2,0,/en/players/89976232/matchlogs/2017-2018/gca/Armando-Izzo-Match-Logs
254,Jakub Jankto,cz,"MF,FW",Udinese,21,1996,29.5,95,3.22,69,13,5,3,5,10,0.34,69,13,5,3,5,0,/en/players/1ea5f91c/matchlogs/2017-2018/gca/Jakub-Jankto-Match-Logs
255,Paweł Jaroszyński,pl,"DF,MF",Chievo,22,1994,9.0,11,1.22,10,0,1,0,0,0,0.00,10,0,1,0,0,0,/en/players/958a601f/matchlogs/2017-2018/gca/Pawel-Jaroszynski-Match-Logs
256,Juan Jesus,br,DF,Roma,26,1991,18.4,10,0.54,10,0,0,0,0,0,0.00,10,0,0,0,0,0,/en/players/79083382/matchlogs/2017-2018/gca/Juan-Jesus-Match-Logs
257,Jorginho,it,MF,Napoli,25,1991,29.4,93,3.14,88,4,0,1,0,12,0.41,88,4,0,1,0,0,/en/players/45db685d/matchlogs/2017-2018/gca/Jorginho-Match-Logs
258,Mariano Julio Izco,ar,MF,Crotone,34,1983,2.0,0,0.00,0,0,0,0,0,0,0.00,0,0,0,0,0,0,/en/players/0d2bdb4b/matchlogs/2017-2018/gca/Mariano-Julio-Izco-Match-Logs
259,Nikola Kalinić,hr,FW,Milan,29,1988,20.1,63,3.13,47,0,1,6,9,10,0.50,47,0,1,6,9,0,/en/players/d4931a5a/matchlogs/2017-2018/gca/Nikola-Kalinic-Match-Logs
260,Mamadou Kanouté,sn,"FW,MF",Benevento,23,1993,0.4,0,0.00,0,0,0,0,0,0,0.00,0,0,0,0,0,0,/en/players/3d5ed93d/matchlogs/2017-2018/gca/Mamadou-Kanoute-Match-Logs
261,Yann Karamoh,fr,"FW,MF",Inter,19,1998,5.4,21,3.95,14,1,2,2,2,5,0.94,14,1,2,2,2,0,/en/players/8b66d9cc/matchlogs/2017-2018/gca/Yann-Karamoh-Match-Logs
262,Rick Karsdorp,nl,DF,Roma,22,1995,0.9,0,0.00,0,0,0,0,0,0,0.00,0,0,0,0,0,0,/en/players/9f84febe/matchlogs/2017-2018/gca/Rick-Karsdorp-Match-Logs
263,Moise Kean,it,FW,Hellas Verona,17,2000,12.6,19,1.51,10,0,3,4,2,1,0.08,10,0,3,4,2,0,/en/players/3d50bcdb/matchlogs/2017-2018/gca/Moise-Kean-Match-Logs
264,Cheick Keita,ml,DF,Bologna,21,1996,1.4,2,1.44,2,0,0,0,0,0,0.00,2,0,0,0,0,0,/en/players/82f32d55/matchlogs/2017-2018/gca/Cheick-Keita-Match-Logs
265,Franck Kessié,ci,MF,Milan,20,1996,36.3,117,3.22,100,0,10,5,2,7,0.19,100,0,10,5,2,0,/en/players/05e19d6a/matchlogs/2017-2018/gca/Franck-Kessie-Match-Logs
266,Sami Khedira,de,MF,Juventus,30,1987,21.2,39,1.83,32,0,2,3,1,9,0.42,32,0,2,3,1,1,/en/players/38ac43d3/matchlogs/2017-2018/gca/Sami-Khedira-Match-Logs
267,Aleksandar Kolarov,rs,DF,Roma,31,1985,34.0,147,4.32,84,39,6,10,7,13,0.38,84,39,6,10,7,1,/en/players/eda40760/matchlogs/2017-2018/gca/Aleksandar-Kolarov-Match-Logs
268,Kalidou Koulibaly,sn,DF,Napoli,26,1991,34.1,29,0.85,28,0,0,0,1,2,0.06,28,0,0,0,1,0,/en/players/da974c7b/matchlogs/2017-2018/gca/Kalidou-Koulibaly-Match-Logs
269,Dawid Kownacki,pl,FW,Sampdoria,20,1997,9.1,18,2.00,11,0,3,1,3,5,0.56,11,0,3,1,3,0,/en/players/be5e1c4c/matchlogs/2017-2018/gca/Dawid-Kownacki-Match-Logs
270,Emil Krafth,se,DF,Bologna,22,1994,10.5,6,0.57,5,0,0,0,1,1,0.10,5,0,0,0,1,0,/en/players/77cf6852/matchlogs/2017-2018/gca/Emil-Krafth-Match-Logs
271,Oliver Kragl,de,MF,Crotone,27,1990,1.1,5,4.84,0,2,0,0,3,0,0.00,0,2,0,0,3,0,/en/players/1c17dfe0/matchlogs/2017-2018/gca/Oliver-Kragl-Match-Logs
272,Ladislav Krejčí,cz,"FW,DF",Bologna,25,1992,4.4,7,1.61,5,0,0,0,2,1,0.23,5,0,0,0,2,0,/en/players/58027adc/matchlogs/2017-2018/gca/Ladislav-Krejci-Match-Logs
273,Jasmin Kurtić,si,MF,SPAL,28,1989,16.0,20,1.25,12,5,2,1,0,1,0.06,12,5,2,1,0,0,/en/players/144607cc/matchlogs/2017-2018/gca/Jasmin-Kurtic-Match-Logs
274,Jasmin Kurtić,si,"MF,FW",Atalanta,28,1989,7.4,12,1.64,11,0,1,0,0,1,0.14,11,0,1,0,0,0,/en/players/144607cc/matchlogs/2017-2018/gca/Jasmin-Kurtic-Match-Logs
275,Han Kwang-song,kp,FW,Cagliari,18,1998,3.1,4,1.30,3,0,0,1,0,1,0.33,3,0,0,1,0,0,/en/players/87243064/matchlogs/2017-2018/gca/Han-Kwang-song-Match-Logs
Rk,,,,,,,,,,,,,,,,,,,,,,,
276,Eugenio Lamanna,it,GK,Genoa,27,1989,1.0,0,0.00,0,0,0,0,0,0,0.00,0,0,0,0,0,0,/en/players/349601c3/matchlogs/2017-2018/gca/Eugenio-Lamanna-Match-Logs
277,Gianluca Lapadula,it,FW,Genoa,27,1990,16.6,36,2.18,18,0,5,6,7,6,0.36,18,0,5,6,7,0,/en/players/2ead2809/matchlogs/2017-2018/gca/Gianluca-Lapadula-Match-Logs
278,Danilo Larangeira,br,DF,Udinese,33,1984,30.8,10,0.32,10,0,0,0,0,0,0.00,10,0,0,0,0,0,/en/players/fed5f993/matchlogs/2017-2018/gca/Danilo-Larangeira-Match-Logs
279,Kevin Lasagna,it,"FW,MF",Udinese,24,1992,23.7,40,1.68,28,0,1,5,5,9,0.38,28,0,1,5,5,1,/en/players/09538fdb/matchlogs/2017-2018/gca/Kevin-Lasagna-Match-Logs
280,Vincent Laurini,fr,DF,Fiorentina,28,1989,17.9,33,1.84,29,4,0,0,0,3,0.17,29,4,0,0,0,0,/en/players/3535098b/matchlogs/2017-2018/gca/Vincent-Laurini-Match-Logs
281,Diego Laxalt,uy,"DF,MF",Genoa,24,1993,31.2,52,1.67,43,2,2,4,1,4,0.13,43,2,2,4,1,0,/en/players/f26e3c59/matchlogs/2017-2018/gca/Diego-Laxalt-Match-Logs
282,Achraf Lazaar,ma,"DF,MF",Benevento,25,1992,5.3,7,1.32,7,0,0,0,0,0,0.00,7,0,0,0,0,0,/en/players/957d41d2/matchlogs/2017-2018/gca/Achraf-Lazaar-Match-Logs
283,Darko Lazović,rs,"MF,DF",Genoa,26,1990,13.8,34,2.58,29,3,1,0,1,4,0.30,29,3,1,0,1,0,/en/players/5128bde4/matchlogs/2017-2018/gca/Darko-Lazovic-Match-Logs
284,Manuel Lazzari,it,"DF,MF",SPAL,23,1993,34.6,68,1.96,48,2,8,2,7,4,0.12,48,2,8,2,7,1,/en/players/02caf6e0/matchlogs/2017-2018/gca/Manuel-Lazzari-Match-Logs
285,Lucas Leiva,br,MF,Lazio,30,1987,32.0,74,2.30,67,2,2,1,2,9,0.28,67,2,2,1,2,0,/en/players/4c78b5ed/matchlogs/2017-2018/gca/Lucas-Leiva-Match-Logs
286,Mauricio Lemos,uy,DF,Sassuolo,21,1995,7.8,1,0.13,1,0,0,0,0,0,0.00,1,0,0,0,0,0,/en/players/dbe5a587/matchlogs/2017-2018/gca/Mauricio-Lemos-Match-Logs
287,Mehdi Léris,fr,"MF,FW",Chievo,19,1998,0.5,0,0.00,0,0,0,0,0,0,0.00,0,0,0,0,0,0,/en/players/7d3cbc67/matchlogs/2017-2018/gca/Mehdi-Leris-Match-Logs
288,Gaetano Letizia,it,DF,Benevento,27,1990,23.8,47,1.97,32,7,3,2,3,3,0.13,32,7,3,2,3,0,/en/players/3dd45b70/matchlogs/2017-2018/gca/Gaetano-Letizia-Match-Logs
289,Timo Letschert,nl,DF,Sassuolo,24,1993,4.6,1,0.22,1,0,0,0,0,0,0.00,1,0,0,0,0,0,/en/players/be9938ed/matchlogs/2017-2018/gca/Timo-Letschert-Match-Logs
290,Stephan Lichtsteiner,ch,DF,Juventus,33,1984,18.9,20,1.05,19,0,0,0,1,4,0.21,19,0,0,0,1,0,/en/players/99b1d0e6/matchlogs/2017-2018/gca/Stephan-Lichtsteiner-Match-Logs
291,Karol Linetty,pl,MF,Sampdoria,22,1995,23.8,60,2.53,50,1,3,3,3,8,0.34,50,1,3,3,3,0,/en/players/d023d70f/matchlogs/2017-2018/gca/Karol-Linetty-Match-Logs
292,Pol Lirola,es,"DF,MF",Sassuolo,19,1997,22.5,34,1.51,30,1,2,0,1,1,0.04,30,1,2,0,1,0,/en/players/ff800ed8/matchlogs/2017-2018/gca/Pol-Lirola-Match-Logs
293,Adem Ljajić,rs,"MF,FW",Torino,25,1991,24.1,122,5.10,77,32,7,4,2,19,0.79,77,32,7,4,2,0,/en/players/2648e18f/matchlogs/2017-2018/gca/Adem-Ljajic-Match-Logs
294,Simone Lo Faso,it,FW,Fiorentina,19,1998,0.4,3,7.94,1,0,2,0,0,0,0.00,1,0,2,0,0,0,/en/players/51c614fd/matchlogs/2017-2018/gca/Simone-Lo-Faso-Match-Logs
295,Manuel Locatelli,it,MF,Milan,19,1998,7.6,26,3.51,21,1,2,2,0,1,0.14,21,1,2,2,0,0,/en/players/a8a874f1/matchlogs/2017-2018/gca/Manuel-Locatelli-Match-Logs
296,Cristiano Lombardi,it,"DF,MF",Benevento,21,1995,12.4,21,1.70,15,1,3,1,1,3,0.24,15,1,3,1,1,0,/en/players/f124b4c9/matchlogs/2017-2018/gca/Cristiano-Lombardi-Match-Logs
297,Lisandro López,ar,DF,Inter,27,1989,0.5,0,0.00,0,0,0,0,0,0,0.00,0,0,0,0,0,0,/en/players/8320fe65/matchlogs/2017-2018/gca/Lisandro-Lopez-Match-Logs
298,Maxi López,ar,FW,Udinese,33,1984,18.7,42,2.24,32,0,3,3,4,5,0.27,32,0,3,3,4,0,/en/players/ad469944/matchlogs/2017-2018/gca/Maxi-Lopez-Match-Logs
299,Fabio Lucioni,it,DF,Benevento,29,1987,8.0,6,0.75,5,0,1,0,0,0,0.00,5,0,1,0,0,0,/en/players/8efa621b/matchlogs/2017-2018/gca/Fabio-Lucioni-Match-Logs
300,José Luis Palomino,ar,DF,Atalanta,27,1990,22.0,8,0.36,7,1,0,0,0,0,0.00,7,1,0,0,0,0,/en/players/921f6058/matchlogs/2017-2018/gca/Jose-Luis-Palomino-Match-Logs
Rk,,,,,,,,,,,,,,,,,,,,,,,
301,Everton Luiz,br,MF,SPAL,29,1988,7.1,6,0.84,6,0,0,0,0,1,0.14,6,0,0,0,0,0,/en/players/3799e138/matchlogs/2017-2018/gca/Everton-Luiz-Match-Logs
302,Jordan Lukaku,be,"DF,MF",Lazio,23,1994,15.1,41,2.75,35,1,2,1,2,8,0.54,35,1,2,1,2,0,/en/players/0cd0e21b/matchlogs/2017-2018/gca/Jordan-Lukaku-Match-Logs
303,Senad Lulić,ba,"DF,MF",Lazio,31,1986,27.0,76,2.81,59,4,3,6,4,16,0.59,59,4,3,6,4,0,/en/players/7fd58fe3/matchlogs/2017-2018/gca/Senad-Lulic-Match-Logs
304,Lyanco,br,DF,Torino,20,1997,3.5,0,0.00,0,0,0,0,0,0,0.00,0,0,0,0,0,0,/en/players/b5bf1770/matchlogs/2017-2018/gca/Lyanco-Match-Logs
305,Charalambos Lykogiannis,gr,DF,Cagliari,23,1993,7.6,3,0.39,2,0,0,1,0,2,0.26,2,0,0,1,0,0,/en/players/5efc5389/matchlogs/2017-2018/gca/Charalambos-Lykogiannis-Match-Logs
306,Christian Maggio,it,DF,Napoli,35,1982,7.1,6,0.85,4,1,0,0,1,0,0.00,4,1,0,0,1,0,/en/players/31d7f557/matchlogs/2017-2018/gca/Christian-Maggio-Match-Logs
307,Francesco Magnanelli,it,MF,Sassuolo,32,1984,27.7,64,2.30,50,12,0,0,2,1,0.04,50,12,0,0,2,0,/en/players/07767f42/matchlogs/2017-2018/gca/Francesco-Magnanelli-Match-Logs
308,Domenico Maietta,it,DF,Bologna,34,1982,5.2,1,0.19,1,0,0,0,0,0,0.00,1,0,0,0,0,0,/en/players/3d936ba9/matchlogs/2017-2018/gca/Domenico-Maietta-Match-Logs
309,Nikola Maksimović,rs,DF,Napoli,25,1991,1.1,0,0.00,0,0,0,0,0,0,0.00,0,0,0,0,0,0,/en/players/16b9d5cf/matchlogs/2017-2018/gca/Nikola-Maksimovic-Match-Logs
310,Gianluca Mancini,it,DF,Atalanta,21,1996,7.6,2,0.26,2,0,0,0,0,0,0.00,2,0,0,0,0,0,/en/players/5aa53281/matchlogs/2017-2018/gca/Gianluca-Mancini-Match-Logs
311,Rolando Mandragora,it,MF,Crotone,20,1997,36.0,52,1.44,41,6,1,2,2,7,0.19,41,6,1,2,2,0,/en/players/c7259b83/matchlogs/2017-2018/gca/Rolando-Mandragora-Match-Logs
312,Mario Mandžukić,hr,FW,Juventus,31,1986,25.8,56,2.17,46,0,0,5,5,9,0.35,46,0,0,5,5,0,/en/players/afa0d4e0/matchlogs/2017-2018/gca/Mario-Mandzukic-Match-Logs
313,Kostas Manolas,gr,DF,Roma,26,1991,26.0,14,0.54,12,1,0,0,0,2,0.08,12,1,0,0,0,1,/en/players/c707411f/matchlogs/2017-2018/gca/Kostas-Manolas-Match-Logs
314,Gabriele Marchegiani,it,GK,SPAL,21,1996,0.0,0,,0,0,0,0,0,0,,0,0,0,0,0,0,/en/players/8cf63012/matchlogs/2017-2018/gca/Gabriele-Marchegiani-Match-Logs
315,Claudio Marchisio,it,MF,Juventus,31,1986,9.1,27,2.97,22,1,1,2,1,4,0.44,22,1,1,2,1,0,/en/players/e304acd5/matchlogs/2017-2018/gca/Claudio-Marchisio-Match-Logs
316,Gian Marco Ferrari,it,DF,Sampdoria,25,1992,29.4,13,0.44,12,0,0,0,1,1,0.03,12,0,0,0,1,0,/en/players/8650af85/matchlogs/2017-2018/gca/Gian-Marco-Ferrari-Match-Logs
317,João Mário,pt,"MF,FW",Inter,24,1993,6.2,35,5.75,24,6,2,1,2,8,1.31,24,6,2,1,2,0,/en/players/f0021247/matchlogs/2017-2018/gca/Joao-Mario-Match-Logs
318,Bruno Martella,it,DF,Crotone,24,1992,29.1,40,1.37,36,4,0,0,0,4,0.14,36,4,0,0,0,0,/en/players/1e12c53b/matchlogs/2017-2018/gca/Bruno-Martella-Match-Logs
319,Adam Marušić,me,"DF,MF",Lazio,24,1992,28.0,71,2.53,56,3,5,5,2,11,0.39,56,3,5,5,2,0,/en/players/d4535821/matchlogs/2017-2018/gca/Adam-Marusic-Match-Logs
320,Andrea Masiello,it,DF,Atalanta,31,1986,30.1,28,0.93,23,1,0,4,0,4,0.13,23,1,0,4,0,0,/en/players/e0314d87/matchlogs/2017-2018/gca/Andrea-Masiello-Match-Logs
321,Adam Masina,it,DF,Bologna,23,1994,31.4,47,1.49,41,0,0,5,1,5,0.16,41,0,0,5,1,0,/en/players/de0f152c/matchlogs/2017-2018/gca/Adam-Masina-Match-Logs
322,Ryder Matos,br,MF,Udinese,24,1993,1.9,4,2.13,4,0,0,0,0,1,0.53,4,0,0,0,0,0,/en/players/7280b54f/matchlogs/2017-2018/gca/Ryder-Matos-Match-Logs
323,Ryder Matos,br,"FW,MF",Hellas Verona,24,1993,10.9,18,1.65,11,0,2,0,5,2,0.18,11,0,2,0,5,0,/en/players/7280b54f/matchlogs/2017-2018/gca/Ryder-Matos-Match-Logs
324,Alessandro Matri,it,FW,Sassuolo,32,1984,10.2,20,2.00,12,0,1,2,5,1,0.10,12,0,1,2,5,0,/en/players/58d97e77/matchlogs/2017-2018/gca/Alessandro-Matri-Match-Logs
325,Federico Mattiello,it,DF,SPAL,22,1995,24.5,29,1.20,18,2,3,2,4,3,0.12,18,2,3,2,4,0,/en/players/fba81826/matchlogs/2017-2018/gca/Federico-Mattiello-Match-Logs
Rk,,,,,,,,,,,,,,,,,,,,,,,
326,Blaise Matuidi,fr,MF,Juventus,30,1987,26.2,35,1.34,31,0,0,2,2,2,0.08,31,0,0,2,2,0,/en/players/c0cddebe/matchlogs/2017-2018/gca/Blaise-Matuidi-Match-Logs
327,José Mauri,it,MF,Milan,21,1996,0.1,0,0.00,0,0,0,0,0,0,0.00,0,0,0,0,0,0,/en/players/644faf10/matchlogs/2017-2018/gca/Jose-Mauri-Match-Logs
328,Maurício,br,DF,Lazio,28,1988,0.1,0,0.00,0,0,0,0,0,0,0.00,0,0,0,0,0,0,/en/players/d5bd1abc/matchlogs/2017-2018/gca/Mauricio-Match-Logs
329,Luca Mazzitelli,it,MF,Sassuolo,21,1995,11.3,26,2.31,20,3,1,1,1,3,0.27,20,3,1,1,1,0,/en/players/dc61b402/matchlogs/2017-2018/gca/Luca-Mazzitelli-Match-Logs
330,Ibrahima Mbaye,sn,DF,Bologna,22,1994,19.6,13,0.67,10,1,0,0,2,2,0.10,10,1,0,0,2,0,/en/players/cfbf9881/matchlogs/2017-2018/gca/Ibrahima-Mbaye-Match-Logs
331,Iuri Medeiros,pt,"FW,MF",Genoa,23,1994,7.1,25,3.51,15,7,1,1,1,2,0.28,15,7,1,1,1,0,/en/players/97e2aa67/matchlogs/2017-2018/gca/Iuri-Medeiros-Match-Logs
332,Riccardo Meggiorini,it,FW,Chievo,31,1985,8.7,11,1.26,6,0,3,1,1,1,0.11,6,0,3,1,1,0,/en/players/2ec0f902/matchlogs/2017-2018/gca/Riccardo-Meggiorini-Match-Logs
333,Ledian Memushaj,al,MF,Benevento,30,1986,14.0,38,2.71,32,2,1,3,0,0,0.00,32,2,1,3,0,0,/en/players/8011fcf6/matchlogs/2017-2018/gca/Ledian-Memushaj-Match-Logs
334,Alex Meret,it,GK,SPAL,20,1997,12.9,1,0.08,1,0,0,0,0,0,0.00,1,0,0,0,0,0,/en/players/9413b19f/matchlogs/2017-2018/gca/Alex-Meret-Match-Logs
335,Dries Mertens,be,FW,Napoli,30,1987,33.4,131,3.91,97,0,12,10,11,16,0.48,97,0,12,10,11,1,/en/players/89b2c8a9/matchlogs/2017-2018/gca/Dries-Mertens-Match-Logs
336,Senna Miangue,be,"MF,DF",Cagliari,20,1997,8.9,16,1.80,12,4,0,0,0,1,0.11,12,4,0,0,0,0,/en/players/42591ed0/matchlogs/2017-2018/gca/Senna-Miangue-Match-Logs
337,Francesco Migliore,it,DF,Genoa,29,1988,3.7,4,1.10,4,0,0,0,0,0,0.00,4,0,0,0,0,0,/en/players/1a584cb2/matchlogs/2017-2018/gca/Francesco-Migliore-Match-Logs
338,Nikola Milenković,rs,DF,Fiorentina,19,1997,13.9,10,0.72,9,0,0,0,1,0,0.00,9,0,0,0,1,0,/en/players/bee704fc/matchlogs/2017-2018/gca/Nikola-Milenkovic-Match-Logs
339,Arkadiusz Milik,pl,"FW,MF",Napoli,23,1994,5.0,14,2.87,13,0,0,0,1,1,0.21,13,0,0,0,1,0,/en/players/85613cf0/matchlogs/2017-2018/gca/Arkadiusz-Milik-Match-Logs
340,Sergej Milinković-Savić,rs,MF,Lazio,22,1995,31.6,104,3.28,88,1,7,3,5,11,0.35,88,1,7,3,5,0,/en/players/4e6dbac4/matchlogs/2017-2018/gca/Sergej-Milinkovic-Savic-Match-Logs
341,Vanja Milinković-Savić,rs,GK,Torino,20,1997,1.0,0,0.00,0,0,0,0,0,0,0.00,0,0,0,0,0,0,/en/players/9fa26bc2/matchlogs/2017-2018/gca/Vanja-Milinkovic-Savic-Match-Logs
342,Miranda,br,DF,Inter,32,1984,30.3,12,0.40,10,0,1,1,0,0,0.00,10,0,1,1,0,0,/en/players/314f2124/matchlogs/2017-2018/gca/Miranda-Match-Logs
343,Antonio Mirante,it,GK,Bologna,34,1983,33.0,6,0.18,5,1,0,0,0,1,0.03,5,1,0,0,0,0,/en/players/30223b33/matchlogs/2017-2018/gca/Antonio-Mirante-Match-Logs
344,Simone Missiroli,it,MF,Sassuolo,31,1986,32.4,63,1.94,54,1,2,5,1,5,0.15,54,1,2,5,1,0,/en/players/331c0a43/matchlogs/2017-2018/gca/Simone-Missiroli-Match-Logs
345,Cristian Molinaro,it,DF,Torino,34,1983,17.4,19,1.09,17,1,1,0,0,2,0.12,17,1,1,0,0,0,/en/players/1c8c5aed/matchlogs/2017-2018/gca/Cristian-Molinaro-Match-Logs
346,Riccardo Montolivo,it,MF,Milan,32,1985,12.1,31,2.56,30,0,0,0,1,1,0.08,30,0,0,0,1,0,/en/players/b746d309/matchlogs/2017-2018/gca/Riccardo-Montolivo-Match-Logs
347,Luca Mora,it,MF,SPAL,29,1988,10.4,11,1.06,10,0,0,0,1,1,0.10,10,0,0,0,1,0,/en/players/42fff925/matchlogs/2017-2018/gca/Luca-Mora-Match-Logs
348,Héctor Moreno,mx,DF,Roma,29,1988,2.6,3,1.19,3,0,0,0,0,0,0.00,3,0,0,0,0,0,/en/players/5d311e8d/matchlogs/2017-2018/gca/Hector-Moreno-Match-Logs
349,Emiliano Moretti,it,DF,Torino,36,1981,19.8,5,0.25,5,0,0,0,0,0,0.00,5,0,0,0,0,0,/en/players/55667895/matchlogs/2017-2018/gca/Emiliano-Moretti-Match-Logs
350,Alessandro Murgia,it,MF,Lazio,20,1996,8.6,16,1.86,12,0,1,1,2,0,0.00,12,0,1,1,2,0,/en/players/fb2c533b/matchlogs/2017-2018/gca/Alessandro-Murgia-Match-Logs
Rk,,,,,,,,,,,,,,,,,,,,,,,
351,Nicola Murru,it,DF,Sampdoria,22,1994,16.1,24,1.49,19,3,1,0,1,2,0.12,19,3,1,0,1,0,/en/players/d183e9d6/matchlogs/2017-2018/gca/Nicola-Murru-Match-Logs
352,Mateo Musacchio,ar,DF,Milan,26,1990,13.4,16,1.20,16,0,0,0,0,2,0.15,16,0,0,0,0,0,/en/players/91899ca8/matchlogs/2017-2018/gca/Mateo-Musacchio-Match-Logs
353,Yuto Nagatomo,jp,DF,Inter,30,1986,8.8,16,1.82,13,0,1,2,0,2,0.23,13,0,1,2,0,0,/en/players/4b6960d2/matchlogs/2017-2018/gca/Yuto-Nagatomo-Match-Logs
354,Ádám Nagy,hu,MF,Bologna,22,1995,7.9,9,1.14,6,0,0,0,2,1,0.13,6,0,0,0,2,1,/en/players/788b31e2/matchlogs/2017-2018/gca/Adam-Nagy-Match-Logs
355,Radja Nainggolan,be,MF,Roma,29,1988,29.0,106,3.64,88,1,7,4,6,17,0.58,88,1,7,4,6,0,/en/players/1f9328da/matchlogs/2017-2018/gca/Radja-Nainggolan-Match-Logs
356,Andrea Nalini,it,"FW,MF",Crotone,27,1990,18.2,33,1.81,27,1,2,1,2,6,0.33,27,1,2,1,2,0,/en/players/65c75ea8/matchlogs/2017-2018/gca/Andrea-Nalini-Match-Logs
357,Nani,pt,"MF,FW",Lazio,30,1986,4.3,20,4.85,12,3,3,0,2,7,1.70,12,3,3,0,2,0,/en/players/15e9c7e6/matchlogs/2017-2018/gca/Nani-Match-Logs
358,M'Baye Niang,sn,FW,Torino,22,1994,17.0,45,2.63,32,4,5,2,2,4,0.23,32,4,5,2,2,0,/en/players/2054d037/matchlogs/2017-2018/gca/MBaye-Niang-Match-Logs
359,Nicolas Nkoulou,cm,DF,Torino,27,1990,36.2,13,0.36,12,0,1,0,0,1,0.03,12,0,1,0,0,0,/en/players/93cf32a8/matchlogs/2017-2018/gca/Nicolas-Nkoulou-Match-Logs
360,Bram Nuytinck,nl,DF,Udinese,27,1990,26.2,9,0.34,5,0,0,4,0,4,0.15,5,0,0,4,0,0,/en/players/e33f36d5/matchlogs/2017-2018/gca/Bram-Nuytinck-Match-Logs
361,Simeon Nwankwo,ng,FW,Crotone,25,1992,13.5,33,2.46,27,0,1,4,1,4,0.30,27,0,1,4,1,0,/en/players/80dbbd10/matchlogs/2017-2018/gca/Simeon-Nwankwo-Match-Logs
362,Joel Obi,ng,MF,Torino,26,1991,13.9,16,1.20,12,2,0,1,1,2,0.15,12,2,0,1,1,0,/en/players/614c38fb/matchlogs/2017-2018/gca/Joel-Obi-Match-Logs
363,Marios Oikonomou,gr,DF,SPAL,24,1992,1.9,1,0.52,1,0,0,0,0,0,0.00,1,0,0,0,0,0,/en/players/3b9858f5/matchlogs/2017-2018/gca/Marios-Oikonomou-Match-Logs
364,Orji Okwonkwo,ng,"MF,FW",Bologna,19,1998,2.9,0,0.00,0,0,0,0,0,0,0.00,0,0,0,0,0,0,/en/players/905a4f61/matchlogs/2017-2018/gca/Orji-Okwonkwo-Match-Logs
365,Maximiliano Olivera,uy,DF,Fiorentina,25,1992,4.6,7,1.54,5,1,1,0,0,0,0.00,5,1,1,0,0,0,/en/players/32a33c68/matchlogs/2017-2018/gca/Maximiliano-Olivera-Match-Logs
366,Stephane Omeonga,be,"MF,DF",Genoa,21,1996,8.9,19,2.18,14,0,2,2,1,0,0.00,14,0,2,2,1,0,/en/players/72c803a0/matchlogs/2017-2018/gca/Stephane-Omeonga-Match-Logs
367,Riccardo Orsolini,it,"FW,DF",Bologna,20,1997,3.8,5,1.33,5,0,0,0,0,0,0.00,5,0,0,0,0,0,/en/players/e14ec482/matchlogs/2017-2018/gca/Riccardo-Orsolini-Match-Logs
368,Riccardo Orsolini,it,"FW,MF",Atalanta,20,1997,1.4,7,5.38,5,1,0,0,1,1,0.77,5,1,0,0,1,0,/en/players/e14ec482/matchlogs/2017-2018/gca/Riccardo-Orsolini-Match-Logs
369,Adam Ounas,dz,"FW,MF",Napoli,20,1996,1.1,9,9.10,5,0,2,1,1,2,2.02,5,0,2,1,1,0,/en/players/ed90babd/matchlogs/2017-2018/gca/Adam-Ounas-Match-Logs
370,Simone Padoin,it,"DF,MF",Cagliari,33,1984,34.5,55,1.59,44,6,1,3,1,2,0.06,44,6,1,3,1,0,/en/players/5eb72339/matchlogs/2017-2018/gca/Simone-Padoin-Match-Logs
371,Rodrigo Palacio,ar,"FW,MF",Bologna,35,1982,22.9,59,2.57,44,1,3,3,8,5,0.22,44,1,3,3,8,0,/en/players/8d8178ac/matchlogs/2017-2018/gca/Rodrigo-Palacio-Match-Logs
372,Raffaele Palladino,it,"FW,MF",Genoa,33,1984,2.6,9,3.52,8,0,1,0,0,0,0.00,8,0,1,0,0,0,/en/players/961a4174/matchlogs/2017-2018/gca/Raffaele-Palladino-Match-Logs
373,Emerson Palmieri,it,DF,Roma,22,1994,0.2,0,0.00,0,0,0,0,0,0,0.00,0,0,0,0,0,0,/en/players/e0bc6fdc/matchlogs/2017-2018/gca/Emerson-Palmieri-Match-Logs
374,Simone Palombi,it,FW,Lazio,21,1996,0.7,2,2.69,2,0,0,0,0,0,0.00,2,0,0,0,0,0,/en/players/d0e6399c/matchlogs/2017-2018/gca/Simone-Palombi-Match-Logs
375,Alberto Paloschi,it,FW,SPAL,27,1990,24.3,35,1.44,26,0,5,0,4,5,0.21,26,0,5,0,4,0,/en/players/b5cae4e6/matchlogs/2017-2018/gca/Alberto-Paloschi-Match-Logs
Rk,,,,,,,,,,,,,,,,,,,,,,,
376,Goran Pandev,mk,"FW,MF",Genoa,34,1983,20.0,72,3.57,55,0,8,6,3,6,0.30,55,0,8,6,3,0,/en/players/d711d04f/matchlogs/2017-2018/gca/Goran-Pandev-Match-Logs
377,Vittorio Parigini,it,"FW,MF",Benevento,21,1996,9.5,29,3.05,24,0,4,0,1,0,0.00,24,0,4,0,1,0,/en/players/75efed2e/matchlogs/2017-2018/gca/Vittorio-Parigini-Match-Logs
378,Marco Parolo,it,MF,Lazio,32,1985,29.0,68,2.34,56,1,0,9,1,9,0.31,56,1,0,9,1,1,/en/players/ed5886d2/matchlogs/2017-2018/gca/Marco-Parolo-Match-Logs
379,Patric,es,"DF,MF",Lazio,24,1993,6.6,9,1.64,9,0,0,0,0,2,0.36,9,0,0,0,0,0,/en/players/f7223718/matchlogs/2017-2018/gca/Patric-Match-Logs
380,Daniel Pavlović,ba,DF,Sampdoria,29,1988,1.0,2,2.00,2,0,0,0,0,0,0.00,2,0,0,0,0,0,/en/players/47146acb/matchlogs/2017-2018/gca/Daniel-Pavlovic-Match-Logs
381,Daniel Pavlović,ba,"DF,MF",Crotone,29,1988,8.4,14,1.67,4,10,0,0,0,0,0.00,4,10,0,0,0,0,/en/players/47146acb/matchlogs/2017-2018/gca/Daniel-Pavlovic-Match-Logs
382,Leonardo Pavoletti,it,FW,Cagliari,28,1988,30.2,43,1.42,36,0,0,5,2,4,0.13,36,0,0,5,2,0,/en/players/d37b0350/matchlogs/2017-2018/gca/Leonardo-Pavoletti-Match-Logs
383,Giampaolo Pazzini,it,FW,Hellas Verona,32,1984,11.0,16,1.55,11,0,0,4,1,0,0.00,11,0,0,4,1,0,/en/players/6ca663b4/matchlogs/2017-2018/gca/Giampaolo-Pazzini-Match-Logs
384,João Pedro,br,"MF,FW",Cagliari,25,1992,18.4,39,2.11,25,4,4,2,4,2,0.11,25,4,4,2,4,0,/en/players/81255c03/matchlogs/2017-2018/gca/Joao-Pedro-Match-Logs
385,Gianluca Pegolo,it,GK,Sassuolo,36,1981,1.2,0,0.00,0,0,0,0,0,0,0.00,0,0,0,0,0,0,/en/players/f058ed1f/matchlogs/2017-2018/gca/Gianluca-Pegolo-Match-Logs
386,Pietro Pellegri,it,FW,Genoa,16,2001,3.1,5,1.61,4,0,0,1,0,0,0.00,4,0,0,1,0,0,/en/players/a44d3a3c/matchlogs/2017-2018/gca/Pietro-Pellegri-Match-Logs
387,Lorenzo Pellegrini,it,MF,Roma,21,1996,20.0,78,3.88,55,16,2,1,4,6,0.30,55,16,2,1,4,0,/en/players/4a5a45c7/matchlogs/2017-2018/gca/Lorenzo-Pellegrini-Match-Logs
388,Sergio Pellissier,it,FW,Chievo,38,1979,6.2,19,3.15,14,0,0,2,3,2,0.33,14,0,0,2,3,0,/en/players/878ee034/matchlogs/2017-2018/gca/Sergio-Pellissier-Match-Logs
389,Federico Peluso,it,DF,Sassuolo,33,1984,28.8,27,0.94,19,4,0,3,1,2,0.07,19,4,0,3,1,0,/en/players/4f2908e5/matchlogs/2017-2018/gca/Federico-Peluso-Match-Logs
390,Pedro Pereira,pt,DF,Genoa,19,1998,4.2,6,1.41,4,1,0,1,0,0,0.00,4,1,0,1,0,0,/en/players/c77be0cf/matchlogs/2017-2018/gca/Pedro-Pereira-Match-Logs
391,Bruno Peres,br,DF,Roma,27,1990,12.8,26,2.03,19,2,2,0,2,1,0.08,19,2,2,0,2,1,/en/players/852351df/matchlogs/2017-2018/gca/Bruno-Peres-Match-Logs
392,Stipe Perica,hr,"FW,MF",Udinese,22,1995,10.5,26,2.50,15,0,4,4,3,2,0.19,15,0,4,4,3,0,/en/players/269b4638/matchlogs/2017-2018/gca/Stipe-Perica-Match-Logs
393,Mattia Perin,it,GK,Genoa,24,1992,37.0,4,0.11,3,0,0,0,1,0,0.00,3,0,0,0,1,0,/en/players/4c62d0c8/matchlogs/2017-2018/gca/Mattia-Perin-Match-Logs
394,Ivan Perišić,hr,FW,Inter,28,1989,36.8,128,3.47,105,4,6,12,1,14,0.38,105,4,6,12,1,0,/en/players/6fe90922/matchlogs/2017-2018/gca/Ivan-Perisic-Match-Logs
395,Diego Perotti,ar,"FW,MF",Roma,29,1988,17.9,85,4.76,56,13,7,3,6,7,0.39,56,13,7,3,6,0,/en/players/a40d5a0c/matchlogs/2017-2018/gca/Diego-Perotti-Match-Logs
396,Andrea Petagna,it,FW,Atalanta,22,1995,18.0,53,2.93,42,0,2,7,2,11,0.61,42,0,2,7,2,0,/en/players/03f946ed/matchlogs/2017-2018/gca/Andrea-Petagna-Match-Logs
397,Bruno Petković,hr,FW,Bologna,22,1994,3.7,11,3.04,6,0,2,0,3,1,0.28,6,0,2,0,3,0,/en/players/24228180/matchlogs/2017-2018/gca/Bruno-Petkovic-Match-Logs
398,Bruno Petković,hr,"FW,MF",Hellas Verona,22,1994,10.2,22,2.15,12,0,6,2,2,4,0.39,12,0,6,2,2,0,/en/players/24228180/matchlogs/2017-2018/gca/Bruno-Petkovic-Match-Logs
399,Germán Pezzella,ar,DF,Fiorentina,26,1991,33.1,21,0.63,18,0,1,1,1,1,0.03,18,0,1,1,1,0,/en/players/8c725b43/matchlogs/2017-2018/gca/German-Pezzella-Match-Logs
400,Giuseppe Pezzella,it,DF,Udinese,19,1997,10.0,19,1.89,16,1,1,0,0,2,0.20,16,1,1,0,0,1,/en/players/149c5f5d/matchlogs/2017-2018/gca/Giuseppe-Pezzella-Match-Logs
Rk,,,,,,,,,,,,,,,,,,,,,,,
401,Nicholas Pierini,it,"FW,MF",Sassuolo,18,1998,0.5,0,0.00,0,0,0,0,0,0,0.00,0,0,0,0,0,0,/en/players/7cc89a5f/matchlogs/2017-2018/gca/Nicholas-Pierini-Match-Logs
402,Andrea Pinamonti,it,FW,Inter,18,1999,0.2,0,0.00,0,0,0,0,0,0,0.00,0,0,0,0,0,0,/en/players/08aa9cd1/matchlogs/2017-2018/gca/Andrea-Pinamonti-Match-Logs
403,Carlo Pinsoglio,it,GK,Juventus,27,1990,0.3,0,0.00,0,0,0,0,0,0,0.00,0,0,0,0,0,0,/en/players/f6a06749/matchlogs/2017-2018/gca/Carlo-Pinsoglio-Match-Logs
404,Fabio Pisacane,it,DF,Cagliari,31,1986,21.4,10,0.47,10,0,0,0,0,0,0.00,10,0,0,0,0,0,/en/players/56400c01/matchlogs/2017-2018/gca/Fabio-Pisacane-Match-Logs
405,Miralem Pjanić,ba,MF,Juventus,27,1990,27.6,110,3.98,69,34,3,2,2,16,0.58,69,34,3,2,2,0,/en/players/ad6df2d5/matchlogs/2017-2018/gca/Miralem-Pjanic-Match-Logs
406,Andrea Poli,it,MF,Bologna,27,1989,28.3,40,1.41,29,0,3,2,6,2,0.07,29,0,3,2,6,0,/en/players/b3fd7075/matchlogs/2017-2018/gca/Andrea-Poli-Match-Logs
407,Matteo Politano,it,FW,Sassuolo,23,1993,31.2,131,4.16,80,22,11,10,8,11,0.35,80,22,11,10,8,0,/en/players/5e861944/matchlogs/2017-2018/gca/Matteo-Politano-Match-Logs
408,Simone Pontisso,it,MF,Udinese,20,1997,0.1,0,0.00,0,0,0,0,0,0,0.00,0,0,0,0,0,0,/en/players/8a2d3fdb/matchlogs/2017-2018/gca/Simone-Pontisso-Match-Logs
409,Dennis Praet,be,MF,Sampdoria,23,1994,29.5,75,2.53,57,2,7,4,5,9,0.30,57,2,7,4,5,0,/en/players/86695068/matchlogs/2017-2018/gca/Dennis-Praet-Match-Logs
410,Manuel Pucciarelli,it,FW,Chievo,26,1991,15.3,30,1.95,27,0,1,1,1,1,0.06,27,0,1,1,1,0,/en/players/a1c7b425/matchlogs/2017-2018/gca/Manuel-Pucciarelli-Match-Logs
411,Christian Puggioni,it,GK,Benevento,36,1981,13.1,0,0.00,0,0,0,0,0,0,0.00,0,0,0,0,0,0,/en/players/b39dfab0/matchlogs/2017-2018/gca/Christian-Puggioni-Match-Logs
412,Christian Puggioni,it,GK,Sampdoria,36,1981,9.0,1,0.11,1,0,0,0,0,0,0.00,1,0,0,0,0,0,/en/players/b39dfab0/matchlogs/2017-2018/gca/Christian-Puggioni-Match-Logs
413,Erick Pulgar,cl,MF,Bologna,23,1994,30.8,43,1.40,28,8,1,2,4,2,0.06,28,8,1,2,4,0,/en/players/4611e028/matchlogs/2017-2018/gca/Erick-Pulgar-Match-Logs
414,George Pușcaș,ro,"FW,MF",Benevento,21,1996,7.8,17,2.18,13,0,1,1,2,0,0.00,13,0,1,1,2,0,/en/players/c23c8e0d/matchlogs/2017-2018/gca/George-Puscas-Match-Logs
415,Fabio Quagliarella,it,FW,Sampdoria,34,1983,30.2,74,2.44,56,0,8,6,4,12,0.40,56,0,8,6,4,0,/en/players/ee4f2f3b/matchlogs/2017-2018/gca/Fabio-Quagliarella-Match-Logs
416,Ivan Radovanović,rs,MF,Chievo,28,1988,34.9,38,1.09,35,1,0,2,0,5,0.14,35,1,0,2,0,0,/en/players/023937a9/matchlogs/2017-2018/gca/Ivan-Radovanovic-Match-Logs
417,Ștefan Radu,ro,DF,Lazio,30,1986,28.8,20,0.69,20,0,0,0,0,3,0.10,20,0,0,0,0,0,/en/players/53de807a/matchlogs/2017-2018/gca/Stefan-Radu-Match-Logs
418,Rafael,br,GK,Cagliari,35,1982,8.8,0,0.00,0,0,0,0,0,0,0.00,0,0,0,0,0,0,/en/players/dd06d56c/matchlogs/2017-2018/gca/Rafael-Match-Logs
419,Rafinha,br,"MF,FW",Inter,24,1993,11.6,54,4.64,44,0,4,2,4,8,0.69,44,0,4,2,4,0,/en/players/0c2ac3cb/matchlogs/2017-2018/gca/Rafinha-Match-Logs
420,Antonino Ragusa,it,"FW,MF",Sassuolo,27,1990,9.2,30,3.34,18,0,5,2,5,2,0.22,18,0,5,2,5,0,/en/players/e967e202/matchlogs/2017-2018/gca/Antonino-Ragusa-Match-Logs
421,Gastón Ramírez,uy,"MF,FW",Sampdoria,26,1990,24.6,94,3.80,55,11,10,5,13,13,0.53,55,11,10,5,13,0,/en/players/2c851997/matchlogs/2017-2018/gca/Gaston-Ramirez-Match-Logs
422,Andrea Ranocchia,it,DF,Inter,29,1988,7.0,0,0.00,0,0,0,0,0,0,0.00,0,0,0,0,0,0,/en/players/539230cf/matchlogs/2017-2018/gca/Andrea-Ranocchia-Match-Logs
423,Vasco Regini,it,DF,Sampdoria,26,1990,12.0,6,0.50,4,1,0,1,0,0,0.00,4,1,0,1,0,0,/en/players/339c6ed4/matchlogs/2017-2018/gca/Vasco-Regini-Match-Logs
424,Pepe Reina,es,GK,Napoli,34,1982,37.0,5,0.14,4,1,0,0,0,0,0.00,4,1,0,0,0,0,/en/players/e358587b/matchlogs/2017-2018/gca/Pepe-Reina-Match-Logs
425,Federico Ricci,it,"FW,MF",Crotone,23,1994,10.2,22,2.15,10,6,4,1,1,2,0.20,10,6,4,1,1,0,/en/players/524eb8c5/matchlogs/2017-2018/gca/Federico-Ricci-Match-Logs
Rk,,,,,,,,,,,,,,,,,,,,,,,
426,Federico Ricci,it,"FW,MF",Genoa,23,1994,2.4,8,3.36,7,1,0,0,0,0,0.00,7,1,0,0,0,0,/en/players/524eb8c5/matchlogs/2017-2018/gca/Federico-Ricci-Match-Logs
427,Luca Rigoni,it,"MF,FW",Genoa,32,1984,17.5,24,1.37,20,0,2,2,0,2,0.11,20,0,2,2,0,0,/en/players/4dba2a97/matchlogs/2017-2018/gca/Luca-Rigoni-Match-Logs
428,Nicola Rigoni,it,MF,Chievo,26,1990,10.4,12,1.16,10,0,0,1,1,0,0.00,10,0,0,1,1,0,/en/players/e327bd76/matchlogs/2017-2018/gca/Nicola-Rigoni-Match-Logs
429,Tomás Rincón,ve,MF,Torino,29,1988,33.3,46,1.38,44,0,1,0,1,3,0.09,44,0,1,0,1,0,/en/players/f1cfc209/matchlogs/2017-2018/gca/Tomas-Rincon-Match-Logs
430,Luca Rizzo,it,MF,SPAL,25,1992,5.4,13,2.42,6,3,4,0,0,0,0.00,6,3,4,0,0,0,/en/players/a3e4b724/matchlogs/2017-2018/gca/Luca-Rizzo-Match-Logs
431,Ricardo Rodríguez,ch,DF,Milan,24,1992,33.4,49,1.47,41,4,1,1,2,2,0.06,41,4,1,1,2,0,/en/players/7f78ad23/matchlogs/2017-2018/gca/Ricardo-Rodriguez-Match-Logs
432,Marko Rog,hr,"FW,MF",Napoli,22,1995,3.2,12,4.22,11,0,1,0,0,0,0.00,11,0,1,0,0,0,/en/players/b6b2b820/matchlogs/2017-2018/gca/Marko-Rog-Match-Logs
433,Rogério,br,"DF,MF",Sassuolo,19,1998,10.1,11,1.09,10,0,1,0,0,0,0.00,10,0,1,0,0,0,/en/players/10e7f486/matchlogs/2017-2018/gca/Rogerio-Match-Logs
434,Marcus Rohdén,se,MF,Crotone,26,1991,18.1,21,1.16,18,0,1,2,0,0,0.00,18,0,1,2,0,0,/en/players/b5b27493/matchlogs/2017-2018/gca/Marcus-Rohden-Match-Logs
435,Filippo Romagna,it,DF,Cagliari,20,1997,21.0,10,0.48,8,0,1,1,0,1,0.05,8,0,1,1,0,0,/en/players/84594618/matchlogs/2017-2018/gca/Filippo-Romagna-Match-Logs
436,Alessio Romagnoli,it,DF,Milan,22,1995,26.1,19,0.73,15,0,1,3,0,2,0.08,15,0,1,3,0,0,/en/players/3ead85f9/matchlogs/2017-2018/gca/Alessio-Romagnoli-Match-Logs
437,Simone Romagnoli,it,DF,Bologna,27,1990,6.2,3,0.49,3,0,0,0,0,0,0.00,3,0,0,0,0,0,/en/players/09899de8/matchlogs/2017-2018/gca/Simone-Romagnoli-Match-Logs
438,Aristóteles Romero,ve,MF,Crotone,21,1995,1.0,3,3.38,2,0,0,1,0,0,0.00,2,0,0,1,0,0,/en/players/9f069180/matchlogs/2017-2018/gca/Aristoteles-Romero-Match-Logs
439,Rômulo,it,"MF,DF",Hellas Verona,30,1987,35.2,76,2.16,48,16,5,2,5,8,0.23,48,16,5,2,5,0,/en/players/07abb358/matchlogs/2017-2018/gca/Romulo-Match-Logs
440,Marten de Roon,nl,MF,Atalanta,26,1991,28.6,53,1.86,47,0,1,3,2,7,0.25,47,0,1,3,2,0,/en/players/2a1beb34/matchlogs/2017-2018/gca/Marten-de-Roon-Match-Logs
441,Aleandro Rosi,it,"DF,MF",Genoa,30,1987,18.9,17,0.90,15,1,0,1,0,0,0.00,15,1,0,1,0,0,/en/players/1b729ba2/matchlogs/2017-2018/gca/Aleandro-Rosi-Match-Logs
442,Luca Rossettini,it,DF,Genoa,32,1985,22.5,8,0.36,7,0,0,1,0,0,0.00,7,0,0,1,0,0,/en/players/47a500ae/matchlogs/2017-2018/gca/Luca-Rossettini-Match-Logs
443,Francesco Rossi,it,GK,Atalanta,26,1991,0.1,0,0.00,0,0,0,0,0,0,0.00,0,0,0,0,0,0,/en/players/7b5f516f/matchlogs/2017-2018/gca/Francesco-Rossi-Match-Logs
444,Giuseppe Rossi,it,"FW,MF",Genoa,30,1987,2.9,7,2.49,3,0,2,1,1,0,0.00,3,0,2,1,1,0,/en/players/fe48a073/matchlogs/2017-2018/gca/Giuseppe-Rossi-Match-Logs
445,Daniele Rugani,it,DF,Juventus,23,1994,21.5,9,0.42,7,0,0,1,1,3,0.14,7,0,0,1,1,0,/en/players/14b8fcdf/matchlogs/2017-2018/gca/Daniele-Rugani-Match-Logs
446,Mário Rui,pt,DF,Napoli,26,1991,23.2,55,2.37,41,7,4,1,1,7,0.30,41,7,4,1,1,1,/en/players/0b5a292a/matchlogs/2017-2018/gca/Mario-Rui-Match-Logs
447,Umar Sadiq,ng,FW,Torino,20,1997,2.5,5,2.00,3,0,0,1,1,0,0.00,3,0,0,1,1,0,/en/players/686cbe7d/matchlogs/2017-2018/gca/Umar-Sadiq-Match-Logs
448,Bacary Sagna,fr,DF,Benevento,34,1983,10.6,16,1.51,12,2,0,1,1,0,0.00,12,2,0,1,1,0,/en/players/6ef56efd/matchlogs/2017-2018/gca/Bacary-Sagna-Match-Logs
449,Jacopo Sala,it,DF,Sampdoria,25,1991,11.0,13,1.18,11,2,0,0,0,1,0.09,11,2,0,0,0,0,/en/players/da5a981b/matchlogs/2017-2018/gca/Jacopo-Sala-Match-Logs
450,Bartosz Salamon,pl,DF,SPAL,26,1991,19.2,10,0.52,9,0,1,0,0,1,0.05,9,0,1,0,0,0,/en/players/9b30df1e/matchlogs/2017-2018/gca/Bartosz-Salamon-Match-Logs
Rk,,,,,,,,,,,,,,,,,,,,,,,
451,Eddy Salcedo,it,"MF,FW",Genoa,15,2001,0.4,0,0.00,0,0,0,0,0,0,0.00,0,0,0,0,0,0,/en/players/0489bb30/matchlogs/2017-2018/gca/Eddy-Salcedo-Match-Logs
452,Mario Sampirisi,it,DF,Crotone,24,1992,24.4,19,0.78,18,1,0,0,0,2,0.08,18,1,0,0,0,0,/en/players/cda2ec29/matchlogs/2017-2018/gca/Mario-Sampirisi-Match-Logs
453,Carlos Sánchez,co,"MF,FW",Fiorentina,31,1986,4.1,0,0.00,0,0,0,0,0,0,0.00,0,0,0,0,0,0,/en/players/50b51fac/matchlogs/2017-2018/gca/Carlos-Sanchez-Match-Logs
454,Sandro,br,MF,Benevento,28,1989,12.8,15,1.17,14,0,1,0,0,1,0.08,14,0,1,0,0,0,/en/players/c1c2c925/matchlogs/2017-2018/gca/Sandro-Match-Logs
455,Alex Sandro,br,DF,Juventus,26,1991,23.5,60,2.55,51,1,2,2,4,6,0.26,51,1,2,2,4,0,/en/players/0d82903c/matchlogs/2017-2018/gca/Alex-Sandro-Match-Logs
456,Siriki Sanogo,ci,MF,Benevento,15,2001,0.4,0,0.00,0,0,0,0,0,0,0.00,0,0,0,0,0,0,/en/players/ff120e44/matchlogs/2017-2018/gca/Siriki-Sanogo-Match-Logs
457,Davide Santon,it,DF,Inter,26,1991,9.3,8,0.86,7,0,0,1,0,1,0.11,7,0,0,1,0,0,/en/players/88c89891/matchlogs/2017-2018/gca/Davide-Santon-Match-Logs
458,Samir Santos,br,DF,Udinese,22,1994,28.5,13,0.46,10,0,1,1,1,1,0.04,10,0,1,1,1,0,/en/players/92b4758e/matchlogs/2017-2018/gca/Samir-Santos-Match-Logs
459,Antonio Santurro,it,GK,Bologna,25,1992,1.0,0,0.00,0,0,0,0,0,0,0.00,0,0,0,0,0,0,/en/players/61228681/matchlogs/2017-2018/gca/Antonio-Santurro-Match-Logs
460,Riccardo Saponara,it,"MF,FW",Fiorentina,25,1991,10.0,62,6.20,48,6,3,3,2,5,0.50,48,6,3,3,2,0,/en/players/3bb7af3b/matchlogs/2017-2018/gca/Riccardo-Saponara-Match-Logs
461,Marco Sau,it,"FW,MF",Cagliari,29,1987,14.6,38,2.61,28,0,2,4,4,2,0.14,28,0,2,4,4,0,/en/players/1ad1f50d/matchlogs/2017-2018/gca/Marco-Sau-Match-Logs
462,Gianluca Scamacca,it,FW,Sassuolo,18,1999,0.3,1,4.50,1,0,0,0,0,0,0.00,1,0,0,0,0,0,/en/players/8790f988/matchlogs/2017-2018/gca/Gianluca-Scamacca-Match-Logs
463,Pasquale Schiattarella,it,MF,SPAL,30,1987,22.1,70,3.17,53,9,5,1,2,6,0.27,53,9,5,1,2,0,/en/players/bd84fc61/matchlogs/2017-2018/gca/Pasquale-Schiattarella-Match-Logs
464,Eros Schiavon,it,"MF,DF",SPAL,34,1983,4.3,2,0.49,1,1,0,0,0,0,0.00,1,1,0,0,0,0,/en/players/c4f97172/matchlogs/2017-2018/gca/Eros-Schiavon-Match-Logs
465,Patrik Schick,cz,FW,Roma,21,1996,11.0,34,3.11,18,0,4,6,6,0,0.00,18,0,4,6,6,0,/en/players/5d4f7d61/matchlogs/2017-2018/gca/Patrik-Schick-Match-Logs
466,Simone Scuffet,it,GK,Udinese,21,1996,6.0,0,0.00,0,0,0,0,0,0,0.00,0,0,0,0,0,0,/en/players/41bd99ea/matchlogs/2017-2018/gca/Simone-Scuffet-Match-Logs
467,Stefano Sensi,it,MF,Sassuolo,21,1995,11.6,38,3.30,29,6,0,1,2,2,0.17,29,6,0,1,2,0,/en/players/b70bde8f/matchlogs/2017-2018/gca/Stefano-Sensi-Match-Logs
468,Luigi Sepe,it,GK,Napoli,26,1991,1.0,0,0.00,0,0,0,0,0,0,0.00,0,0,0,0,0,0,/en/players/343f753a/matchlogs/2017-2018/gca/Luigi-Sepe-Match-Logs
469,Lee Seung-woo,kr,"MF,FW",Hellas Verona,19,1998,4.0,9,2.35,7,1,0,0,1,0,0.00,7,1,0,0,1,0,/en/players/0f22b650/matchlogs/2017-2018/gca/Lee-Seung-woo-Match-Logs
470,Stephan El Shaarawy,it,FW,Roma,24,1992,23.9,79,3.29,60,2,7,7,3,7,0.29,60,2,7,7,3,0,/en/players/d3aaad90/matchlogs/2017-2018/gca/Stephan-El-Shaarawy-Match-Logs
471,André Silva,pt,FW,Milan,21,1995,10.4,40,3.90,35,0,3,0,2,1,0.10,35,0,3,0,2,0,/en/players/3effaa34/matchlogs/2017-2018/gca/Andre-Silva-Match-Logs
472,Jonathan Silva,ar,DF,Roma,23,1994,1.2,0,0.00,0,0,0,0,0,0,0.00,0,0,0,0,0,0,/en/players/f2308b33/matchlogs/2017-2018/gca/Jonathan-Silva-Match-Logs
473,Matías Silvestre,ar,DF,Sampdoria,32,1984,34.0,13,0.38,10,3,0,0,0,0,0.00,10,3,0,0,0,0,/en/players/b6ca47a2/matchlogs/2017-2018/gca/Matias-Silvestre-Match-Logs
474,Marco Silvestri,it,GK,Hellas Verona,26,1991,2.0,0,0.00,0,0,0,0,0,0,0.00,0,0,0,0,0,0,/en/players/0d422df7/matchlogs/2017-2018/gca/Marco-Silvestri-Match-Logs
475,Giovanni Simeone,ar,FW,Fiorentina,22,1995,33.3,75,2.24,57,0,9,3,6,9,0.27,57,0,9,3,6,0,/en/players/343c0d52/matchlogs/2017-2018/gca/Giovanni-Simeone-Match-Logs
Rk,,,,,,,,,,,,,,,,,,,,,,,
476,Lorenco Šimić,hr,DF,SPAL,21,1996,3.5,0,0.00,0,0,0,0,0,0,0.00,0,0,0,0,0,0,/en/players/65e4dede/matchlogs/2017-2018/gca/Lorenco-Simic-Match-Logs
477,Stefan Simić,cz,DF,Crotone,22,1995,6.2,1,0.16,1,0,0,0,0,0,0.00,1,0,0,0,0,0,/en/players/b5365398/matchlogs/2017-2018/gca/Stefan-Simic-Match-Logs
478,Salvatore Sirigu,it,GK,Torino,30,1987,37.0,2,0.05,2,0,0,0,0,1,0.03,2,0,0,0,0,0,/en/players/10dc46f0/matchlogs/2017-2018/gca/Salvatore-Sirigu-Match-Logs
479,Łukasz Skorupski,pl,GK,Roma,26,1991,1.0,0,0.00,0,0,0,0,0,0,0.00,0,0,0,0,0,0,/en/players/ab4449d6/matchlogs/2017-2018/gca/Lukasz-Skorupski-Match-Logs
480,Milan Škriniar,sk,DF,Inter,22,1995,38.0,27,0.71,24,0,1,1,1,6,0.16,24,0,1,1,1,0,/en/players/30f5ffa9/matchlogs/2017-2018/gca/Milan-Skriniar-Match-Logs
481,Stefano Sorrentino,it,GK,Chievo,38,1979,38.0,3,0.08,1,2,0,0,0,0,0.00,1,2,0,0,0,0,/en/players/048877f5/matchlogs/2017-2018/gca/Stefano-Sorrentino-Match-Logs
482,Samuel Souprayen,fr,DF,Hellas Verona,28,1989,17.6,11,0.63,10,1,0,0,0,0,0.00,10,1,0,0,0,0,/en/players/f7c9fcd6/matchlogs/2017-2018/gca/Samuel-Souprayen-Match-Logs
483,Luca Sparandeo,it,DF,Benevento,17,1999,0.4,0,0.00,0,0,0,0,0,0,0.00,0,0,0,0,0,0,/en/players/dfbb3234/matchlogs/2017-2018/gca/Luca-Sparandeo-Match-Logs
484,Leonardo Spinazzola,it,DF,Atalanta,24,1993,16.7,30,1.79,25,1,2,0,2,2,0.12,25,1,2,0,2,0,/en/players/3626daea/matchlogs/2017-2018/gca/Leonardo-Spinazzola-Match-Logs
485,Nicolás Spolli,ar,DF,Genoa,34,1983,20.0,6,0.30,6,0,0,0,0,0,0.00,6,0,0,0,0,0,/en/players/9a560ebe/matchlogs/2017-2018/gca/Nicolas-Spolli-Match-Logs
486,Marco Sportiello,it,GK,Fiorentina,25,1992,35.6,3,0.08,2,1,0,0,0,0,0.00,2,1,0,0,0,0,/en/players/ac4003af/matchlogs/2017-2018/gca/Marco-Sportiello-Match-Logs
487,Mariusz Stępiński,pl,FW,Chievo,22,1995,7.9,9,1.16,6,0,1,1,1,2,0.26,6,0,1,1,1,0,/en/players/7b536033/matchlogs/2017-2018/gca/Mariusz-Stepinski-Match-Logs
488,Ognjen Stijepović,me,MF,Sampdoria,17,1999,0.1,0,0.00,0,0,0,0,0,0,0.00,0,0,0,0,0,0,/en/players/80ad4216/matchlogs/2017-2018/gca/Ognjen-Stijepovic-Match-Logs
489,Adrian Stoian,ro,"MF,FW",Crotone,26,1991,23.7,49,2.05,37,3,1,0,8,7,0.29,37,3,1,0,8,0,/en/players/4468b31a/matchlogs/2017-2018/gca/Adrian-Stoian-Match-Logs
490,Thomas Strakosha,al,GK,Lazio,22,1995,38.0,4,0.11,4,0,0,0,0,0,0.00,4,0,0,0,0,0,/en/players/339fe0e8/matchlogs/2017-2018/gca/Thomas-Strakosha-Match-Logs
491,Ivan Strinić,hr,DF,Sampdoria,30,1987,13.9,17,1.22,16,1,0,0,0,2,0.14,16,1,0,0,0,0,/en/players/52e2ef8f/matchlogs/2017-2018/gca/Ivan-Strinic-Match-Logs
492,Kevin Strootman,nl,MF,Roma,27,1990,25.1,68,2.71,63,1,0,1,3,5,0.20,63,1,0,1,3,0,/en/players/ef2e5e1a/matchlogs/2017-2018/gca/Kevin-Strootman-Match-Logs
493,Jens Stryger Larsen,dk,DF,Udinese,26,1991,28.1,22,0.78,18,3,1,0,0,5,0.18,18,3,1,0,0,0,/en/players/f91e81c9/matchlogs/2017-2018/gca/Jens-Stryger-Larsen-Match-Logs
494,Stefano Sturaro,it,"MF,DF",Juventus,24,1993,6.8,14,2.05,13,0,0,0,0,2,0.29,13,0,0,0,0,1,/en/players/2334478a/matchlogs/2017-2018/gca/Stefano-Sturaro-Match-Logs
495,Suso,es,FW,Milan,23,1993,31.4,164,5.19,120,13,13,7,11,18,0.57,120,13,13,7,11,0,/en/players/4e219ad2/matchlogs/2017-2018/gca/Suso-Match-Logs
496,Wojciech Szczęsny,pl,GK,Juventus,27,1990,17.0,1,0.06,0,1,0,0,0,0,0.00,0,1,0,0,0,0,/en/players/01b8a2b2/matchlogs/2017-2018/gca/Wojciech-Szczesny-Match-Logs
497,Adel Taarabt,ma,"FW,MF",Genoa,28,1989,17.9,74,4.12,60,1,8,3,2,7,0.39,60,1,8,3,2,0,/en/players/47dc80f5/matchlogs/2017-2018/gca/Adel-Taarabt-Match-Logs
498,Saphir Taïder,dz,MF,Bologna,25,1992,4.3,7,1.66,7,0,0,0,0,0,0.00,7,0,0,0,0,0,/en/players/a12d0c05/matchlogs/2017-2018/gca/Saphir-Taider-Match-Logs
499,Cyril Théréau,fr,"FW,MF",Fiorentina,34,1983,12.4,51,4.08,39,1,2,3,6,7,0.56,39,1,2,3,6,0,/en/players/4d3ab428/matchlogs/2017-2018/gca/Cyril-Thereau-Match-Logs
500,Cyril Théréau,fr,FW,Udinese,34,1983,2.0,5,2.50,5,0,0,0,0,0,0.00,5,0,0,0,0,0,/en/players/4d3ab428/matchlogs/2017-2018/gca/Cyril-Thereau-Match-Logs
Rk,,,,,,,,,,,,,,,,,,,,,,,
501,Rafael Tolói,br,DF,Atalanta,26,1990,27.2,30,1.10,27,0,1,2,0,5,0.18,27,0,1,2,0,0,/en/players/c56dc39e/matchlogs/2017-2018/gca/Rafael-Toloi-Match-Logs
502,Nenad Tomović,rs,DF,Fiorentina,29,1987,1.5,4,2.67,3,1,0,0,0,0,0.00,3,1,0,0,0,0,/en/players/6aafdc27/matchlogs/2017-2018/gca/Nenad-Tomovic-Match-Logs
503,Nenad Tomović,rs,DF,Chievo,29,1987,25.6,5,0.20,5,0,0,0,0,0,0.00,5,0,0,0,0,0,/en/players/6aafdc27/matchlogs/2017-2018/gca/Nenad-Tomovic-Match-Logs
504,Lorenzo Tonelli,it,DF,Napoli,27,1990,3.9,2,0.51,2,0,0,0,0,0,0.00,2,0,0,0,0,0,/en/players/8cc29864/matchlogs/2017-2018/gca/Lorenzo-Tonelli-Match-Logs
505,Aleksandar Tonev,bg,"FW,MF",Crotone,27,1990,4.5,6,1.35,4,0,2,0,0,0,0.00,4,0,2,0,0,0,/en/players/c15d1af9/matchlogs/2017-2018/gca/Aleksandar-Tonev-Match-Logs
506,Vasilis Torosidis,gr,DF,Bologna,32,1985,9.1,8,0.88,6,2,0,0,0,1,0.11,6,2,0,0,0,0,/en/players/8ea2c099/matchlogs/2017-2018/gca/Vasilis-Torosidis-Match-Logs
507,Emanuele Torrasi,it,MF,Milan,18,1999,0.1,,,,,,,,,,,,,,,,/en/players/16bc48f8/matchlogs/2017-2018/gca/Emanuele-Torrasi-Match-Logs
508,Lucas Torreira,uy,MF,Sampdoria,21,1996,35.3,75,2.12,43,21,3,2,6,6,0.17,43,21,3,2,6,0,/en/players/52611641/matchlogs/2017-2018/gca/Lucas-Torreira-Match-Logs
509,Alin Toșca,ro,DF,Benevento,25,1992,13.0,7,0.54,7,0,0,0,0,0,0.00,7,0,0,0,0,0,/en/players/322ba2df/matchlogs/2017-2018/gca/Alin-Tosca-Match-Logs
510,Marcello Trotta,it,FW,Crotone,24,1992,25.1,57,2.26,38,0,5,9,5,8,0.32,38,0,5,9,5,0,/en/players/acdad0aa/matchlogs/2017-2018/gca/Marcello-Trotta-Match-Logs
511,Marco Tumminello,it,FW,Crotone,18,1998,2.3,3,1.37,3,0,0,0,0,1,0.46,3,0,0,0,0,0,/en/players/5bdd44d8/matchlogs/2017-2018/gca/Marco-Tumminello-Match-Logs
512,Marco Tumminello,it,FW,Roma,18,1998,0.0,0,,0,0,0,0,0,0,,0,0,0,0,0,0,/en/players/5bdd44d8/matchlogs/2017-2018/gca/Marco-Tumminello-Match-Logs
513,Ľubomír Tupta,sk,"FW,MF",Hellas Verona,19,1998,0.4,1,3.00,1,0,0,0,0,0,0.00,1,0,0,0,0,0,/en/players/b02af64f/matchlogs/2017-2018/gca/Lubomir-Tupta-Match-Logs
514,Cengiz Ünder,tr,FW,Roma,20,1997,13.9,44,3.16,28,5,2,4,5,4,0.29,28,5,2,4,5,0,/en/players/1880614f/matchlogs/2017-2018/gca/Cengiz-Under-Match-Logs
515,Sauli Väisänen,fi,DF,SPAL,23,1994,6.0,2,0.33,2,0,0,0,0,0,0.00,2,0,0,0,0,0,/en/players/23214a49/matchlogs/2017-2018/gca/Sauli-Vaisanen-Match-Logs
516,Mirko Valdifiori,it,MF,Torino,31,1986,6.9,8,1.18,5,3,0,0,0,0,0.00,5,3,0,0,0,0,/en/players/c710f7d5/matchlogs/2017-2018/gca/Mirko-Valdifiori-Match-Logs
517,Borja Valero,es,MF,Inter,32,1985,28.5,79,2.76,69,2,4,1,3,1,0.03,69,2,4,1,3,0,/en/players/0e21fc3c/matchlogs/2017-2018/gca/Borja-Valero-Match-Logs
518,Mattia Valoti,it,"MF,FW",Hellas Verona,23,1993,17.5,29,1.66,23,1,2,0,3,0,0.00,23,1,2,0,3,0,/en/players/c414df9d/matchlogs/2017-2018/gca/Mattia-Valoti-Match-Logs
519,Matías Vecino,uy,MF,Inter,25,1991,23.7,61,2.57,58,0,1,0,2,5,0.21,58,0,1,0,2,0,/en/players/44ac04e9/matchlogs/2017-2018/gca/Matias-Vecino-Match-Logs
520,Miguel Veloso,pt,MF,Genoa,31,1986,19.3,38,1.96,21,16,0,1,0,5,0.26,21,16,0,1,0,0,/en/players/ab1ca213/matchlogs/2017-2018/gca/Miguel-Veloso-Match-Logs
521,Lorenzo Venuti,it,DF,Benevento,22,1995,26.6,39,1.47,30,5,2,0,2,3,0.11,30,5,2,0,2,0,/en/players/983ff2c7/matchlogs/2017-2018/gca/Lorenzo-Venuti-Match-Logs
522,Daniele Verde,it,"FW,MF",Hellas Verona,21,1996,21.7,36,1.66,25,8,1,1,1,4,0.18,25,8,1,1,1,0,/en/players/d3298c99/matchlogs/2017-2018/gca/Daniele-Verde-Match-Logs
523,Simone Verdi,it,"FW,MF",Bologna,25,1992,31.4,110,3.49,62,20,13,6,8,18,0.57,62,20,13,6,8,1,/en/players/0375723e/matchlogs/2017-2018/gca/Simone-Verdi-Match-Logs
524,Jordan Veretout,fr,MF,Fiorentina,24,1993,35.7,123,3.45,96,21,2,3,0,10,0.28,96,21,2,3,0,1,/en/players/4a56052c/matchlogs/2017-2018/gca/Jordan-Veretout-Match-Logs
525,Valerio Verre,it,MF,Sampdoria,23,1994,4.0,5,1.31,4,0,0,1,0,0,0.00,4,0,0,1,0,0,/en/players/33ecf462/matchlogs/2017-2018/gca/Valerio-Verre-Match-Logs
Rk,,,,,,,,,,,,,,,,,,,,,,,
526,Francesco Vicari,it,DF,SPAL,22,1994,31.7,6,0.19,6,0,0,0,0,1,0.03,6,0,0,0,0,0,/en/players/de045b15/matchlogs/2017-2018/gca/Francesco-Vicari-Match-Logs
527,Luca Vido,it,"FW,MF",Atalanta,20,1997,0.8,4,5.22,4,0,0,0,0,0,0.00,4,0,0,0,0,0,/en/players/eb0d77a4/matchlogs/2017-2018/gca/Luca-Vido-Match-Logs
528,Nicolas Viola,it,MF,Benevento,27,1989,20.6,73,3.56,36,24,4,4,5,7,0.34,36,24,4,4,5,0,/en/players/45392b06/matchlogs/2017-2018/gca/Nicolas-Viola-Match-Logs
529,Mattia Vitale,it,MF,SPAL,19,1997,1.1,0,0.00,0,0,0,0,0,0,0.00,0,0,0,0,0,0,/en/players/8e4b894b/matchlogs/2017-2018/gca/Mattia-Vitale-Match-Logs
530,Federico Viviani,it,MF,SPAL,25,1992,27.6,73,2.64,33,27,4,3,6,5,0.18,33,27,4,3,6,0,/en/players/2258c078/matchlogs/2017-2018/gca/Federico-Viviani-Match-Logs
531,Emiliano Viviano,it,GK,Sampdoria,31,1985,27.0,3,0.11,0,3,0,0,0,1,0.04,0,3,0,0,0,0,/en/players/03760df0/matchlogs/2017-2018/gca/Emiliano-Viviano-Match-Logs
532,Giovanni Volpicelli,it,FW,Benevento,17,1999,0.0,0,0.00,0,0,0,0,0,0,0.00,0,0,0,0,0,0,/en/players/844a87c2/matchlogs/2017-2018/gca/Giovanni-Volpicelli-Match-Logs
533,Stefan de Vrij,nl,DF,Lazio,25,1992,33.7,18,0.53,16,0,0,1,1,2,0.06,16,0,0,1,1,0,/en/players/d0d8dd44/matchlogs/2017-2018/gca/Stefan-de-Vrij-Match-Logs
534,Jagoš Vuković,rs,DF,Hellas Verona,29,1988,14.8,3,0.20,3,0,0,0,0,0,0.00,3,0,0,0,0,0,/en/players/ba06950a/matchlogs/2017-2018/gca/Jagos-Vukovic-Match-Logs
535,Molla Wagué,ml,DF,Udinese,26,1991,0.6,0,0.00,0,0,0,0,0,0,0.00,0,0,0,0,0,0,/en/players/a440d8ca/matchlogs/2017-2018/gca/Molla-Wague-Match-Logs
536,Wallace,br,DF,Lazio,22,1994,11.1,10,0.90,8,0,1,0,1,1,0.09,8,0,1,0,1,0,/en/players/d61b3354/matchlogs/2017-2018/gca/Wallace-Match-Logs
537,Silvan Widmer,ch,"DF,MF",Udinese,24,1993,18.1,31,1.72,26,2,3,0,0,4,0.22,26,2,3,0,0,0,/en/players/f68b64fc/matchlogs/2017-2018/gca/Silvan-Widmer-Match-Logs
538,Jawad El Yamiq,ma,DF,Genoa,25,1992,4.0,2,0.50,2,0,0,0,0,0,0.00,2,0,0,0,0,0,/en/players/f6f6b6e8/matchlogs/2017-2018/gca/Jawad-El-Yamiq-Match-Logs
539,Mattia Zaccagni,it,"MF,FW",Hellas Verona,22,1995,1.7,2,1.22,1,0,0,0,1,0,0.00,1,0,0,0,1,0,/en/players/d85c238b/matchlogs/2017-2018/gca/Mattia-Zaccagni-Match-Logs
540,Francesco Zampano,it,"DF,MF",Udinese,23,1993,4.6,11,2.41,10,0,1,0,0,2,0.44,10,0,1,0,0,0,/en/players/8e45910b/matchlogs/2017-2018/gca/Francesco-Zampano-Match-Logs
541,Niccolò Zanellato,it,MF,Crotone,19,1998,0.8,2,2.43,2,0,0,0,0,0,0.00,2,0,0,0,0,0,/en/players/741e058f/matchlogs/2017-2018/gca/Niccolo-Zanellato-Match-Logs
542,Cristián Zapata,co,DF,Milan,30,1986,11.0,9,0.82,9,0,0,0,0,0,0.00,9,0,0,0,0,0,/en/players/b1deecf8/matchlogs/2017-2018/gca/Cristian-Zapata-Match-Logs
543,Duván Zapata,co,FW,Sampdoria,26,1991,23.4,50,2.13,38,0,6,1,5,10,0.43,38,0,6,1,5,0,/en/players/d3de9af0/matchlogs/2017-2018/gca/Duvan-Zapata-Match-Logs
544,Davide Zappacosta,it,DF,Torino,25,1992,1.1,1,0.95,1,0,0,0,0,0,0.00,1,0,0,0,0,0,/en/players/7fe90ccd/matchlogs/2017-2018/gca/Davide-Zappacosta-Match-Logs
545,Rafik Zekhnini,no,MF,Fiorentina,19,1998,0.1,1,9.00,1,0,0,0,0,0,0.00,1,0,0,0,0,0,/en/players/1b62a7df/matchlogs/2017-2018/gca/Rafik-Zekhnini-Match-Logs
546,Piotr Zieliński,pl,"MF,FW",Napoli,23,1994,18.5,69,3.75,62,0,3,1,3,6,0.33,62,0,3,1,3,0,/en/players/a5296e55/matchlogs/2017-2018/gca/Piotr-Zielinski-Match-Logs
547,Bruno Zuculini,ar,MF,Hellas Verona,24,1993,13.5,12,0.89,12,0,0,0,0,2,0.15,12,0,0,0,0,0,/en/players/17cddb4d/matchlogs/2017-2018/gca/Bruno-Zuculini-Match-Logs
548,Franco Zuculini,ar,MF,Hellas Verona,26,1990,3.7,9,2.49,9,0,0,0,0,0,0.00,9,0,0,0,0,0,/en/players/9c31bb89/matchlogs/2017-2018/gca/Franco-Zuculini-Match-Logs
549,Ervin Zukanović,ba,DF,Genoa,30,1987,31.9,34,1.10,31,0,0,2,0,2,0.06,31,0,0,2,0,1,/en/players/1253a12e/matchlogs/2017-2018/gca/Ervin-Zukanovic-Match-Logs
550,Filip Đuričić,rs,FW,Sampdoria,25,1992,0.1,1,15.00,1,0,0,0,0,0,0.00,1,0,0,0,0,0,/en/players/eccbe56a/matchlogs/2017-2018/gca/Filip-Djuricic-Match-Logs
Rk,,,,,,,,,,,,,,,,,,,,,,,
551,Filip Đuričić,rs,"FW,MF",Benevento,25,1992,10.8,27,2.48,17,2,3,1,4,3,0.28,17,2,3,1,4,0,/en/players/eccbe56a/matchlogs/2017-2018/gca/Filip-Djuricic-Match-Logs
552,Christian Rutjens,,,Benevento,,,0.0,,,,,,,,,,,,,,,,
