player,nation,position,squad,age,born,matches_played,startsminutes,goals,assists,penalties,penalties_scored,yellow_cards,red_cards,goals_per_90,assists_per_90,goals_and_assists_per_90,goals_minus_pens_per_90,goals_plus_assists_minus_pens_per_90,xG,npxG,xA,xG90,xA90,xG_plus_xA_90,npxG90,npxG_plus_xA90
Francesco Acerbi,it,DF,Lazio,31,1988,36,,2,2,0,0,4,0,0.06,0.06,0.11,0.06,0.11,2.0,2.0,1.6,0.06,0.05,0.10,0.06,0.10
Bobby Adekanye,nl,FW,Lazio,20,1999,11,,1,0,0,0,1,0,0.48,0.00,0.48,0.48,0.48,1.7,1.7,0.1,0.82,0.05,0.87,0.82,0.87
Claud Adjapong,it,DF,Hellas Verona,21,1998,5,,0,0,0,0,0,0,0.00,0.00,0.00,0.00,0.00,0.6,0.6,0.0,0.22,0.00,0.22,0.22,0.22
Lucien Agoume,fr,MF,Inter,17,2002,3,,0,0,0,0,1,0,0.00,0.00,0.00,0.00,0.00,0.0,0.0,0.1,0.00,0.08,0.08,0.00,0.08
Kevin Agudelo,co,"MF,FW",Fiorentina,20,1998,3,,0,0,0,0,0,0,0.00,0.00,0.00,0.00,0.00,0.3,0.3,0.1,0.45,0.21,0.65,0.45,0.65
Kevin Agudelo,co,"MF,FW",Genoa,20,1998,10,,1,1,0,0,5,1,0.14,0.14,0.27,0.14,0.27,1.1,1.1,1.2,0.15,0.16,0.31,0.15,0.31
Emmanuel Agyemang-Badu,gh,"MF,FW",Hellas Verona,28,1990,10,,0,0,0,0,2,0,0.00,0.00,0.00,0.00,0.00,0.0,0.0,0.0,0.00,0.01,0.01,0.00,0.01
Ola Aina,ng,DF,Torino,22,1996,32,,0,2,0,0,8,0,0.00,0.09,0.09,0.00,0.09,0.4,0.4,2.2,0.02,0.10,0.11,0.02,0.11
Luis Alberto,es,MF,Lazio,26,1992,36,,6,15,1,1,5,0,0.17,0.43,0.61,0.14,0.58,7.1,6.4,10.8,0.21,0.31,0.52,0.18,0.50
Enrico Alfonso,it,GK,Brescia,31,1988,4,,0,0,0,0,0,0,0.00,0.00,0.00,0.00,0.00,0.0,0.0,0.0,0.00,0.00,0.00,0.00,0.00
Allan,br,MF,Napoli,28,1991,23,,2,1,0,0,3,0,0.14,0.07,0.21,0.14,0.21,0.7,0.7,1.1,0.05,0.08,0.13,0.05,0.13
Bruno Alves,pt,DF,Parma,37,1981,33,,0,0,0,0,4,0,0.00,0.00,0.00,0.00,0.00,1.0,1.0,0.5,0.03,0.02,0.05,0.03,0.05
Sofyan Amrabat,ma,MF,Hellas Verona,22,1996,34,,1,1,1,1,10,2,0.03,0.03,0.06,0.00,0.03,1.9,1.1,1.6,0.06,0.05,0.11,0.03,0.09
Djavan Anderson,nl,"DF,MF",Lazio,24,1995,6,,0,0,0,0,1,0,0.00,0.00,0.00,0.00,0.00,0.1,0.1,0.0,0.05,0.00,0.05,0.05,0.05
Lorenzo Andrenacci,it,GK,Brescia,24,1995,6,,0,0,0,0,0,0,0.00,0.00,0.00,0.00,0.00,0.0,0.0,0.0,0.00,0.00,0.00,0.00,0.00
Peter Ankersen,dk,DF,Genoa,28,1990,19,,0,1,0,0,2,0,0.00,0.08,0.08,0.00,0.08,0.8,0.8,0.7,0.07,0.06,0.13,0.07,0.13
Cristian Ansaldi,ar,"DF,MF",Torino,32,1986,27,,4,4,0,0,9,0,0.20,0.20,0.41,0.20,0.41,1.4,1.4,3.0,0.07,0.15,0.22,0.07,0.22
Mirko Antonucci,it,"FW,MF",Roma,20,1999,2,,0,0,0,0,1,0,0.00,0.00,0.00,0.00,0.00,0.2,0.2,0.0,0.21,0.00,0.21,0.21,0.21
Guilherme Arana,br,DF,Atalanta,22,1997,4,,0,0,0,0,0,0,0.00,0.00,0.00,0.00,0.00,0.0,0.0,0.0,0.03,0.03,0.06,0.03,0.06
Nicolò Armini,it,DF,Lazio,18,2001,1,,0,0,0,0,0,0,0.00,0.00,0.00,0.00,0.00,0.0,0.0,0.0,0.00,0.00,0.00,0.00,0.00
Kwadwo Asamoah,gh,DF,Inter,30,1988,8,,0,1,0,0,1,0,0.00,0.14,0.14,0.00,0.14,0.1,0.1,0.7,0.01,0.10,0.11,0.01,0.11
Kristoffer Askildsen,no,MF,Sampdoria,18,2001,4,,1,0,0,0,2,1,1.18,0.00,1.18,1.18,1.18,0.0,0.0,0.1,0.05,0.12,0.16,0.05,0.16
Emil Audero,it,GK,Sampdoria,22,1997,36,,0,0,0,0,1,0,0.00,0.00,0.00,0.00,0.00,0.0,0.0,0.0,0.00,0.00,0.00,0.00,0.00
Tommaso Augello,it,DF,Sampdoria,24,1994,17,,0,2,0,0,2,0,0.00,0.16,0.16,0.00,0.16,0.0,0.0,1.5,0.00,0.12,0.12,0.00,0.12
Florian Ayé,fr,"FW,MF",Brescia,22,1997,22,,0,0,0,0,4,1,0.00,0.00,0.00,0.00,0.00,3.1,3.1,0.5,0.21,0.03,0.24,0.21,0.24
Khouma Babacar,sn,FW,Lecce,26,1993,25,,3,0,0,2,4,0,0.19,0.00,0.19,0.19,0.19,6.1,4.4,0.7,0.38,0.04,0.43,0.28,0.32
Milan Badelj,hr,MF,Fiorentina,30,1989,22,,1,0,0,0,3,1,0.06,0.00,0.06,0.06,0.06,1.3,1.3,1.0,0.08,0.06,0.13,0.08,0.13
Marco Ballarini,it,MF,Udinese,18,2001,1,,0,0,0,0,0,0,0.00,0.00,0.00,0.00,0.00,0.0,0.0,0.0,0.00,0.00,0.00,0.00,0.00
Mario Balotelli,it,FW,Brescia,28,1990,19,,5,0,0,0,6,1,0.32,0.00,0.32,0.32,0.32,7.2,7.2,0.4,0.46,0.03,0.49,0.46,0.49
Mattia Bani,it,DF,Bologna,25,1993,27,,4,0,0,0,13,1,0.16,0.00,0.16,0.16,0.16,3.3,3.3,0.0,0.14,0.00,0.14,0.14,0.14
Antonín Barák,cz,MF,Lecce,24,1994,16,,2,1,0,0,0,0,0.13,0.07,0.20,0.13,0.20,3.2,3.2,1.3,0.21,0.09,0.30,0.21,0.30
Antonín Barák,cz,MF,Udinese,24,1994,8,,0,0,0,0,1,0,0.00,0.00,0.00,0.00,0.00,0.1,0.1,0.2,0.06,0.08,0.15,0.06,0.15
Nicolò Barella,it,MF,Inter,22,1997,27,,1,4,0,0,11,0,0.04,0.18,0.22,0.04,0.22,1.7,1.7,1.6,0.07,0.07,0.14,0.07,0.14
Antonino Barillà,it,MF,Parma,31,1988,26,,1,2,0,0,6,0,0.05,0.11,0.16,0.05,0.16,1.2,1.2,2.1,0.06,0.11,0.17,0.06,0.17
Antonio Barreca,it,"DF,MF",Genoa,24,1995,18,,0,1,0,0,0,0,0.00,0.08,0.08,0.00,0.08,0.2,0.2,0.4,0.01,0.03,0.05,0.01,0.05
Édgar Barreto,py,MF,Sampdoria,35,1984,2,,0,0,0,0,0,0,0.00,0.00,0.00,0.00,0.00,0.0,0.0,0.0,0.03,0.00,0.03,0.03,0.03
Musa Barrow,gm,"FW,MF",Atalanta,20,1998,7,,0,2,0,1,0,0,0.00,0.95,0.95,0.00,0.95,1.8,1.0,0.6,0.86,0.28,1.14,0.50,0.78
Musa Barrow,gm,FW,Bologna,20,1998,18,,9,2,1,1,1,0,0.60,0.13,0.73,0.53,0.66,5.9,5.2,3.2,0.39,0.21,0.61,0.34,0.56
Daniele Baselli,it,MF,Torino,27,1992,16,,0,2,0,0,3,0,0.00,0.14,0.14,0.00,0.14,0.7,0.7,1.0,0.05,0.07,0.12,0.05,0.12
Alessandro Bastoni,it,DF,Inter,20,1999,25,,2,0,0,0,9,1,0.09,0.00,0.09,0.09,0.09,1.2,1.2,1.6,0.06,0.07,0.13,0.06,0.13
Bastos,ao,DF,Lazio,28,1991,16,,1,0,0,0,4,0,0.12,0.00,0.12,0.12,0.12,0.8,0.8,0.0,0.09,0.00,0.09,0.09,0.09
Rodrigo Becão,br,DF,Udinese,23,1996,29,,1,1,0,0,8,0,0.04,0.04,0.08,0.04,0.08,0.5,0.5,0.3,0.02,0.01,0.04,0.02,0.04
Asmir Begović,ba,GK,Milan,32,1987,2,,0,0,0,0,0,0,0.00,0.00,0.00,0.00,0.00,0.0,0.0,0.0,0.00,0.00,0.00,0.00,0.00
Valon Behrami,ch,MF,Genoa,34,1985,17,,0,0,0,0,4,1,0.00,0.00,0.00,0.00,0.00,0.2,0.2,0.0,0.02,0.00,0.02,0.02,0.02
Raoul Bellanova,it,DF,Atalanta,19,2000,1,,0,0,0,0,0,0,0.00,0.00,0.00,0.00,0.00,0.1,0.1,0.0,0.43,0.00,0.43,0.43,0.43
Andrea Belotti,it,FW,Torino,25,1993,36,,16,3,7,8,4,0,0.48,0.09,0.57,0.27,0.36,16.8,10.9,4.1,0.50,0.12,0.63,0.33,0.45
Marco Benassi,it,MF,Fiorentina,24,1994,18,,1,1,0,0,1,0,0.09,0.09,0.18,0.09,0.18,1.0,1.0,1.2,0.09,0.11,0.20,0.09,0.20
Ismaël Bennacer,dz,MF,Milan,21,1997,31,,1,0,0,0,14,0,0.04,0.00,0.04,0.04,0.04,0.9,0.9,1.4,0.03,0.05,0.08,0.03,0.08
Rodrigo Bentancur,uy,MF,Juventus,22,1997,30,,0,7,0,0,9,0,0.00,0.29,0.29,0.00,0.29,0.7,0.7,3.7,0.03,0.15,0.18,0.03,0.18
Romario Benzar,ro,DF,Lecce,27,1992,3,,0,0,0,0,0,0,0.00,0.00,0.00,0.00,0.00,0.0,0.0,0.1,0.00,0.10,0.10,0.00,0.10
Domenico Berardi,it,FW,Sassuolo,24,1994,31,,14,10,2,3,6,1,0.51,0.36,0.87,0.43,0.79,10.0,7.8,7.1,0.36,0.25,0.62,0.28,0.54
Álex Berenguer,es,"MF,FW",Torino,24,1995,29,,6,2,0,0,4,0,0.30,0.10,0.39,0.30,0.39,4.3,4.3,3.1,0.21,0.15,0.36,0.21,0.36
Bartosz Bereszyński,pl,DF,Sampdoria,27,1992,28,,0,0,0,0,10,0,0.00,0.00,0.00,0.00,0.00,0.4,0.4,0.7,0.02,0.02,0.04,0.02,0.04
Etrit Berisha,al,GK,SPAL,30,1989,26,,0,0,0,0,2,0,0.00,0.00,0.00,0.00,0.00,0.0,0.0,0.1,0.00,0.00,0.00,0.00,0.00
Valon Berisha,xk,"MF,FW",Lazio,26,1993,3,,0,0,0,0,0,0,0.00,0.00,0.00,0.00,0.00,0.0,0.0,0.0,0.00,0.00,0.00,0.00,0.00
Federico Bernardeschi,it,"MF,FW",Juventus,25,1994,29,,1,1,0,0,6,0,0.06,0.06,0.11,0.06,0.11,4.7,4.7,3.4,0.27,0.19,0.46,0.27,0.46
Andrea Bertolacci,it,MF,Sampdoria,28,1991,12,,0,0,0,0,3,0,0.00,0.00,0.00,0.00,0.00,0.1,0.1,0.1,0.02,0.02,0.04,0.02,0.04
Lucas Biglia,ar,MF,Milan,33,1986,14,,0,1,0,0,4,0,0.00,0.13,0.13,0.00,0.13,0.2,0.2,0.4,0.03,0.05,0.08,0.03,0.08
Cristiano Biraghi,it,"DF,MF",Inter,26,1992,26,,2,6,0,0,3,0,0.11,0.34,0.46,0.11,0.46,0.9,0.9,3.5,0.05,0.20,0.25,0.05,0.25
Davide Biraschi,it,DF,Genoa,25,1994,24,,0,1,0,0,3,1,0.00,0.05,0.05,0.00,0.05,0.3,0.3,0.5,0.01,0.02,0.04,0.01,0.04
Valter Birsa,si,MF,Cagliari,32,1986,13,,0,0,0,0,1,0,0.00,0.00,0.00,0.00,0.00,0.1,0.1,0.4,0.01,0.09,0.10,0.01,0.10
Dimitri Bisoli,it,MF,Brescia,25,1994,25,,1,1,0,0,6,0,0.04,0.04,0.08,0.04,0.08,2.4,2.4,3.0,0.10,0.12,0.22,0.10,0.22
Birkir Bjarnason,is,"MF,FW",Brescia,31,1988,13,,0,1,0,0,1,0,0.00,0.11,0.11,0.00,0.11,0.7,0.7,0.4,0.07,0.05,0.12,0.07,0.12
Kevin-Prince Boateng,gh,FW,Fiorentina,32,1987,14,,1,0,0,0,2,0,0.15,0.00,0.15,0.15,0.15,1.7,1.7,0.3,0.26,0.04,0.30,0.26,0.30
Salvatore Bocchetti,it,DF,Hellas Verona,32,1986,5,,0,0,0,0,2,0,0.00,0.00,0.00,0.00,0.00,0.0,0.0,0.0,0.00,0.00,0.00,0.00,0.00
Jeremie Boga,ci,FW,Sassuolo,22,1997,34,,11,2,0,0,0,0,0.39,0.07,0.47,0.39,0.47,4.8,4.8,3.2,0.17,0.11,0.29,0.17,0.29
Giacomo Bonaventura,it,"MF,FW",Milan,29,1989,29,,3,5,0,0,2,0,0.20,0.34,0.54,0.20,0.54,3.7,3.7,2.5,0.25,0.17,0.42,0.25,0.42
Federico Bonazzoli,it,"FW,MF",Sampdoria,22,1997,19,,6,0,0,0,1,0,0.73,0.00,0.73,0.73,0.73,4.1,4.1,0.6,0.49,0.07,0.57,0.49,0.57
Kevin Bonifazi,it,DF,SPAL,23,1996,14,,1,0,0,0,2,1,0.08,0.00,0.08,0.08,0.08,1.1,1.1,0.0,0.08,0.00,0.08,0.08,0.08
Kevin Bonifazi,it,DF,Torino,23,1996,3,,1,0,0,0,0,0,0.36,0.00,0.36,0.36,0.36,0.2,0.2,0.0,0.06,0.01,0.06,0.06,0.06
Federico Bonini,it,DF,Bologna,17,2001,1,,0,0,0,0,0,0,0.00,0.00,0.00,0.00,0.00,0.0,0.0,0.0,0.00,0.00,0.00,0.00,0.00
Leonardo Bonucci,it,DF,Juventus,32,1987,35,,3,0,0,0,10,0,0.09,0.00,0.09,0.09,0.09,3.1,3.1,0.9,0.09,0.03,0.12,0.09,0.12
Fabio Borini,it,"MF,FW",Milan,28,1991,2,,0,0,0,0,1,0,0.00,0.00,0.00,0.00,0.00,0.1,0.1,0.0,0.09,0.00,0.09,0.09,0.09
Fabio Borini,it,"FW,MF",Hellas Verona,28,1991,14,,3,0,1,1,1,1,0.33,0.00,0.33,0.22,0.22,2.9,2.1,0.5,0.32,0.05,0.37,0.24,0.29
Mehdi Bourabia,ma,MF,Sassuolo,27,1991,17,,1,2,0,0,7,1,0.10,0.19,0.29,0.10,0.29,0.3,0.3,0.6,0.03,0.06,0.09,0.03,0.09
Federico Brancolini,it,GK,Fiorentina,18,2001,1,,0,0,0,0,0,0,0.00,0.00,0.00,0.00,0.00,0.0,0.0,0.0,0.00,0.00,0.00,0.00,0.00
Gleison Bremer,br,DF,Torino,22,1997,27,,3,1,0,0,6,2,0.12,0.04,0.16,0.12,0.16,1.3,1.3,0.2,0.05,0.01,0.06,0.05,0.06
Marco Brescianini,it,MF,Milan,19,2000,1,,0,0,0,0,0,0,0.00,0.00,0.00,0.00,0.00,0.0,0.0,0.0,0.00,0.00,0.00,0.00,0.00
Marcelo Brozović,hr,MF,Inter,26,1992,32,,3,6,0,0,9,0,0.10,0.20,0.30,0.10,0.30,3.3,3.3,2.8,0.11,0.09,0.20,0.11,0.20
Gastón Brugman,uy,MF,Parma,26,1992,23,,0,2,0,0,5,0,0.00,0.12,0.12,0.00,0.12,0.2,0.2,1.0,0.02,0.06,0.08,0.02,0.08
Gianluigi Buffon,it,GK,Juventus,41,1978,9,,0,0,0,0,0,0,0.00,0.00,0.00,0.00,0.00,0.0,0.0,0.2,0.00,0.03,0.03,0.00,0.03
Fabrizio Cacciatore,it,DF,Cagliari,32,1986,16,,0,0,0,0,1,1,0.00,0.00,0.00,0.00,0.00,0.3,0.3,0.5,0.03,0.04,0.06,0.03,0.06
Martín Cáceres,uy,DF,Fiorentina,32,1987,27,,1,0,0,0,10,1,0.04,0.00,0.04,0.04,0.04,2.0,2.0,0.5,0.07,0.02,0.09,0.07,0.09
Felipe Caicedo,ec,FW,Lazio,30,1988,30,,9,2,0,1,7,0,0.58,0.13,0.70,0.58,0.70,6.0,5.2,2.7,0.38,0.18,0.56,0.33,0.51
Davide Calabria,it,DF,Milan,22,1996,25,,1,1,0,0,4,2,0.06,0.06,0.11,0.06,0.11,0.6,0.6,0.7,0.03,0.04,0.07,0.03,0.07
Riccardo Calafiori,it,DF,Roma,17,2002,1,,0,0,0,0,0,0,0.00,0.00,0.00,0.00,0.00,0.0,0.0,0.0,0.00,0.00,0.00,0.00,0.00
Mattia Caldara,it,DF,Atalanta,25,1994,14,,0,1,0,0,1,0,0.00,0.09,0.09,0.00,0.09,0.3,0.3,0.4,0.03,0.04,0.06,0.03,0.06
Marco Calderoni,it,DF,Lecce,30,1989,26,,3,2,0,0,7,0,0.13,0.09,0.22,0.13,0.22,0.7,0.7,2.1,0.03,0.09,0.12,0.03,0.12
Hakan Çalhanoğlu,tr,"MF,FW",Milan,25,1994,35,,9,9,1,1,6,0,0.30,0.30,0.60,0.27,0.57,8.1,7.4,7.0,0.27,0.23,0.50,0.25,0.48
José Callejón,es,"FW,MF",Napoli,32,1987,33,,4,7,0,0,2,0,0.17,0.29,0.46,0.17,0.46,5.1,5.1,6.4,0.21,0.27,0.48,0.21,0.48
Emre Can,de,MF,Juventus,25,1994,8,,0,0,0,0,2,0,0.00,0.00,0.00,0.00,0.00,1.3,1.3,0.6,0.41,0.18,0.59,0.41,0.59
Antonio Candreva,it,DF,Inter,32,1987,32,,5,7,0,0,5,0,0.23,0.32,0.54,0.23,0.54,2.4,2.4,5.6,0.11,0.25,0.36,0.11,0.36
Gianmarco Cangiano,it,"FW,MF",Bologna,17,2001,3,,0,0,0,0,0,0,0.00,0.00,0.00,0.00,0.00,0.0,0.0,0.0,0.00,0.00,0.00,0.00,0.00
Gianluca Caprari,it,"FW,MF",Parma,26,1993,12,,2,0,1,1,1,0,0.31,0.00,0.31,0.15,0.15,2.5,1.7,1.4,0.38,0.22,0.60,0.26,0.48
Gianluca Caprari,it,"FW,MF",Sampdoria,26,1993,18,,3,0,0,0,4,1,0.40,0.00,0.40,0.40,0.40,1.9,1.9,0.5,0.26,0.06,0.32,0.26,0.32
Francesco Caputo,it,FW,Sassuolo,31,1987,36,,21,7,2,2,3,0,0.64,0.21,0.86,0.58,0.80,15.6,14.1,6.0,0.48,0.19,0.67,0.43,0.62
Andrea Carboni,it,"DF,MF",Cagliari,18,2001,7,,0,0,0,0,5,2,0.00,0.00,0.00,0.00,0.00,0.0,0.0,0.0,0.01,0.00,0.01,0.01,0.01
Francesco Cassata,it,MF,Genoa,22,1997,24,,2,0,0,0,11,2,0.12,0.00,0.12,0.12,0.12,1.3,1.3,1.4,0.08,0.09,0.17,0.08,0.17
Timothy Castagne,be,DF,Atalanta,23,1995,27,,1,2,0,0,4,0,0.05,0.10,0.15,0.05,0.15,1.6,1.6,2.5,0.08,0.13,0.21,0.08,0.21
Samu Castillejo,es,"FW,MF",Milan,24,1995,22,,2,3,0,0,3,1,0.15,0.22,0.37,0.15,0.37,3.2,3.2,3.0,0.24,0.22,0.46,0.24,0.46
Lucas Castro,ar,MF,Cagliari,30,1989,15,,2,0,0,0,2,0,0.30,0.00,0.30,0.30,0.30,0.8,0.8,0.5,0.12,0.07,0.19,0.12,0.19
Lucas Castro,ar,MF,SPAL,30,1989,7,,0,0,0,0,0,0,0.00,0.00,0.00,0.00,0.00,0.6,0.6,0.3,0.13,0.06,0.19,0.13,0.19
Gaetano Castrovilli,it,MF,Fiorentina,22,1997,33,,3,2,0,0,10,0,0.10,0.07,0.17,0.10,0.17,3.0,3.0,2.7,0.10,0.09,0.19,0.10,0.19
Danilo Cataldi,it,MF,Lazio,24,1994,21,,1,0,0,0,3,0,0.15,0.00,0.15,0.15,0.15,0.5,0.5,0.6,0.08,0.08,0.16,0.08,0.16
Federico Ceccherini,it,DF,Fiorentina,27,1992,15,,0,0,0,0,3,0,0.00,0.00,0.00,0.00,0.00,0.2,0.2,0.0,0.02,0.00,0.03,0.02,0.03
Christian Celesia,it,DF,Torino,17,2002,1,,0,0,0,0,0,0,0.00,0.00,0.00,0.00,0.00,0.0,0.0,0.2,0.00,16.25,16.25,0.00,16.25
Luca Ceppitelli,it,DF,Cagliari,29,1989,16,,2,0,0,0,5,0,0.14,0.00,0.14,0.14,0.14,0.4,0.4,0.1,0.03,0.01,0.04,0.03,0.04
Alberto Cerri,it,FW,SPAL,23,1996,8,,1,0,0,0,1,0,0.21,0.00,0.21,0.21,0.21,1.2,1.2,0.8,0.25,0.17,0.42,0.25,0.42
Alberto Cerri,it,FW,Cagliari,23,1996,11,,1,0,0,0,1,0,0.37,0.00,0.37,0.37,0.37,0.6,0.6,0.2,0.22,0.06,0.27,0.22,0.27
Julian Chabot,de,DF,Sampdoria,21,1998,8,,1,0,0,0,1,1,0.16,0.00,0.16,0.16,0.16,0.1,0.1,0.0,0.01,0.00,0.01,0.01,0.01
Jhon Chancellor,ve,DF,Brescia,27,1992,26,,3,0,0,0,3,0,0.12,0.00,0.12,0.12,0.12,2.0,2.0,0.0,0.08,0.00,0.08,0.08,0.08
Giorgio Chiellini,it,DF,Juventus,34,1984,4,,1,0,0,0,0,0,0.45,0.00,0.45,0.45,0.45,0.2,0.2,0.0,0.10,0.00,0.10,0.10,0.10
Federico Chiesa,it,"FW,DF",Fiorentina,21,1997,34,,11,6,1,2,7,0,0.38,0.20,0.58,0.34,0.55,11.3,9.8,5.4,0.39,0.19,0.57,0.33,0.52
Vlad Chiricheș,ro,DF,Sassuolo,29,1989,9,,0,0,0,0,0,0,0.00,0.00,0.00,0.00,0.00,0.2,0.2,0.0,0.02,0.00,0.02,0.02,0.02
Luca Cigarini,it,MF,Cagliari,33,1986,22,,0,4,0,0,8,1,0.00,0.23,0.23,0.00,0.23,0.3,0.3,3.0,0.02,0.17,0.19,0.02,0.19
Thiago Cionek,pl,DF,SPAL,33,1986,28,,0,1,0,0,11,0,0.00,0.04,0.04,0.00,0.04,0.4,0.4,1.0,0.02,0.04,0.06,0.02,0.06
Andrea Cistana,it,DF,Brescia,22,1997,21,,1,0,0,0,7,1,0.05,0.00,0.05,0.05,0.05,0.4,0.4,0.6,0.02,0.03,0.05,0.02,0.05
Denilho Cleonise,nl,FW,Genoa,17,2001,4,,0,0,0,0,2,0,0.00,0.00,0.00,0.00,0.00,0.3,0.3,0.0,0.51,0.00,0.51,0.51,0.51
Ebrima Colley,gm,FW,Atalanta,19,2000,5,,0,1,0,0,1,0,0.00,1.10,1.10,0.00,1.10,0.4,0.4,0.6,0.46,0.62,1.08,0.46,1.08
Omar Colley,gm,DF,Sampdoria,26,1992,31,,0,1,0,0,10,0,0.00,0.03,0.03,0.00,0.03,2.9,2.9,0.4,0.09,0.01,0.11,0.09,0.11
Simone Colombi,it,GK,Parma,28,1991,4,,0,0,0,0,0,0,0.00,0.00,0.00,0.00,0.00,0.0,0.0,0.0,0.00,0.00,0.00,0.00,0.00
Lorenzo Colombo,it,FW,Milan,17,2002,1,,0,0,0,0,0,0,0.00,0.00,0.00,0.00,0.00,0.0,0.0,0.0,0.00,0.00,0.00,0.00,0.00
Andrea Consigli,it,GK,Sassuolo,32,1987,31,,0,0,0,0,1,0,0.00,0.00,0.00,0.00,0.00,0.0,0.0,0.8,0.00,0.02,0.02,0.00,0.02
Andrea Conti,it,DF,Milan,25,1994,23,,0,2,0,0,8,0,0.00,0.10,0.10,0.00,0.10,0.0,0.0,1.5,0.00,0.08,0.08,0.00,0.08
Gabriele Corbo,it,DF,Bologna,19,2000,2,,0,0,0,0,1,0,0.00,0.00,0.00,0.00,0.00,0.0,0.0,0.0,0.00,0.00,0.00,0.00,0.00
Andreas Cornelius,dk,FW,Parma,26,1993,26,,12,3,0,0,1,0,0.72,0.18,0.90,0.72,0.90,7.2,7.2,1.6,0.43,0.10,0.53,0.43,0.53
Joaquín Correa,ar,"FW,MF",Lazio,24,1994,30,,9,2,0,0,0,0,0.40,0.09,0.49,0.40,0.49,9.8,9.8,2.8,0.44,0.13,0.57,0.44,0.57
Angelo da Costa Júnior,br,GK,Bologna,35,1983,1,,0,0,0,0,0,0,0.00,0.00,0.00,0.00,0.00,0.0,0.0,0.0,0.00,0.00,0.00,0.00,0.00
Douglas Costa,br,"FW,MF",Juventus,28,1990,23,,1,4,0,0,1,0,0.11,0.45,0.56,0.11,0.56,1.1,1.1,3.4,0.12,0.38,0.50,0.12,0.50
Alessio Cragno,it,GK,Cagliari,25,1994,16,,0,0,0,0,1,0,0.00,0.00,0.00,0.00,0.00,0.0,0.0,0.0,0.00,0.00,0.00,0.00,0.00
Domenico Criscito,it,DF,Genoa,32,1986,26,,8,0,7,9,7,0,0.35,0.00,0.35,0.04,0.04,7.2,0.3,1.4,0.31,0.06,0.38,0.01,0.08
Bryan Cristante,it,MF,Roma,24,1995,26,,1,3,0,0,7,1,0.06,0.17,0.22,0.06,0.22,1.2,1.2,1.7,0.07,0.09,0.16,0.07,0.16
Sebastián Cristóforo,uy,MF,Fiorentina,25,1993,1,,0,0,0,0,0,0,0.00,0.00,0.00,0.00,0.00,0.0,0.0,0.2,0.00,0.15,0.15,0.00,0.15
Juan Cuadrado,co,DF,Juventus,31,1988,33,,2,5,0,0,7,1,0.07,0.17,0.24,0.07,0.24,1.4,1.4,4.5,0.05,0.15,0.20,0.05,0.20
Jaume Cuéllar,bo,"FW,MF",SPAL,17,2001,2,,0,0,0,0,0,0,0.00,0.00,0.00,0.00,0.00,0.0,0.0,0.0,0.00,0.00,0.00,0.00,0.00
Felipe Curcio,br,DF,Brescia,26,1993,1,,0,0,0,0,0,0,0.00,0.00,0.00,0.00,0.00,0.0,0.0,0.0,0.00,0.00,0.00,0.00,0.00
Patrick Cutrone,it,FW,Fiorentina,21,1998,19,,4,1,0,0,1,0,0.43,0.11,0.54,0.43,0.54,4.1,4.1,1.0,0.44,0.11,0.55,0.44,0.55
Lennart-Marten Czyborra,de,DF,Atalanta,20,1999,1,,0,0,0,0,0,0,0.00,0.00,0.00,0.00,0.00,0.0,0.0,0.0,0.00,0.00,0.00,0.00,0.00
Marco D'Alessandro,it,"MF,DF",SPAL,28,1991,15,,2,0,0,0,0,1,0.23,0.00,0.23,0.23,0.23,0.6,0.6,1.0,0.07,0.12,0.18,0.07,0.18
Danilo D'Ambrosio,it,DF,Inter,30,1988,22,,4,0,0,0,6,0,0.26,0.00,0.26,0.26,0.26,1.8,1.8,1.4,0.12,0.09,0.21,0.12,0.21
Felice D'Amico,it,MF,Sampdoria,18,2000,2,,0,0,0,0,0,0,0.00,0.00,0.00,0.00,0.00,0.0,0.0,0.0,1.02,0.00,1.02,1.02,1.02
Jacopo Da Riva,it,FW,Atalanta,18,2000,1,,0,0,0,0,0,0,0.00,0.00,0.00,0.00,0.00,0.0,0.0,0.0,0.00,2.10,2.10,0.00,2.10
Bryan Dabo,bf,MF,SPAL,27,1992,16,,1,4,0,0,4,0,0.08,0.32,0.40,0.08,0.40,0.7,0.7,0.8,0.05,0.06,0.12,0.05,0.12
Felipe dal Belo,br,DF,SPAL,35,1984,15,,0,0,0,0,5,0,0.00,0.00,0.00,0.00,0.00,0.6,0.6,0.0,0.06,0.00,0.06,0.06,0.06
Christian Dalle Mura,it,MF,Fiorentina,17,2002,1,,0,0,0,0,0,0,0.00,0.00,0.00,0.00,0.00,0.0,0.0,0.0,0.00,0.00,0.00,0.00,0.00
Danilo,br,DF,Juventus,28,1991,22,,2,0,0,0,4,1,0.12,0.00,0.12,0.12,0.12,0.7,0.7,0.6,0.04,0.04,0.08,0.04,0.08
Andrea Danzi,it,MF,Hellas Verona,20,1999,1,,0,0,0,0,0,0,0.00,0.00,0.00,0.00,0.00,0.0,0.0,0.0,0.00,0.00,0.00,0.00,0.00
Matteo Darmian,it,DF,Parma,29,1989,33,,1,1,0,0,6,0,0.03,0.03,0.07,0.03,0.07,0.8,0.8,0.8,0.03,0.03,0.05,0.03,0.05
Paweł Dawidowicz,pl,DF,Hellas Verona,24,1995,15,,1,0,0,0,4,2,0.13,0.00,0.13,0.13,0.13,0.4,0.4,0.0,0.05,0.00,0.05,0.05,0.05
Sebastien De Maio,fr,DF,Udinese,32,1987,21,,0,0,0,0,1,0,0.00,0.00,0.00,0.00,0.00,0.9,0.9,0.0,0.05,0.00,0.05,0.05,0.05
Rodrigo De Paul,ar,MF,Udinese,25,1994,34,,7,6,0,0,5,1,0.22,0.19,0.41,0.22,0.41,5.3,5.3,6.9,0.17,0.22,0.39,0.17,0.39
Mattia De Sciglio,it,DF,Juventus,26,1992,9,,0,0,0,0,1,0,0.00,0.00,0.00,0.00,0.00,0.0,0.0,0.1,0.01,0.01,0.02,0.01,0.02
Lorenzo De Silvestri,it,DF,Torino,31,1988,29,,0,0,0,0,2,0,0.00,0.00,0.00,0.00,0.00,2.0,2.0,1.6,0.08,0.06,0.14,0.08,0.14
Grégoire Defrel,mq,"FW,MF",Sassuolo,28,1991,17,,3,3,1,1,1,0,0.28,0.28,0.55,0.18,0.46,3.2,2.5,1.4,0.30,0.13,0.42,0.23,0.35
Alessandro Deiola,it,MF,Cagliari,23,1995,1,,0,0,0,0,0,0,0.00,0.00,0.00,0.00,0.00,0.0,0.0,0.0,0.00,0.00,0.00,0.00,0.00
Alessandro Deiola,it,MF,Lecce,23,1995,10,,1,1,0,0,3,0,0.13,0.13,0.25,0.13,0.25,0.4,0.4,0.3,0.06,0.03,0.09,0.06,0.09
Cristian Dell'Orco,it,DF,Lecce,25,1994,14,,0,1,0,0,2,1,0.00,0.09,0.09,0.00,0.09,0.0,0.0,0.5,0.00,0.04,0.04,0.00,0.04
Merih Demiral,tr,DF,Juventus,21,1998,6,,1,1,0,0,1,0,0.22,0.22,0.43,0.22,0.43,0.4,0.4,0.3,0.09,0.06,0.14,0.09,0.14
Diego Demme,de,MF,Napoli,27,1991,15,,1,0,0,0,6,0,0.10,0.00,0.10,0.10,0.10,0.3,0.3,0.4,0.03,0.04,0.07,0.03,0.07
Stefano Denswil,nl,DF,Bologna,26,1993,26,,0,1,0,0,7,1,0.00,0.04,0.04,0.00,0.04,1.1,1.1,0.5,0.05,0.02,0.06,0.05,0.06
Fabio Depaoli,it,"MF,DF",Sampdoria,22,1997,29,,0,1,0,0,7,0,0.00,0.05,0.05,0.00,0.05,1.5,1.5,2.2,0.07,0.11,0.18,0.07,0.18
Kastriot Dermaku,al,DF,Parma,27,1992,16,,0,0,0,0,2,0,0.00,0.00,0.00,0.00,0.00,0.8,0.8,0.0,0.07,0.00,0.07,0.07,0.07
Daniele Dessena,it,MF,Brescia,32,1987,24,,2,0,0,0,7,1,0.10,0.00,0.10,0.10,0.10,1.3,1.3,0.2,0.06,0.01,0.07,0.06,0.07
Mattia Destro,it,"FW,MF",Genoa,28,1991,8,,0,0,0,0,0,0,0.00,0.00,0.00,0.00,0.00,0.4,0.4,0.0,0.27,0.00,0.27,0.27,0.27
Mattia Destro,it,FW,Bologna,28,1991,5,,0,0,0,0,2,0,0.00,0.00,0.00,0.00,0.00,0.4,0.4,0.9,0.19,0.44,0.63,0.19,0.63
Samuel Di Carmine,it,FW,Hellas Verona,30,1988,22,,8,0,1,2,3,0,0.56,0.00,0.56,0.49,0.49,6.3,4.8,0.6,0.44,0.04,0.48,0.33,0.38
Federico Di Francesco,it,FW,SPAL,25,1994,20,,2,0,0,0,4,0,0.17,0.00,0.17,0.17,0.17,2.4,2.4,1.0,0.20,0.08,0.28,0.20,0.28
Giovanni Di Lorenzo,it,DF,Napoli,25,1993,33,,3,3,0,0,5,0,0.09,0.09,0.18,0.09,0.18,3.1,3.1,2.8,0.09,0.09,0.18,0.09,0.18
Amadou Diawara,gn,MF,Roma,22,1997,22,,1,1,1,1,4,0,0.06,0.06,0.12,0.00,0.06,1.0,0.3,0.5,0.06,0.03,0.09,0.01,0.04
Mitchell Dijks,nl,DF,Bologna,26,1993,13,,0,0,0,0,4,0,0.00,0.00,0.00,0.00,0.00,0.0,0.0,0.8,0.00,0.07,0.07,0.00,0.07
Federico Dimarco,it,DF,Hellas Verona,21,1997,13,,0,3,0,0,1,0,0.00,0.52,0.52,0.00,0.52,0.6,0.6,1.9,0.11,0.34,0.44,0.11,0.44
Federico Dimarco,it,"DF,MF",Inter,21,1997,3,,0,0,0,0,0,0,0.00,0.00,0.00,0.00,0.00,0.0,0.0,0.0,0.14,0.00,0.14,0.14,0.14
Koffi Djidji,ci,DF,Torino,26,1992,17,,0,0,0,0,0,0,0.00,0.00,0.00,0.00,0.00,0.0,0.0,0.1,0.00,0.01,0.01,0.00,0.01
Berat Djimsiti,al,DF,Atalanta,26,1993,34,,2,1,0,0,5,0,0.06,0.03,0.10,0.06,0.10,1.8,1.8,0.5,0.06,0.01,0.07,0.06,0.07
Nicolás Domínguez,ar,MF,Bologna,21,1998,16,,0,1,0,0,1,0,0.00,0.13,0.13,0.00,0.13,0.5,0.5,0.9,0.06,0.11,0.18,0.06,0.18
Giulio Donati,it,DF,Lecce,29,1990,20,,1,0,0,0,4,0,0.05,0.00,0.05,0.05,0.05,0.5,0.5,1.7,0.03,0.09,0.11,0.03,0.11
Alfredo Donnarumma,it,FW,Brescia,28,1990,31,,7,2,2,2,1,0,0.37,0.11,0.48,0.27,0.37,6.7,5.2,1.1,0.36,0.06,0.41,0.28,0.33
Gianluigi Donnarumma,it,GK,Milan,20,1999,36,,0,0,0,0,3,0,0.00,0.00,0.00,0.00,0.00,0.0,0.0,0.0,0.00,0.00,0.00,0.00,0.00
Bartłomiej Drągowski,pl,GK,Fiorentina,21,1997,31,,0,0,0,0,1,0,0.00,0.00,0.00,0.00,0.00,0.0,0.0,0.0,0.00,0.00,0.00,0.00,0.00
Léo Duarte,br,DF,Milan,23,1996,6,,0,0,0,0,2,0,0.00,0.00,0.00,0.00,0.00,0.3,0.3,0.0,0.08,0.00,0.08,0.08,0.08
Edgaras Dubickas,lt,DF,Lecce,21,1998,1,,0,0,0,0,0,0,0.00,0.00,0.00,0.00,0.00,0.0,0.0,0.0,0.00,0.00,0.00,0.00,0.00
Alfred Duncan,gh,MF,Sassuolo,26,1993,13,,1,5,0,0,3,0,0.11,0.53,0.64,0.11,0.64,1.3,1.3,0.9,0.14,0.10,0.24,0.14,0.24
Alfred Duncan,gh,MF,Fiorentina,26,1993,13,,1,1,0,0,2,0,0.10,0.10,0.20,0.10,0.20,0.7,0.7,0.6,0.07,0.06,0.13,0.07,0.13
Paulo Dybala,ar,"FW,MF",Juventus,25,1993,33,,11,6,1,1,5,0,0.46,0.25,0.71,0.42,0.67,8.8,8.1,6.6,0.37,0.27,0.64,0.34,0.61
Edin Džeko,ba,FW,Roma,33,1986,35,,16,7,0,0,4,0,0.50,0.22,0.73,0.50,0.73,18.1,18.1,5.0,0.57,0.16,0.73,0.57,0.73
Blerim Džemaili,ch,MF,Bologna,33,1986,14,,1,1,0,0,2,0,0.13,0.13,0.26,0.13,0.26,0.6,0.6,1.4,0.07,0.18,0.25,0.07,0.25
Simone Edera,it,"MF,FW",Torino,22,1997,13,,1,1,0,0,4,1,0.23,0.23,0.45,0.23,0.45,0.9,0.9,0.4,0.21,0.09,0.30,0.21,0.30
Albin Ekdal,se,MF,Sampdoria,30,1989,32,,0,2,0,0,8,0,0.00,0.08,0.08,0.00,0.08,1.6,1.6,1.0,0.06,0.04,0.10,0.06,0.10
Elif Elmas,mk,MF,Napoli,19,1999,26,,1,1,0,0,7,0,0.08,0.08,0.16,0.08,0.16,1.9,1.9,0.9,0.15,0.07,0.21,0.15,0.21
Alan Empereur,br,DF,Hellas Verona,25,1994,13,,0,0,0,0,3,0,0.00,0.00,0.00,0.00,0.00,0.0,0.0,0.0,0.00,0.00,0.01,0.00,0.01
Christian Eriksen,dk,MF,Inter,27,1992,17,,1,2,0,0,0,0,0.13,0.26,0.38,0.13,0.38,2.5,2.5,3.1,0.32,0.40,0.71,0.32,0.71
Espeto,br,"DF,MF",SPAL,22,1997,32,,1,2,0,0,9,1,0.04,0.09,0.13,0.04,0.13,2.4,2.4,1.2,0.10,0.05,0.15,0.10,0.15
Sebastiano Esposito,it,FW,Inter,17,2002,7,,1,0,1,1,2,0,0.45,0.00,0.45,0.00,0.00,1.7,1.0,0.1,0.78,0.05,0.84,0.44,0.49
Valentin Eysseric,fr,MF,Fiorentina,27,1992,3,,0,0,0,0,0,0,0.00,0.00,0.00,0.00,0.00,0.1,0.1,0.0,0.18,0.00,0.18,0.18,0.18
Valentin Eysseric,fr,"MF,FW",Hellas Verona,27,1992,6,,0,0,0,0,3,0,0.00,0.00,0.00,0.00,0.00,0.5,0.5,0.7,0.13,0.19,0.32,0.13,0.32
Luca Falbo,it,DF,Lazio,19,2000,1,,0,0,0,0,0,0,0.00,0.00,0.00,0.00,0.00,0.0,0.0,0.0,0.00,0.00,0.00,0.00,0.00
Filippo Falco,it,"FW,MF",Lecce,27,1992,30,,4,6,0,0,0,0,0.18,0.27,0.45,0.18,0.45,3.1,3.1,4.3,0.14,0.19,0.33,0.14,0.33
Wladimiro Falcone,it,GK,Sampdoria,24,1995,2,,0,0,0,0,1,0,0.00,0.00,0.00,0.00,0.00,0.0,0.0,0.0,0.00,0.00,0.00,0.00,0.00
Iago Falque,es,"MF,FW",Torino,29,1990,4,,0,0,0,0,0,0,0.00,0.00,0.00,0.00,0.00,0.2,0.2,0.1,0.15,0.10,0.26,0.15,0.26
Iago Falque,es,MF,Genoa,29,1990,10,,2,1,2,3,0,0,0.35,0.17,0.52,0.00,0.17,3.0,0.7,0.9,0.52,0.16,0.67,0.13,0.29
Andri Fannar Baldursson,is,MF,Bologna,17,2002,7,,0,0,0,0,0,0,0.00,0.00,0.00,0.00,0.00,0.1,0.1,0.1,0.05,0.07,0.12,0.05,0.12
Paolo Faragò,it,DF,Cagliari,26,1993,21,,1,1,0,0,3,0,0.07,0.07,0.13,0.07,0.13,1.5,1.5,0.7,0.10,0.05,0.15,0.10,0.15
Davide Faraoni,it,DF,Hellas Verona,27,1991,36,,5,3,0,0,6,0,0.14,0.08,0.22,0.14,0.22,4.4,4.4,2.3,0.12,0.06,0.18,0.12,0.18
Mohamed Fares,dz,"DF,MF",SPAL,23,1996,8,,0,0,0,0,2,0,0.00,0.00,0.00,0.00,0.00,0.1,0.1,0.7,0.02,0.14,0.16,0.02,0.16
Diego Farias,br,"FW,MF",Lecce,29,1990,18,,2,0,0,0,3,1,0.22,0.00,0.22,0.22,0.22,1.7,1.7,1.7,0.19,0.19,0.37,0.19,0.37
Andrea Favilli,it,FW,Genoa,22,1997,20,,0,0,0,0,4,0,0.00,0.00,0.00,0.00,0.00,1.6,1.6,0.8,0.21,0.10,0.32,0.21,0.32
Federico Fazio,ar,DF,Roma,32,1987,16,,1,0,0,0,2,1,0.07,0.00,0.07,0.07,0.07,0.3,0.3,0.4,0.02,0.03,0.05,0.02,0.05
Luiz Felipe,br,DF,Lazio,22,1997,26,,1,1,0,0,6,0,0.04,0.04,0.09,0.04,0.09,0.5,0.5,0.3,0.02,0.02,0.04,0.02,0.04
Lucas Felippe,br,"MF,DF",Hellas Verona,19,2000,2,,0,0,0,0,0,0,0.00,0.00,0.00,0.00,0.00,0.0,0.0,0.0,0.13,0.00,0.13,0.13,0.13
Alex Ferrari,it,DF,Sampdoria,25,1994,12,,0,0,0,0,4,0,0.00,0.00,0.00,0.00,0.00,0.3,0.3,0.0,0.03,0.00,0.03,0.03,0.03
Sergio Floccari,it,FW,SPAL,37,1981,24,,1,0,0,0,3,0,0.10,0.00,0.10,0.10,0.10,1.1,1.1,0.9,0.11,0.08,0.19,0.11,0.19
Alessandro Florenzi,it,"DF,FW",Roma,28,1991,14,,0,1,0,0,5,0,0.00,0.09,0.09,0.00,0.09,0.6,0.6,2.0,0.05,0.18,0.23,0.05,0.23
Seko Fofana,ci,MF,Udinese,24,1995,32,,3,7,0,0,4,0,0.12,0.28,0.40,0.12,0.40,2.7,2.7,4.4,0.11,0.18,0.28,0.11,0.28
Gianluca Frabotta,it,DF,Juventus,20,1999,1,,0,0,0,0,0,0,0.00,0.00,0.00,0.00,0.00,0.0,0.0,0.0,0.04,0.00,0.04,0.04,0.04
Remo Freuler,ch,MF,Atalanta,27,1992,31,,2,2,0,0,3,0,0.08,0.08,0.15,0.08,0.15,1.9,1.9,2.6,0.07,0.10,0.18,0.07,0.18
Daniel Fuzato,br,GK,Roma,22,1997,1,,0,0,0,0,0,0,0.00,0.00,0.00,0.00,0.00,0.0,0.0,0.0,0.00,0.00,0.00,0.00,0.00
Matteo Gabbia,it,DF,Milan,19,1999,9,,0,0,0,0,1,0,0.00,0.00,0.00,0.00,0.00,0.1,0.1,0.0,0.02,0.00,0.02,0.02,0.02
Manolo Gabbiadini,it,FW,Sampdoria,27,1991,33,,11,1,1,1,2,0,0.49,0.04,0.53,0.44,0.49,8.0,7.3,2.8,0.35,0.12,0.48,0.32,0.45
Gabriel,br,GK,Lecce,26,1992,34,,0,0,0,0,4,0,0.00,0.00,0.00,0.00,0.00,0.0,0.0,0.0,0.00,0.00,0.00,0.00,0.00
Luca Gagliano,it,FW,Cagliari,19,2000,2,,1,1,0,0,0,0,1.73,1.73,3.46,1.73,3.46,0.4,0.4,0.0,0.62,0.06,0.68,0.62,0.68
Roberto Gagliardini,it,MF,Inter,25,1994,24,,4,2,0,0,5,0,0.20,0.10,0.30,0.20,0.30,4.7,4.4,1.2,0.24,0.06,0.30,0.22,0.28
Riccardo Gagliolo,se,DF,Parma,29,1990,32,,3,2,0,0,7,0,0.10,0.07,0.17,0.10,0.17,2.6,2.6,2.3,0.09,0.08,0.17,0.09,0.17
Daniele Gastaldello,it,DF,Brescia,36,1983,8,,0,0,0,0,1,0,0.00,0.00,0.00,0.00,0.00,0.0,0.0,0.0,0.01,0.00,0.01,0.01,0.01
Gervinho,ci,FW,Parma,32,1987,31,,7,4,0,1,3,0,0.28,0.16,0.44,0.28,0.44,8.9,8.1,2.3,0.35,0.09,0.44,0.32,0.41
Rachid Ghezzal,dz,"MF,FW",Fiorentina,27,1992,19,,1,0,0,0,5,0,0.11,0.00,0.11,0.11,0.11,0.6,0.6,1.6,0.06,0.17,0.23,0.06,0.23
Andrea Ghezzi,it,"MF,FW",Brescia,,,5,,0,0,0,0,0,0,0.00,0.00,0.00,0.00,0.00,0.1,0.1,0.0,0.37,0.00,0.37,0.37,0.37
Paolo Ghiglione,it,DF,Genoa,22,1997,25,,0,5,0,0,4,0,0.00,0.26,0.26,0.00,0.26,1.0,1.0,2.0,0.05,0.11,0.16,0.05,0.16
Andrea Ghion,it,"MF,FW",Sassuolo,19,2000,3,,0,0,0,0,0,0,0.00,0.00,0.00,0.00,0.00,0.1,0.1,0.1,0.11,0.17,0.28,0.11,0.28
Faouzi Ghoulam,dz,DF,Napoli,28,1991,9,,0,1,0,0,2,0,0.00,0.24,0.24,0.00,0.24,0.2,0.2,1.0,0.04,0.24,0.27,0.04,0.27
Diego Godín,uy,DF,Inter,33,1986,23,,1,1,0,0,5,0,0.06,0.06,0.11,0.06,0.11,0.9,0.9,0.9,0.05,0.05,0.10,0.05,0.10
Edoardo Goldaniga,it,DF,Genoa,25,1993,13,,1,0,0,0,4,0,0.11,0.00,0.11,0.11,0.11,1.1,1.1,0.2,0.12,0.02,0.15,0.12,0.15
Pierluigi Gollini,it,GK,Atalanta,24,1995,33,,0,0,0,0,3,0,0.00,0.00,0.00,0.00,0.00,0.0,0.0,0.0,0.00,0.00,0.00,0.00,0.00
Papu Gómez,ar,"MF,FW",Atalanta,31,1988,36,,7,16,0,0,2,0,0.22,0.51,0.73,0.22,0.73,8.7,8.7,10.3,0.27,0.33,0.60,0.27,0.60
Robin Gosens,de,DF,Atalanta,25,1994,34,,9,7,0,0,3,0,0.31,0.24,0.55,0.31,0.55,5.8,5.8,3.4,0.20,0.12,0.32,0.20,0.32
Alberto Grassi,it,MF,Parma,24,1995,16,,1,1,0,0,6,0,0.14,0.14,0.28,0.14,0.28,0.4,0.4,0.2,0.06,0.03,0.08,0.06,0.08
Sinan Gümüş,tr,FW,Genoa,25,1994,3,,0,0,0,0,0,0,0.00,0.00,0.00,0.00,0.00,0.2,0.2,0.0,0.20,0.00,0.20,0.20,0.20
Koray Günter,de,DF,Hellas Verona,24,1994,32,,0,0,0,0,7,0,0.00,0.00,0.00,0.00,0.00,0.5,0.5,0.2,0.02,0.01,0.02,0.02,0.02
Samir Handanović,si,GK,Inter,35,1984,35,,0,0,0,0,2,0,0.00,0.00,0.00,0.00,0.00,0.0,0.0,0.3,0.00,0.01,0.01,0.00,0.01
Lukáš Haraslín,sk,FW,Sassuolo,23,1996,11,,1,0,0,0,1,0,0.23,0.00,0.23,0.23,0.23,0.9,0.9,0.4,0.21,0.10,0.31,0.21,0.31
Hans Hateboer,nl,DF,Atalanta,25,1994,32,,0,4,0,0,10,0,0.00,0.15,0.15,0.00,0.15,1.6,1.6,3.6,0.06,0.14,0.20,0.06,0.20
Liam Henderson,sco,MF,Hellas Verona,23,1996,4,,0,0,0,0,1,0,0.00,0.00,0.00,0.00,0.00,0.0,0.0,0.3,0.02,0.12,0.14,0.02,0.14
Dalbert Henrique,br,DF,Fiorentina,25,1993,31,,0,5,0,0,8,1,0.00,0.18,0.18,0.00,0.18,0.6,0.6,3.7,0.02,0.13,0.16,0.02,0.16
Theo Hernández,fr,DF,Milan,21,1997,33,,6,3,0,0,10,0,0.19,0.10,0.29,0.19,0.29,4.3,4.3,4.8,0.14,0.15,0.29,0.14,0.29
Hernani,br,MF,Parma,25,1994,32,,0,4,0,0,10,0,0.00,0.15,0.15,0.00,0.15,1.2,1.2,1.8,0.05,0.07,0.11,0.05,0.11
Gonzalo Higuaín,ar,FW,Juventus,31,1987,32,,8,4,0,0,2,0,0.39,0.19,0.58,0.39,0.58,9.5,9.5,4.3,0.46,0.21,0.66,0.46,0.66
Krisztofer Horváth,hu,"FW,DF",SPAL,17,2002,3,,0,0,0,0,0,0,0.00,0.00,0.00,0.00,0.00,0.0,0.0,0.0,0.03,0.05,0.09,0.03,0.09
Elseid Hysaj,al,DF,Napoli,25,1994,20,,1,2,0,0,3,0,0.06,0.12,0.18,0.06,0.18,0.3,0.3,1.4,0.02,0.08,0.10,0.02,0.10
Simone Iacoponi,it,DF,Parma,32,1987,36,,2,0,0,0,7,0,0.06,0.00,0.06,0.06,0.06,0.9,0.9,0.3,0.03,0.01,0.03,0.03,0.03
Roger Ibanez,br,DF,Roma,20,1998,9,,0,0,0,0,1,0,0.00,0.00,0.00,0.00,0.00,0.3,0.3,0.0,0.04,0.01,0.05,0.04,0.05
Zlatan Ibrahimović,se,FW,Milan,37,1981,18,,10,5,2,3,1,0,0.66,0.33,0.99,0.53,0.86,9.9,7.7,3.4,0.65,0.23,0.88,0.51,0.73
Igor,br,DF,Fiorentina,21,1998,9,,0,0,0,0,2,0,0.00,0.00,0.00,0.00,0.00,0.0,0.0,0.0,0.00,0.01,0.01,0.00,0.01
Igor,br,DF,SPAL,21,1998,17,,0,1,0,0,7,0,0.00,0.07,0.07,0.00,0.07,0.1,0.1,0.9,0.01,0.06,0.07,0.01,0.07
Josip Iličić,si,FW,Atalanta,31,1988,26,,15,5,0,0,1,1,0.81,0.27,1.08,0.81,1.08,9.2,9.2,6.8,0.50,0.37,0.87,0.50,0.87
Giannelli Imbula,cd,MF,Lecce,26,1992,3,,0,0,0,0,0,0,0.00,0.00,0.00,0.00,0.00,0.0,0.0,0.0,0.00,0.00,0.00,0.00,0.00
Ciro Immobile,it,FW,Lazio,29,1990,37,,36,9,14,15,8,0,1.02,0.26,1.28,0.62,0.88,26.9,15.4,6.5,0.76,0.19,0.95,0.44,0.62
Roberto Inglese,it,FW,Parma,27,1991,17,,4,0,0,1,1,0,0.47,0.00,0.47,0.47,0.47,4.3,3.6,0.3,0.51,0.03,0.54,0.42,0.45
Lorenzo Insigne,it,"FW,MF",Napoli,28,1991,37,,8,6,5,5,1,0,0.26,0.19,0.45,0.10,0.29,12.9,9.1,7.1,0.41,0.23,0.64,0.29,0.52
Artur Ioniță,md,MF,Cagliari,28,1990,34,,0,2,0,0,6,0,0.00,0.09,0.09,0.00,0.09,0.9,0.9,0.7,0.04,0.03,0.08,0.04,0.08
Jakub Iskra,pl,DF,SPAL,16,2002,2,,0,0,0,0,0,0,0.00,0.00,0.00,0.00,0.00,0.0,0.0,0.0,0.03,0.00,0.03,0.03,0.03
Armando Izzo,it,DF,Torino,27,1992,31,,1,0,0,0,7,2,0.03,0.00,0.03,0.03,0.03,1.3,1.3,1.0,0.04,0.03,0.08,0.04,0.08
Filip Jagiełło,pl,MF,Genoa,21,1997,11,,0,2,0,0,0,0,0.00,0.33,0.33,0.00,0.33,0.3,0.3,0.8,0.04,0.14,0.18,0.04,0.18
Mato Jajalo,ba,MF,Udinese,31,1988,26,,0,0,0,0,8,1,0.00,0.00,0.00,0.00,0.00,0.3,0.3,0.6,0.02,0.04,0.05,0.02,0.05
Marko Janković,me,"MF,DF",SPAL,24,1995,6,,0,0,0,0,1,0,0.00,0.00,0.00,0.00,0.00,0.1,0.1,0.3,0.07,0.20,0.27,0.07,0.27
Jakub Jankto,cz,MF,Sampdoria,23,1996,30,,2,4,0,0,8,0,0.09,0.17,0.26,0.09,0.26,2.8,2.8,4.6,0.12,0.20,0.32,0.12,0.32
Juan Jesus,br,DF,Roma,28,1991,4,,0,0,0,0,2,0,0.00,0.00,0.00,0.00,0.00,0.0,0.0,0.0,0.00,0.00,0.00,0.00,0.00
Jony,es,DF,Lazio,28,1991,24,,0,1,0,0,4,0,0.00,0.08,0.08,0.00,0.08,0.4,0.4,1.1,0.03,0.09,0.12,0.03,0.12
Jesse Joronen,fi,GK,Brescia,26,1993,29,,0,0,0,0,1,0,0.00,0.00,0.00,0.00,0.00,0.0,0.0,0.1,0.00,0.00,0.00,0.00,0.00
Hamed Junior Traorè,ci,"MF,FW",Sassuolo,19,2000,31,,4,1,0,0,3,0,0.23,0.06,0.29,0.23,0.29,4.8,4.8,2.2,0.27,0.13,0.40,0.27,0.40
Musa Juwara,gm,"FW,MF",Bologna,17,2001,7,,1,0,0,0,1,0,0.59,0.00,0.59,0.59,0.59,0.2,0.2,0.1,0.14,0.08,0.22,0.14,0.22
Nikola Kalinić,hr,FW,Roma,31,1988,15,,5,1,0,0,1,0,0.79,0.16,0.95,0.79,0.95,4.6,4.6,1.0,0.73,0.16,0.89,0.73,0.89
Yann Karamoh,fr,"FW,MF",Parma,21,1998,14,,1,1,0,0,0,0,0.16,0.16,0.31,0.16,0.31,0.6,0.6,0.9,0.10,0.14,0.23,0.10,0.23
Franck Kessié,ci,MF,Milan,22,1996,35,,4,1,2,2,3,0,0.12,0.03,0.15,0.06,0.09,4.1,2.6,2.4,0.13,0.08,0.20,0.08,0.16
Sami Khedira,de,MF,Juventus,32,1987,12,,0,1,0,0,3,0,0.00,0.13,0.13,0.00,0.13,1.1,1.1,0.5,0.15,0.07,0.22,0.15,0.22
Giorgos Kiriakopoulos,gr,DF,Sassuolo,23,1996,26,,0,1,0,0,4,0,0.00,0.05,0.05,0.00,0.05,0.7,0.7,0.5,0.04,0.03,0.07,0.04,0.07
Simon Kjær,dk,DF,Atalanta,30,1989,5,,0,0,0,0,2,0,0.00,0.00,0.00,0.00,0.00,0.1,0.1,0.0,0.02,0.00,0.02,0.02,0.02
Simon Kjær,dk,DF,Milan,30,1989,15,,0,0,0,0,2,0,0.00,0.00,0.00,0.00,0.00,0.5,0.5,0.0,0.03,0.00,0.03,0.03,0.03
Ragnar Klavan,ee,DF,Cagliari,33,1985,31,,0,0,0,0,4,0,0.00,0.00,0.00,0.00,0.00,0.4,0.4,0.6,0.02,0.02,0.04,0.02,0.04
Justin Kluivert,nl,FW,Roma,20,1999,22,,4,1,0,0,6,1,0.24,0.06,0.30,0.24,0.30,2.9,2.9,1.1,0.17,0.07,0.24,0.17,0.24
Aleksandar Kolarov,rs,DF,Roma,33,1985,32,,7,3,2,4,6,0,0.23,0.10,0.33,0.16,0.26,6.9,3.9,4.9,0.23,0.16,0.39,0.13,0.29
Christian Kouamé,ci,FW,Genoa,21,1997,11,,5,2,0,0,1,0,0.49,0.20,0.69,0.49,0.69,1.7,1.7,1.0,0.17,0.10,0.27,0.17,0.27
Christian Kouamé,ci,FW,Fiorentina,21,1997,7,,1,1,0,0,0,0,0.30,0.30,0.60,0.30,0.60,1.5,1.5,0.2,0.46,0.07,0.53,0.46,0.53
Kalidou Koulibaly,sn,DF,Napoli,28,1991,25,,0,0,0,0,7,1,0.00,0.00,0.00,0.00,0.00,0.9,0.9,0.5,0.04,0.02,0.06,0.04,0.06
Ladislav Krejčí,cz,DF,Bologna,27,1992,14,,1,0,0,0,1,0,0.09,0.00,0.09,0.09,0.09,0.3,0.3,0.5,0.03,0.04,0.07,0.03,0.07
Rade Krunić,ba,MF,Milan,25,1993,15,,0,1,0,0,3,0,0.00,0.17,0.17,0.00,0.17,0.4,0.4,1.0,0.07,0.17,0.24,0.07,0.24
Juraj Kucka,sk,"MF,FW",Parma,32,1987,26,,6,3,2,2,5,1,0.28,0.14,0.42,0.19,0.33,4.6,3.1,1.9,0.22,0.09,0.30,0.15,0.23
Dejan Kulusevski,se,"FW,MF",Parma,19,2000,36,,10,8,1,1,3,0,0.31,0.25,0.55,0.28,0.52,6.7,6.0,9.0,0.21,0.28,0.48,0.18,0.46
Marash Kumbulla,al,DF,Hellas Verona,19,2000,25,,1,0,0,0,7,1,0.05,0.00,0.05,0.05,0.05,1.6,1.6,0.1,0.08,0.00,0.08,0.08,0.08
Jasmin Kurtić,si,MF,SPAL,30,1989,16,,2,0,0,0,5,0,0.13,0.00,0.13,0.13,0.13,2.4,2.4,2.1,0.15,0.13,0.28,0.15,0.28
Jasmin Kurtić,si,"MF,FW",Parma,30,1989,20,,2,1,0,0,5,0,0.11,0.05,0.16,0.11,0.16,0.8,0.8,1.7,0.05,0.09,0.14,0.05,0.14
Antonino La Gumina,it,FW,Sampdoria,23,1996,5,,0,0,0,0,0,0,0.00,0.00,0.00,0.00,0.00,0.3,0.3,0.2,0.14,0.08,0.22,0.14,0.22
Andrea La Mantia,it,FW,Lecce,28,1991,12,,2,0,0,0,1,0,0.33,0.00,0.33,0.33,0.33,3.5,3.5,0.2,0.57,0.03,0.60,0.57,0.60
Riccardo Ladinetti,it,MF,Cagliari,18,2000,3,,0,0,0,0,0,0,0.00,0.00,0.00,0.00,0.00,0.0,0.0,0.1,0.00,0.08,0.08,0.00,0.08
Gianluca Lapadula,it,FW,Lecce,29,1990,25,,11,0,2,2,8,1,0.55,0.00,0.55,0.45,0.45,10.6,9.1,2.1,0.53,0.11,0.64,0.46,0.56
Danilo Larangeira,br,DF,Bologna,35,1984,30,,2,0,0,0,11,1,0.07,0.00,0.07,0.07,0.07,0.7,0.7,0.2,0.02,0.01,0.03,0.02,0.03
Kevin Lasagna,it,FW,Udinese,26,1992,36,,10,1,0,0,1,0,0.35,0.04,0.39,0.35,0.39,9.6,9.6,2.4,0.34,0.08,0.42,0.34,0.42
Vincent Laurini,fr,DF,Parma,30,1989,15,,0,2,0,0,4,0,0.00,0.20,0.20,0.00,0.20,0.0,0.0,1.1,0.00,0.11,0.11,0.00,0.11
Diego Laxalt,uy,"DF,MF",Torino,26,1993,16,,0,1,0,0,3,0,0.00,0.15,0.15,0.00,0.15,0.2,0.2,0.5,0.03,0.07,0.10,0.03,0.10
Diego Laxalt,uy,DF,Milan,26,1993,4,,0,0,0,0,1,0,0.00,0.00,0.00,0.00,0.00,0.0,0.0,0.1,0.01,0.07,0.08,0.01,0.08
Valentino Lazaro,at,"DF,MF",Inter,23,1996,6,,0,1,0,0,2,0,0.00,0.28,0.28,0.00,0.28,0.1,0.1,1.2,0.03,0.35,0.38,0.03,0.38
Darko Lazović,rs,DF,Hellas Verona,28,1990,38,,3,7,0,0,4,0,0.08,0.19,0.28,0.08,0.28,2.4,2.3,8.1,0.07,0.22,0.29,0.06,0.29
Manuel Lazzari,it,DF,Lazio,25,1993,32,,0,3,0,0,6,0,0.00,0.11,0.11,0.00,0.11,1.4,1.4,3.5,0.05,0.12,0.17,0.05,0.17
Rafael Leão,pt,FW,Milan,20,1999,31,,6,1,0,0,0,0,0.38,0.06,0.45,0.38,0.45,4.9,4.9,3.0,0.31,0.19,0.51,0.31,0.51
Lucas Leiva,br,MF,Lazio,32,1987,25,,0,1,0,0,10,1,0.00,0.05,0.05,0.00,0.05,0.6,0.6,1.9,0.03,0.10,0.13,0.03,0.13
Lukas Lerager,dk,MF,Genoa,26,1993,21,,1,1,0,0,5,0,0.06,0.06,0.13,0.06,0.13,1.3,1.3,1.6,0.08,0.10,0.19,0.08,0.19
Mehdi Léris,fr,"MF,FW",Sampdoria,21,1998,15,,1,1,0,0,0,0,0.18,0.18,0.35,0.18,0.35,0.8,0.6,0.5,0.14,0.08,0.22,0.10,0.18
Karlo Letica,hr,GK,SPAL,22,1997,10,,0,0,0,0,1,0,0.00,0.00,0.00,0.00,0.00,0.0,0.0,0.0,0.00,0.00,0.00,0.00,0.00
Matthijs de Ligt,nl,DF,Juventus,19,1999,29,,4,0,0,0,5,0,0.15,0.00,0.15,0.15,0.15,2.6,2.6,0.3,0.10,0.01,0.11,0.10,0.11
Anderson Lima,br,MF,Lazio,19,1999,6,,0,0,0,0,0,0,0.00,0.00,0.00,0.00,0.00,0.1,0.1,0.3,0.21,0.40,0.61,0.21,0.61
Karol Linetty,pl,MF,Sampdoria,24,1995,28,,4,3,0,0,4,0,0.18,0.13,0.31,0.18,0.31,1.7,1.7,2.1,0.08,0.09,0.17,0.08,0.17
Pol Lirola,es,DF,Fiorentina,21,1997,35,,0,2,0,0,4,0,0.00,0.07,0.07,0.00,0.07,1.5,1.5,2.8,0.05,0.09,0.14,0.05,0.14
Fernando Llorente,es,FW,Napoli,34,1985,17,,3,1,0,0,1,0,0.54,0.18,0.72,0.54,0.72,4.7,4.7,0.7,0.84,0.12,0.96,0.84,0.96
Stanislav Lobotka,sk,MF,Napoli,24,1994,14,,0,0,0,0,0,0,0.00,0.00,0.00,0.00,0.00,0.1,0.1,0.2,0.01,0.02,0.04,0.01,0.04
Manuel Locatelli,it,MF,Sassuolo,21,1998,33,,0,5,0,0,9,0,0.00,0.17,0.17,0.00,0.17,1.7,1.7,4.3,0.06,0.15,0.21,0.06,0.21
Pau López,es,GK,Roma,24,1994,32,,0,0,0,0,3,0,0.00,0.00,0.00,0.00,0.00,0.0,0.0,0.0,0.00,0.00,0.00,0.00,0.00
Matteo Lovato,it,DF,Hellas Verona,19,2000,1,,0,0,0,0,0,0,0.00,0.00,0.00,0.00,0.00,0.0,0.0,0.0,0.00,0.00,0.00,0.00,0.00
Hirving Lozano,mx,FW,Napoli,24,1995,26,,4,1,0,0,3,0,0.35,0.09,0.44,0.35,0.44,4.1,4.1,2.1,0.36,0.19,0.55,0.36,0.55
Fabio Lucioni,it,DF,Lecce,31,1987,36,,3,0,0,0,8,1,0.09,0.00,0.09,0.09,0.09,1.7,1.7,0.0,0.05,0.00,0.05,0.05,0.05
José Luis Palomino,ar,DF,Atalanta,29,1990,30,,2,1,0,0,5,0,0.07,0.04,0.11,0.07,0.11,2.5,2.5,1.2,0.09,0.04,0.13,0.09,0.13
Jordan Lukaku,be,DF,Lazio,25,1994,13,,0,2,0,0,2,0,0.00,0.45,0.45,0.00,0.45,0.1,0.1,0.8,0.02,0.18,0.20,0.02,0.20
Romelu Lukaku,be,FW,Inter,26,1993,36,,23,2,6,6,2,0,0.69,0.06,0.76,0.51,0.57,20.2,15.7,5.2,0.61,0.16,0.77,0.47,0.63
Saša Lukić,rs,MF,Torino,22,1996,30,,1,1,0,0,5,1,0.05,0.05,0.10,0.05,0.10,0.9,0.9,0.6,0.04,0.03,0.07,0.04,0.07
Senad Lulić,ba,DF,Lazio,33,1986,20,,0,2,0,0,6,0,0.00,0.11,0.11,0.00,0.11,1.1,1.1,2.4,0.06,0.14,0.20,0.06,0.20
Sebastiano Luperto,it,DF,Napoli,22,1996,9,,0,0,0,0,2,0,0.00,0.00,0.00,0.00,0.00,0.0,0.0,0.0,0.00,0.01,0.01,0.00,0.01
Lyanco,br,DF,Torino,22,1997,17,,0,0,0,0,5,0,0.00,0.00,0.00,0.00,0.00,0.1,0.1,0.3,0.01,0.03,0.04,0.01,0.04
Charalambos Lykogiannis,gr,DF,Cagliari,25,1993,20,,0,1,0,0,4,0,0.00,0.07,0.07,0.00,0.07,0.5,0.5,1.4,0.03,0.09,0.13,0.03,0.13
Francesco Magnanelli,it,MF,Sassuolo,34,1984,22,,0,0,0,0,5,0,0.00,0.00,0.00,0.00,0.00,0.4,0.4,0.3,0.03,0.02,0.05,0.03,0.05
Giangiacomo Magnani,it,"DF,MF",Brescia,23,1995,2,,0,0,0,0,2,0,0.00,0.00,0.00,0.00,0.00,0.1,0.1,0.0,0.10,0.00,0.10,0.10,0.10
Giangiacomo Magnani,it,DF,Sassuolo,23,1995,8,,1,0,0,0,1,0,0.62,0.00,0.62,0.62,0.62,1.0,1.0,0.1,0.63,0.08,0.71,0.63,0.71
Žan Majer,si,MF,Lecce,27,1992,27,,1,1,0,0,7,0,0.05,0.05,0.11,0.05,0.11,2.3,2.3,1.4,0.13,0.07,0.20,0.13,0.20
Nikola Maksimović,rs,DF,Napoli,27,1991,22,,1,1,0,0,3,1,0.05,0.05,0.10,0.05,0.10,0.7,0.7,0.7,0.04,0.03,0.07,0.04,0.07
Kévin Malcuit,ma,DF,Napoli,28,1991,4,,0,0,0,0,0,0,0.00,0.00,0.00,0.00,0.00,0.0,0.0,0.2,0.01,0.09,0.10,0.01,0.10
Daniel Maldini,it,FW,Milan,17,2001,2,,0,0,0,0,0,0,0.00,0.00,0.00,0.00,0.00,0.0,0.0,0.0,0.00,0.00,0.00,0.00,0.00
Ruslan Malinovskyi,ua,"MF,FW",Atalanta,26,1993,34,,8,3,0,1,7,1,0.47,0.18,0.64,0.47,0.64,4.7,3.9,5.2,0.27,0.30,0.58,0.23,0.53
Gianluca Mancini,it,"DF,MF",Roma,23,1996,32,,1,0,0,0,16,1,0.03,0.00,0.03,0.03,0.03,2.7,2.7,0.6,0.09,0.02,0.11,0.09,0.11
Marco Mancosu,it,"MF,FW",Lecce,30,1988,33,,14,2,9,11,3,0,0.52,0.07,0.59,0.18,0.26,15.2,6.8,3.9,0.56,0.15,0.70,0.25,0.40
Rolando Mandragora,it,MF,Udinese,22,1997,26,,0,2,0,0,2,0,0.00,0.09,0.09,0.00,0.09,3.8,3.8,2.9,0.17,0.13,0.30,0.17,0.30
Massimiliano Mangraviti,it,DF,Brescia,21,1998,13,,0,0,0,0,2,0,0.00,0.00,0.00,0.00,0.00,0.2,0.2,0.1,0.02,0.01,0.03,0.02,0.03
Kostas Manolas,gr,DF,Napoli,28,1991,26,,4,0,0,0,2,0,0.17,0.00,0.17,0.17,0.17,1.7,1.7,0.1,0.07,0.00,0.07,0.07,0.07
Giacomo Manzari,it,"FW,MF",Sassuolo,18,2000,3,,0,0,0,0,0,0,0.00,0.00,0.00,0.00,0.00,0.0,0.0,0.0,0.00,0.00,0.00,0.00,0.00
Gian Marco Ferrari,it,DF,Sassuolo,27,1992,23,,0,1,0,0,5,0,0.00,0.05,0.05,0.00,0.05,1.6,1.6,0.9,0.08,0.04,0.12,0.08,0.12
Federico Marigosu,it,MF,Cagliari,18,2001,2,,0,0,0,0,0,0,0.00,0.00,0.00,0.00,0.00,0.0,0.0,0.0,0.00,0.12,0.12,0.00,0.12
Marlon,br,DF,Sassuolo,23,1995,23,,0,0,0,0,8,0,0.00,0.00,0.00,0.00,0.00,0.9,0.9,0.7,0.05,0.03,0.08,0.05,0.08
Gonzalo Maroni,ar,MF,Sampdoria,20,1999,5,,0,1,0,1,0,0,0.00,0.50,0.50,0.00,0.50,1.1,0.3,0.6,0.55,0.29,0.84,0.17,0.47
Bruno Martella,it,"DF,MF",Brescia,26,1992,24,,0,0,0,0,3,0,0.00,0.00,0.00,0.00,0.00,0.3,0.3,1.2,0.02,0.09,0.11,0.02,0.11
Lautaro Martínez,ar,FW,Inter,21,1997,35,,14,3,2,3,8,1,0.51,0.11,0.62,0.44,0.55,15.9,13.6,2.6,0.58,0.10,0.68,0.50,0.60
Adam Marušić,me,DF,Lazio,26,1992,15,,2,1,0,0,3,0,0.19,0.10,0.29,0.19,0.29,1.6,1.6,0.5,0.15,0.05,0.20,0.15,0.20
Andrea Masiello,it,DF,Genoa,33,1986,15,,0,1,0,0,4,0,0.00,0.07,0.07,0.00,0.07,0.2,0.2,0.0,0.01,0.00,0.02,0.01,0.02
Andrea Masiello,it,DF,Atalanta,33,1986,7,,0,0,0,0,1,0,0.00,0.00,0.00,0.00,0.00,0.0,0.0,0.2,0.00,0.04,0.04,0.00,0.04
Aleš Matějů,cz,DF,Brescia,23,1996,31,,0,1,0,0,10,1,0.00,0.04,0.04,0.00,0.04,0.4,0.4,1.0,0.02,0.04,0.05,0.02,0.05
Alessandro Matri,it,"FW,MF",Brescia,34,1984,8,,0,0,0,0,1,1,0.00,0.00,0.00,0.00,0.00,0.4,0.4,0.3,0.40,0.30,0.71,0.40,0.71
Federico Mattiello,it,DF,Cagliari,24,1995,18,,0,1,0,0,3,0,0.00,0.10,0.10,0.00,0.10,0.2,0.2,1.0,0.02,0.09,0.11,0.02,0.11
Blaise Matuidi,fr,MF,Juventus,32,1987,35,,0,2,0,0,2,0,0.00,0.08,0.08,0.00,0.08,1.1,1.1,1.3,0.04,0.05,0.09,0.04,0.09
Luca Mazzitelli,it,MF,Sassuolo,23,1995,1,,0,0,0,0,0,0,0.00,0.00,0.00,0.00,0.00,0.0,0.0,0.0,0.00,0.00,0.00,0.00,0.00
Ibrahima Mbaye,sn,DF,Bologna,24,1994,20,,0,3,0,0,5,0,0.00,0.18,0.18,0.00,0.18,0.4,0.4,0.5,0.03,0.03,0.05,0.03,0.05
Biagio Meccariello,it,DF,Lecce,28,1991,14,,1,0,0,0,2,0,0.12,0.00,0.12,0.12,0.12,0.2,0.2,0.1,0.03,0.02,0.04,0.03,0.04
Gary Medel,cl,MF,Bologna,31,1987,23,,0,0,0,0,10,1,0.00,0.00,0.00,0.00,0.00,0.4,0.4,0.5,0.02,0.02,0.04,0.02,0.04
Soualiho Meïté,fr,MF,Torino,25,1994,33,,0,2,0,0,5,0,0.00,0.08,0.08,0.00,0.08,0.8,0.8,1.3,0.03,0.05,0.09,0.03,0.09
Alex Meret,it,GK,Napoli,22,1997,22,,0,0,0,0,0,0,0.00,0.00,0.00,0.00,0.00,0.0,0.0,0.0,0.00,0.00,0.00,0.00,0.00
Yıldırım Mert Çetin,tr,DF,Roma,22,1997,6,,0,0,0,0,4,1,0.00,0.00,0.00,0.00,0.00,0.3,0.3,0.0,0.10,0.00,0.10,0.10,0.10
Dries Mertens,be,FW,Napoli,32,1987,31,,9,7,0,0,5,0,0.48,0.37,0.85,0.48,0.85,5.2,5.2,6.4,0.28,0.34,0.62,0.28,0.62
Kingsley Michael,ng,MF,Bologna,19,1999,1,,0,0,0,0,0,0,0.00,0.00,0.00,0.00,0.00,0.0,0.0,0.1,0.00,0.13,0.13,0.00,0.13
Nikola Milenković,rs,DF,Fiorentina,21,1997,37,,5,0,0,0,9,0,0.14,0.00,0.14,0.14,0.14,2.9,2.9,0.2,0.08,0.00,0.08,0.08,0.08
Arkadiusz Milik,pl,FW,Napoli,25,1994,26,,11,0,0,0,5,0,0.57,0.00,0.57,0.57,0.57,10.2,10.2,2.1,0.53,0.11,0.64,0.53,0.64
Sergej Milinković-Savić,rs,MF,Lazio,24,1995,37,,7,4,0,0,9,0,0.21,0.12,0.33,0.21,0.33,6.9,6.9,4.7,0.20,0.14,0.34,0.20,0.34
Vincenzo Millico,it,"MF,FW",Torino,18,2000,11,,0,0,0,0,0,0,0.00,0.00,0.00,0.00,0.00,0.2,0.2,0.3,0.06,0.12,0.18,0.06,0.18
Antonio Mirante,it,GK,Roma,36,1983,5,,0,0,0,0,0,0,0.00,0.00,0.00,0.00,0.00,0.0,0.0,0.0,0.00,0.00,0.00,0.00,0.00
Simone Missiroli,it,MF,SPAL,33,1986,34,,1,0,0,0,7,0,0.03,0.00,0.03,0.03,0.03,1.2,1.2,0.9,0.04,0.03,0.07,0.04,0.07
Henrikh Mkhitaryan,am,"MF,FW",Roma,30,1989,22,,9,5,0,0,5,0,0.53,0.29,0.82,0.53,0.82,6.6,6.6,3.1,0.39,0.18,0.57,0.39,0.57
Gabriele Moncini,it,"FW,MF",SPAL,23,1996,4,,0,0,0,0,0,0,0.00,0.00,0.00,0.00,0.00,0.5,0.5,0.0,0.29,0.02,0.31,0.29,0.31
Ilario Monterisi,it,DF,Lecce,17,2001,1,,0,0,0,0,0,0,0.00,0.00,0.00,0.00,0.00,0.0,0.0,0.0,0.00,0.00,0.00,0.00,0.00
Raúl Moro,es,DF,Lazio,16,2002,1,,0,0,0,0,0,0,0.00,0.00,0.00,0.00,0.00,0.0,0.0,0.0,0.00,0.00,0.00,0.00,0.00
Leonardo Morosini,it,"FW,MF",Brescia,23,1995,3,,0,0,0,0,0,0,0.00,0.00,0.00,0.00,0.00,0.0,0.0,0.0,0.00,0.00,0.00,0.00,0.00
Victor Moses,ng,DF,Inter,28,1990,12,,0,3,0,0,1,0,0.00,0.64,0.64,0.00,0.64,0.2,0.2,2.1,0.04,0.45,0.49,0.04,0.49
Mert Müldür,tr,DF,Sassuolo,20,1999,24,,2,1,0,0,4,0,0.14,0.07,0.21,0.14,0.21,0.9,0.9,1.1,0.06,0.08,0.14,0.06,0.14
Simone Muratore,it,MF,Juventus,21,1998,4,,0,0,0,0,0,0,0.00,0.00,0.00,0.00,0.00,0.1,0.1,0.2,0.04,0.09,0.13,0.04,0.13
Alessandro Murgia,it,MF,SPAL,22,1996,25,,0,1,0,0,3,0,0.00,0.05,0.05,0.00,0.05,2.1,2.1,2.1,0.11,0.11,0.22,0.11,0.22
Luis Muriel,co,FW,Atalanta,28,1991,34,,18,1,6,7,1,0,1.29,0.07,1.36,0.86,0.93,14.0,8.6,4.0,1.00,0.28,1.28,0.62,0.90
Jeison Murillo,co,DF,Sampdoria,27,1992,10,,0,0,0,0,3,1,0.00,0.00,0.00,0.00,0.00,0.0,0.0,0.1,0.01,0.02,0.02,0.01,0.02
Nicola Murru,it,DF,Sampdoria,24,1994,28,,0,0,0,0,6,1,0.00,0.00,0.00,0.00,0.00,0.4,0.4,1.3,0.02,0.05,0.07,0.02,0.07
Mateo Musacchio,ar,DF,Milan,28,1990,18,,0,0,0,0,4,1,0.00,0.00,0.00,0.00,0.00,0.3,0.3,0.5,0.02,0.03,0.05,0.02,0.05
Juan Musso,ar,GK,Udinese,25,1994,38,,0,0,0,0,1,0,0.00,0.00,0.00,0.00,0.00,0.0,0.0,0.0,0.00,0.00,0.00,0.00,0.00
Radja Nainggolan,be,"MF,FW",Cagliari,31,1988,26,,6,7,0,0,5,0,0.26,0.30,0.56,0.26,0.56,2.6,2.6,4.8,0.11,0.21,0.32,0.11,0.32
Nahitan Nández,uy,"MF,DF",Cagliari,23,1995,35,,2,3,0,0,14,0,0.06,0.09,0.16,0.06,0.16,1.6,1.6,3.8,0.05,0.12,0.17,0.05,0.17
Michel Ndary Adopo,fr,DF,Torino,19,2000,2,,0,0,0,0,0,0,0.00,0.00,0.00,0.00,0.00,0.0,0.0,0.0,0.00,0.00,0.00,0.00,0.00
Emanuele Ndoj,al,MF,Brescia,22,1996,18,,0,0,0,0,2,0,0.00,0.00,0.00,0.00,0.00,1.3,1.3,0.4,0.21,0.06,0.27,0.21,0.27
Ilija Nestorovski,mk,FW,Udinese,29,1990,28,,3,1,0,0,4,0,0.22,0.07,0.29,0.22,0.29,3.7,3.7,0.8,0.27,0.06,0.33,0.27,0.33
Nicolas Nkoulou,cm,DF,Torino,29,1990,31,,1,0,0,0,6,1,0.03,0.00,0.03,0.03,0.03,1.0,1.0,0.1,0.03,0.00,0.04,0.03,0.04
Bram Nuytinck,nl,DF,Udinese,29,1990,26,,0,0,0,0,2,0,0.00,0.00,0.00,0.00,0.00,0.4,0.4,0.7,0.02,0.03,0.04,0.02,0.04
Pedro Obiang,gq,MF,Sassuolo,27,1992,25,,1,1,0,0,10,0,0.05,0.05,0.11,0.05,0.11,1.4,1.4,0.5,0.08,0.03,0.10,0.08,0.10
Stefano Okaka,it,FW,Udinese,29,1989,33,,8,2,0,0,10,0,0.30,0.07,0.37,0.30,0.37,7.5,7.5,1.6,0.28,0.06,0.34,0.28,0.34
Christian Oliva,uy,MF,Cagliari,23,1996,11,,1,1,0,0,1,0,0.19,0.19,0.38,0.19,0.38,0.1,0.1,0.2,0.03,0.03,0.06,0.03,0.06
Maximiliano Olivera,uy,DF,Fiorentina,27,1992,1,,0,0,0,0,0,0,0.00,0.00,0.00,0.00,0.00,0.0,0.0,0.0,0.25,0.00,0.25,0.25,0.25
Marco Olivieri,it,FW,Juventus,20,1999,3,,0,0,0,0,0,0,0.00,0.00,0.00,0.00,0.00,0.1,0.1,0.0,0.18,0.00,0.18,0.18,0.18
Robin Olsen,se,GK,Cagliari,29,1990,17,,0,0,0,0,0,1,0.00,0.00,0.00,0.00,0.00,0.0,0.0,0.0,0.00,0.00,0.00,0.00,0.00
Nicholas Opoku,gh,DF,Udinese,21,1997,7,,0,0,0,0,3,1,0.00,0.00,0.00,0.00,0.00,,,,,,,,
Riccardo Orsolini,it,"FW,MF",Bologna,22,1997,37,,8,6,0,0,3,0,0.27,0.20,0.47,0.27,0.47,8.2,8.2,6.7,0.28,0.23,0.50,0.28,0.50
David Ospina,co,GK,Napoli,30,1988,17,,0,0,0,0,0,0,0.00,0.00,0.00,0.00,0.00,0.0,0.0,0.0,0.00,0.00,0.00,0.00,0.00
Daniele Padelli,it,GK,Inter,33,1985,3,,0,0,0,0,0,1,0.00,0.00,0.00,0.00,0.00,0.0,0.0,0.0,0.00,0.00,0.00,0.00,0.00
Marko Pajač,hr,DF,Genoa,26,1993,11,,0,0,0,0,1,0,0.00,0.00,0.00,0.00,0.00,0.2,0.2,1.5,0.02,0.18,0.21,0.02,0.21
Rodrigo Palacio,ar,FW,Bologna,37,1982,35,,7,3,0,0,5,0,0.25,0.11,0.36,0.25,0.36,8.3,8.3,4.6,0.30,0.16,0.46,0.30,0.46
Alberto Paloschi,it,FW,SPAL,29,1990,10,,0,0,0,0,0,0,0.00,0.00,0.00,0.00,0.00,1.7,1.7,0.2,0.36,0.05,0.41,0.36,0.41
Alberto Paloschi,it,"FW,MF",Cagliari,29,1990,7,,0,0,0,0,0,0,0.00,0.00,0.00,0.00,0.00,0.1,0.1,0.1,0.02,0.03,0.05,0.02,0.05
Martin Palumbo,no,MF,Udinese,17,2002,1,,0,0,0,0,0,0,0.00,0.00,0.00,0.00,0.00,0.0,0.0,0.0,0.00,0.00,0.00,0.00,0.00
Goran Pandev,mk,"FW,MF",Genoa,36,1983,34,,9,1,0,0,6,1,0.48,0.05,0.53,0.48,0.53,5.4,5.4,2.1,0.29,0.11,0.40,0.29,0.40
Andrea Papetti,it,DF,Brescia,17,2002,11,,1,0,0,0,5,0,0.10,0.00,0.10,0.10,0.10,0.1,0.1,0.1,0.01,0.01,0.02,0.01,0.02
Lucas Paquetá,br,"MF,FW",Milan,21,1997,24,,0,1,0,0,7,0,0.00,0.08,0.08,0.00,0.08,2.3,2.3,1.2,0.19,0.10,0.28,0.19,0.28
Marco Parolo,it,MF,Lazio,34,1985,29,,1,0,0,0,8,0,0.05,0.00,0.05,0.05,0.05,1.1,1.1,0.5,0.06,0.03,0.08,0.06,0.08
Mario Pašalić,hr,"MF,FW",Atalanta,24,1995,35,,9,5,0,0,6,0,0.34,0.19,0.52,0.34,0.52,10.2,10.1,3.0,0.38,0.11,0.49,0.38,0.49
Javier Pastore,ar,MF,Roma,30,1989,11,,0,1,0,0,0,0,0.00,0.18,0.18,0.00,0.18,1.6,1.6,0.7,0.29,0.12,0.41,0.29,0.41
Patric,es,DF,Lazio,26,1993,21,,0,0,0,0,2,1,0.00,0.00,0.00,0.00,0.00,0.1,0.1,0.2,0.01,0.01,0.02,0.01,0.02
Leonardo Pavoletti,it,FW,Cagliari,30,1988,2,,0,0,0,0,0,0,0.00,0.00,0.00,0.00,0.00,0.1,0.1,0.0,0.18,0.00,0.18,0.18,0.18
Nehuén Paz,ar,DF,Bologna,26,1993,3,,0,1,0,0,1,0,0.00,0.76,0.76,0.00,0.76,0.3,0.3,0.0,0.24,0.03,0.28,0.24,0.28
Nehuén Paz,ar,DF,Lecce,26,1993,13,,0,0,0,0,4,0,0.00,0.00,0.00,0.00,0.00,0.2,0.2,0.0,0.03,0.00,0.03,0.03,0.03
Giampaolo Pazzini,it,FW,Hellas Verona,34,1984,15,,4,0,3,3,0,0,1.17,0.00,1.17,0.29,0.29,3.9,1.6,0.2,1.14,0.05,1.19,0.47,0.52
Pedro,br,FW,Fiorentina,22,1997,4,,0,0,0,0,0,0,0.00,0.00,0.00,0.00,0.00,0.4,0.4,0.0,0.50,0.03,0.53,0.50,0.53
João Pedro,br,"FW,MF",Cagliari,27,1992,36,,18,4,4,6,6,0,0.51,0.11,0.63,0.40,0.51,13.6,9.0,2.7,0.39,0.08,0.47,0.26,0.33
Daouda Peeters,be,MF,Juventus,20,1999,1,,0,0,0,0,0,0,0.00,0.00,0.00,0.00,0.00,0.0,0.0,0.0,0.00,0.00,0.00,0.00,0.00
Gianluca Pegolo,it,GK,Sassuolo,38,1981,5,,0,0,0,0,0,0,0.00,0.00,0.00,0.00,0.00,0.0,0.0,0.0,0.00,0.00,0.00,0.00,0.00
Lorenzo Pellegrini,it,MF,Roma,23,1996,27,,1,9,0,0,8,1,0.04,0.39,0.43,0.04,0.43,4.0,4.0,8.3,0.17,0.35,0.53,0.17,0.53
Luca Pellegrini,it,DF,Cagliari,20,1999,24,,0,5,0,0,10,0,0.00,0.24,0.24,0.00,0.24,0.6,0.6,2.4,0.03,0.11,0.14,0.03,0.14
Federico Peluso,it,DF,Sassuolo,35,1984,23,,0,2,0,0,5,1,0.00,0.12,0.12,0.00,0.12,0.8,0.8,0.1,0.05,0.01,0.05,0.05,0.05
Gastón Pereiro,uy,"MF,FW",Cagliari,24,1995,10,,1,0,0,0,3,0,0.26,0.00,0.26,0.26,0.26,0.8,0.8,0.3,0.21,0.09,0.30,0.21,0.30
Bruno Peres,br,DF,Roma,29,1990,16,,2,2,0,0,3,0,0.17,0.17,0.34,0.17,0.34,1.1,1.1,1.3,0.10,0.11,0.21,0.10,0.21
Carles Pérez,es,"FW,MF",Roma,21,1998,14,,1,3,0,0,2,0,0.16,0.48,0.64,0.16,0.64,1.7,1.7,1.2,0.28,0.19,0.47,0.28,0.47
Mattia Perin,it,GK,Genoa,26,1992,21,,0,0,0,0,1,0,0.00,0.00,0.00,0.00,0.00,0.0,0.0,0.1,0.00,0.01,0.01,0.00,0.01
Diego Perotti,ar,"FW,MF",Roma,31,1988,21,,5,3,4,4,3,1,0.51,0.31,0.82,0.10,0.41,4.0,1.0,2.6,0.42,0.26,0.68,0.10,0.37
Matteo Pessina,it,"MF,FW",Hellas Verona,22,1997,35,,7,0,0,0,7,0,0.25,0.00,0.25,0.25,0.25,4.8,4.8,1.3,0.17,0.05,0.22,0.17,0.22
Andrea Petagna,it,FW,SPAL,24,1995,36,,12,1,5,7,5,0,0.36,0.03,0.39,0.21,0.24,12.9,7.6,3.4,0.38,0.10,0.48,0.23,0.32
Jacopo Petriccione,it,MF,Lecce,24,1995,31,,0,5,0,0,10,0,0.00,0.21,0.21,0.00,0.21,0.5,0.5,2.1,0.02,0.09,0.11,0.02,0.11
Germán Pezzella,ar,DF,Fiorentina,28,1991,33,,3,1,0,0,12,0,0.10,0.03,0.13,0.10,0.13,2.6,2.6,0.3,0.08,0.01,0.09,0.08,0.09
Giuseppe Pezzella,it,DF,Parma,21,1997,22,,0,0,0,0,2,0,0.00,0.00,0.00,0.00,0.00,0.1,0.1,0.2,0.01,0.02,0.03,0.01,0.03
Giuseppe Pezzella,it,DF,Udinese,21,1997,1,,0,0,0,0,0,0,0.00,0.00,0.00,0.00,0.00,0.0,0.0,0.0,0.00,0.02,0.02,0.00,0.02
Krzysztof Piątek,pl,FW,Milan,24,1995,18,,4,0,3,3,1,0,0.30,0.00,0.30,0.08,0.08,6.2,3.9,0.9,0.47,0.07,0.54,0.30,0.37
Stefano Piccinini,it,DF,Sassuolo,16,2002,1,,0,0,0,0,0,0,0.00,0.00,0.00,0.00,0.00,0.0,0.0,0.0,0.00,0.29,0.29,0.00,0.29
Roberto Piccoli,it,FW,Atalanta,18,2001,1,,0,0,0,0,0,0,0.00,0.00,0.00,0.00,0.00,0.4,0.4,0.0,1.87,0.14,2.01,1.87,2.01
Andrea Pinamonti,it,FW,Genoa,20,1999,32,,5,1,1,2,1,0,0.20,0.04,0.24,0.16,0.20,6.7,5.0,0.6,0.27,0.02,0.29,0.20,0.22
Simone Pinna,it,DF,Cagliari,21,1997,1,,0,0,0,0,1,0,0.00,0.00,0.00,0.00,0.00,0.0,0.0,0.1,0.00,0.15,0.15,0.00,0.15
Carlo Pinsoglio,it,GK,Juventus,29,1990,1,,0,0,0,0,0,0,0.00,0.00,0.00,0.00,0.00,0.0,0.0,0.0,0.00,0.00,0.00,0.00,0.00
Lorenzo Pirola,it,DF,Inter,17,2002,1,,0,0,0,0,0,0,0.00,0.00,0.00,0.00,0.00,0.0,0.0,0.0,0.00,0.00,0.00,0.00,0.00
Fabio Pisacane,it,DF,Cagliari,33,1986,30,,1,0,0,0,8,1,0.04,0.00,0.04,0.04,0.04,0.7,0.7,0.3,0.03,0.01,0.04,0.03,0.04
Miralem Pjanić,ba,MF,Juventus,29,1990,30,,3,6,0,0,10,0,0.12,0.24,0.36,0.12,0.36,1.0,1.0,3.3,0.04,0.13,0.17,0.04,0.17
Andrea Poli,it,MF,Bologna,29,1989,28,,2,0,0,0,5,0,0.09,0.00,0.09,0.09,0.09,2.0,2.0,1.8,0.09,0.08,0.18,0.09,0.18
Matteo Politano,it,FW,Napoli,25,1993,15,,2,2,0,0,1,0,0.24,0.24,0.48,0.24,0.48,1.9,1.9,1.5,0.23,0.18,0.40,0.23,0.40
Matteo Politano,it,FW,Inter,25,1993,11,,0,0,0,0,0,0,0.00,0.00,0.00,0.00,0.00,0.9,0.9,0.7,0.30,0.23,0.53,0.30,0.53
Erick Pulgar,cl,MF,Fiorentina,25,1994,37,,7,6,7,8,9,0,0.21,0.18,0.40,0.00,0.18,7.5,1.4,6.7,0.23,0.20,0.43,0.04,0.25
Ignacio Pussetto,ar,"FW,DF",Udinese,23,1995,12,,1,0,0,0,1,0,0.26,0.00,0.26,0.26,0.26,0.7,0.7,0.8,0.19,0.21,0.39,0.19,0.39
Fabio Quagliarella,it,FW,Sampdoria,36,1983,28,,11,3,5,7,2,0,0.44,0.12,0.55,0.24,0.36,13.2,7.8,4.4,0.52,0.18,0.70,0.31,0.49
Adrien Rabiot,fr,MF,Juventus,24,1995,28,,1,1,0,0,7,1,0.05,0.05,0.09,0.05,0.09,1.0,1.0,0.8,0.05,0.04,0.08,0.05,0.08
Ivan Radovanović,rs,MF,Genoa,30,1988,19,,0,1,0,0,3,0,0.00,0.07,0.07,0.00,0.07,0.8,0.8,0.6,0.06,0.04,0.10,0.06,0.10
Ionuț Radu,ro,GK,Genoa,22,1997,17,,0,1,0,0,1,0,0.00,0.06,0.06,0.00,0.06,0.0,0.0,0.1,0.00,0.00,0.00,0.00,0.00
Ștefan Radu,ro,DF,Lazio,32,1986,29,,1,0,0,0,8,0,0.04,0.00,0.04,0.04,0.04,0.2,0.2,0.7,0.01,0.03,0.04,0.01,0.04
Boris Radunović,rs,GK,Hellas Verona,23,1996,3,,0,0,0,0,1,0,0.00,0.00,0.00,0.00,0.00,0.0,0.0,0.0,0.00,0.00,0.00,0.00,0.00
Rafael,br,GK,Cagliari,37,1982,6,,0,0,0,0,0,0,0.00,0.00,0.00,0.00,0.00,0.0,0.0,0.0,0.00,0.00,0.00,0.00,0.00
Daniele Ragatzu,it,"MF,FW",Cagliari,27,1991,13,,1,0,0,0,1,0,0.29,0.00,0.29,0.29,0.29,0.6,0.6,0.8,0.16,0.24,0.41,0.16,0.41
Gastón Ramírez,uy,"MF,FW",Sampdoria,28,1990,26,,7,2,3,3,5,0,0.45,0.13,0.58,0.26,0.39,6.2,3.9,3.1,0.40,0.20,0.60,0.26,0.46
Aaron Ramsey,wal,MF,Juventus,28,1990,24,,3,1,0,0,2,0,0.26,0.09,0.34,0.26,0.34,2.7,2.7,1.6,0.23,0.14,0.37,0.23,0.37
Luca Ranieri,it,DF,Fiorentina,20,1999,3,,0,0,0,0,2,1,0.00,0.00,0.00,0.00,0.00,0.1,0.1,0.7,0.04,0.27,0.30,0.04,0.30
Andrea Ranocchia,it,DF,Inter,31,1988,7,,0,0,0,0,3,0,0.00,0.00,0.00,0.00,0.00,0.3,0.3,0.0,0.05,0.00,0.05,0.05,0.05
Giacomo Raspadori,it,"MF,FW",Sassuolo,19,2000,11,,2,0,0,0,0,0,0.68,0.00,0.68,0.68,0.68,1.7,1.7,0.2,0.59,0.06,0.66,0.59,0.66
Ante Rebić,hr,FW,Milan,25,1993,26,,11,3,0,0,5,0,0.71,0.19,0.90,0.71,0.90,6.7,6.7,2.9,0.43,0.19,0.62,0.43,0.62
Arkadiusz Reca,pl,DF,SPAL,24,1995,25,,0,2,0,0,2,0,0.00,0.09,0.09,0.00,0.09,1.9,1.9,1.7,0.09,0.08,0.17,0.09,0.17
Vasco Regini,it,DF,Sampdoria,28,1990,3,,0,0,0,0,0,0,0.00,0.00,0.00,0.00,0.00,0.0,0.0,0.0,0.00,0.01,0.01,0.00,0.01
Vasco Regini,it,DF,Parma,28,1990,2,,0,0,0,0,0,0,0.00,0.00,0.00,0.00,0.00,0.0,0.0,0.0,0.00,0.00,0.00,0.00,0.00
Pepe Reina,es,GK,Milan,36,1982,1,,0,0,0,0,0,1,0.00,0.00,0.00,0.00,0.00,0.0,0.0,0.0,0.00,0.00,0.00,0.00,0.00
Franck Ribéry,fr,FW,Fiorentina,36,1983,21,,3,3,0,0,3,0,0.19,0.19,0.38,0.19,0.38,2.9,2.9,3.9,0.19,0.25,0.44,0.19,0.44
Davide Riccardi,it,DF,Lecce,23,1996,1,,0,0,0,0,0,0,0.00,0.00,0.00,0.00,0.00,0.0,0.0,0.0,0.00,0.00,0.00,0.00,0.00
Emiliano Rigoni,ar,"MF,FW",Sampdoria,26,1993,8,,0,1,0,0,2,0,0.00,0.21,0.21,0.00,0.21,1.2,1.2,0.7,0.25,0.15,0.40,0.25,0.40
Tomás Rincón,ve,MF,Torino,31,1988,32,,1,3,0,0,10,0,0.03,0.10,0.13,0.03,0.13,1.0,1.0,1.6,0.03,0.05,0.09,0.03,0.09
Andrea Rispoli,it,DF,Lecce,30,1988,28,,0,0,0,0,6,0,0.00,0.00,0.00,0.00,0.00,0.8,0.8,1.2,0.04,0.06,0.10,0.04,0.10
Ricardo Rodríguez,ch,DF,Milan,26,1992,5,,0,0,0,0,0,0,0.00,0.00,0.00,0.00,0.00,0.0,0.0,0.2,0.01,0.04,0.04,0.01,0.04
Marko Rog,hr,MF,Cagliari,24,1995,30,,1,1,0,0,10,0,0.04,0.04,0.08,0.04,0.08,2.0,2.0,1.6,0.08,0.06,0.14,0.08,0.14
Rogério,br,DF,Sassuolo,21,1998,15,,1,1,0,0,6,0,0.09,0.09,0.18,0.09,0.18,0.4,0.4,1.1,0.03,0.10,0.13,0.03,0.13
Filippo Romagna,it,DF,Sassuolo,22,1997,18,,0,0,0,0,3,0,0.00,0.00,0.00,0.00,0.00,0.1,0.1,0.2,0.01,0.01,0.02,0.01,0.02
Alessio Romagnoli,it,DF,Milan,24,1995,35,,1,0,0,0,4,0,0.03,0.00,0.03,0.03,0.03,1.6,1.6,0.6,0.05,0.02,0.06,0.05,0.06
Cristian Romero,ar,DF,Genoa,21,1998,30,,1,1,1,1,15,1,0.03,0.03,0.07,0.00,0.03,2.3,1.5,0.5,0.08,0.02,0.10,0.05,0.07
Rômulo,it,MF,Brescia,32,1987,22,,1,3,0,0,3,0,0.05,0.16,0.21,0.05,0.21,2.1,2.1,1.0,0.11,0.05,0.16,0.11,0.16
Rômulo,it,DF,Genoa,32,1987,1,,0,0,0,0,0,0,0.00,0.00,0.00,0.00,0.00,0.0,0.0,0.0,0.00,0.00,0.00,0.00,0.00
Cristiano Ronaldo,pt,FW,Juventus,34,1985,33,,31,5,12,13,3,0,0.96,0.15,1.11,0.59,0.74,26.7,16.9,5.2,0.82,0.16,0.98,0.52,0.68
Marten de Roon,nl,MF,Atalanta,28,1991,35,,2,5,0,0,12,0,0.07,0.17,0.23,0.07,0.23,1.7,1.7,2.1,0.06,0.07,0.13,0.06,0.13
Antonio Rosati,it,GK,Torino,36,1983,1,,0,0,0,0,0,0,0.00,0.00,0.00,0.00,0.00,0.0,0.0,0.0,0.00,0.00,0.00,0.00,0.00
Luca Rossettini,it,DF,Lecce,34,1985,26,,0,2,0,0,5,0,0.00,0.08,0.08,0.00,0.08,0.1,0.1,0.9,0.00,0.04,0.04,0.00,0.04
Francesco Rossi,it,GK,Atalanta,28,1991,1,,0,0,0,0,0,0,0.00,0.00,0.00,0.00,0.00,0.0,0.0,0.0,0.00,0.00,0.00,0.00,0.00
Nicolò Rovella,it,MF,Genoa,17,2001,2,,0,0,0,0,0,0,0.00,0.00,0.00,0.00,0.00,0.0,0.0,0.0,0.01,0.00,0.01,0.01,0.01
Amir Rrahmani,xk,DF,Hellas Verona,25,1994,36,,0,1,0,0,5,0,0.00,0.03,0.03,0.00,0.03,3.0,3.0,0.8,0.08,0.02,0.11,0.08,0.11
Dion Ruffo Luci,it,MF,Bologna,18,2001,1,,0,0,0,0,0,0,0.00,0.00,0.00,0.00,0.00,0.0,0.0,0.0,0.00,0.00,0.00,0.00,0.00
Daniele Rugani,it,DF,Juventus,25,1994,10,,0,0,0,0,2,0,0.00,0.00,0.00,0.00,0.00,0.3,0.3,0.0,0.04,0.00,0.04,0.04,0.04
Mário Rui,pt,DF,Napoli,28,1991,24,,0,2,0,0,8,0,0.00,0.09,0.09,0.00,0.09,1.2,1.2,3.3,0.05,0.15,0.21,0.05,0.21
Fabián Ruiz Peña,es,MF,Napoli,23,1996,33,,3,6,0,0,2,0,0.10,0.20,0.30,0.10,0.30,3.1,3.1,4.8,0.10,0.16,0.27,0.10,0.27
Stefano Sabelli,it,DF,Brescia,26,1993,36,,0,3,0,0,5,0,0.00,0.09,0.09,0.00,0.09,0.6,0.6,3.7,0.02,0.11,0.12,0.02,0.12
Alexis Saelemaekers,be,"FW,MF",Milan,20,1999,13,,1,0,0,0,4,1,0.13,0.00,0.13,0.13,0.13,0.8,0.8,1.1,0.10,0.14,0.24,0.10,0.24
Jacopo Sala,it,DF,SPAL,27,1991,16,,0,0,0,0,1,0,0.00,0.00,0.00,0.00,0.00,0.5,0.5,0.3,0.05,0.03,0.08,0.05,0.08
Bartosz Salamon,pl,DF,SPAL,28,1991,7,,0,0,0,0,1,0,0.00,0.00,0.00,0.00,0.00,0.0,0.0,0.0,0.00,0.00,0.00,0.00,0.00
Eddy Salcedo,it,"FW,MF",Hellas Verona,17,2001,17,,1,0,0,0,0,0,0.13,0.00,0.13,0.13,0.13,1.5,1.5,1.6,0.20,0.21,0.41,0.20,0.41
Antonio Sanabria,py,FW,Genoa,23,1996,24,,6,2,0,0,3,0,0.39,0.13,0.52,0.39,0.52,3.7,3.7,1.9,0.24,0.12,0.36,0.24,0.36
Alexis Sánchez,cl,FW,Inter,30,1988,22,,4,8,1,1,4,1,0.39,0.78,1.17,0.29,1.07,4.3,3.6,3.2,0.42,0.32,0.74,0.35,0.66
Alex Sandro,br,DF,Juventus,28,1991,29,,1,3,0,0,4,0,0.04,0.11,0.15,0.04,0.15,0.7,0.7,2.5,0.03,0.09,0.12,0.03,0.12
Nicola Sansone,it,"FW,MF",Bologna,27,1991,33,,4,3,3,4,6,0,0.16,0.12,0.28,0.04,0.16,9.2,6.2,4.0,0.37,0.16,0.53,0.25,0.41
Federico Santander,py,FW,Bologna,28,1991,24,,1,0,1,1,6,0,0.12,0.00,0.12,0.00,0.00,3.2,2.5,0.9,0.38,0.10,0.48,0.29,0.39
Davide Santon,it,DF,Roma,28,1991,15,,0,0,0,0,4,0,0.00,0.00,0.00,0.00,0.00,0.1,0.1,0.1,0.01,0.01,0.02,0.01,0.02
Samir Santos,br,DF,Udinese,24,1994,21,,1,0,0,0,3,0,0.06,0.00,0.06,0.06,0.06,0.8,0.8,0.4,0.04,0.02,0.07,0.04,0.07
Riccardo Saponara,it,"MF,FW",Lecce,27,1991,13,,2,4,0,0,2,0,0.19,0.38,0.57,0.19,0.57,2.0,2.0,2.7,0.19,0.26,0.45,0.19,0.45
Riccardo Saponara,it,"MF,FW",Genoa,27,1991,4,,0,0,0,0,1,1,0.00,0.00,0.00,0.00,0.00,0.3,0.3,0.1,0.16,0.04,0.20,0.16,0.20
Lasse Schöne,dk,MF,Genoa,33,1986,32,,2,3,0,1,5,0,0.07,0.11,0.19,0.07,0.19,2.9,2.2,3.2,0.11,0.12,0.23,0.08,0.20
Jerdy Schouten,nl,MF,Bologna,22,1997,19,,0,0,0,0,6,1,0.00,0.00,0.00,0.00,0.00,0.1,0.1,0.4,0.01,0.03,0.04,0.01,0.04
Matteo Scozzarella,it,MF,Parma,31,1988,16,,0,3,0,0,2,0,0.00,0.29,0.29,0.00,0.29,0.1,0.1,1.2,0.01,0.12,0.13,0.01,0.13
Ken Sema,se,"DF,MF",Udinese,25,1993,32,,2,1,0,0,6,0,0.07,0.04,0.11,0.07,0.11,0.5,0.5,3.9,0.02,0.14,0.16,0.02,0.16
Alessandro Semprini,it,DF,Brescia,21,1998,12,,1,0,0,0,2,0,0.14,0.00,0.14,0.14,0.14,0.8,0.8,0.4,0.12,0.06,0.17,0.12,0.17
Stefano Sensi,it,"MF,FW",Inter,23,1995,12,,3,2,0,0,2,0,0.37,0.25,0.62,0.37,0.62,1.6,1.6,1.0,0.20,0.12,0.33,0.20,0.33
Luigi Sepe,it,GK,Parma,28,1991,34,,0,0,0,0,1,0,0.00,0.00,0.00,0.00,0.00,0.0,0.0,0.4,0.00,0.01,0.01,0.00,0.01
Yevhen Shakhov,ua,"MF,FW",Lecce,28,1990,24,,1,2,0,0,3,0,0.08,0.17,0.25,0.08,0.25,0.9,0.9,2.0,0.07,0.17,0.24,0.07,0.24
Luca Siligardi,it,"FW,MF",Parma,31,1988,12,,0,1,0,0,0,0,0.00,0.27,0.27,0.00,0.27,0.7,0.7,0.1,0.18,0.03,0.21,0.18,0.21
André Silva,pt,FW,Milan,23,1995,1,,0,0,0,0,1,0,0.00,0.00,0.00,0.00,0.00,0.4,0.4,0.0,0.54,0.00,0.54,0.54,0.54
Marco Silvestri,it,GK,Hellas Verona,28,1991,35,,0,0,0,0,2,0,0.00,0.00,0.00,0.00,0.00,0.0,0.0,0.0,0.00,0.00,0.00,0.00,0.00
Giovanni Simeone,ar,FW,Cagliari,24,1995,37,,12,3,0,0,4,0,0.37,0.09,0.46,0.37,0.46,12.1,12.1,2.3,0.37,0.07,0.44,0.37,0.44
Wilfried Singo,ci,DF,Torino,18,2000,4,,1,0,0,0,0,0,0.68,0.00,0.68,0.68,0.68,0.2,0.2,0.1,0.12,0.06,0.18,0.12,0.18
Salvatore Sirigu,it,GK,Torino,32,1987,36,,0,0,0,0,4,0,0.00,0.00,0.00,0.00,0.00,0.0,0.0,0.1,0.00,0.00,0.00,0.00,0.00
Łukasz Skorupski,pl,GK,Bologna,28,1991,37,,0,0,0,0,2,0,0.00,0.00,0.00,0.00,0.00,0.0,0.0,0.0,0.00,0.00,0.00,0.00,0.00
Andreas Skov Olsen,dk,"FW,MF",Bologna,19,1999,26,,1,0,0,0,2,0,0.12,0.00,0.12,0.12,0.12,1.6,1.6,0.5,0.19,0.05,0.25,0.19,0.25
Simon Skrabb,fi,"MF,FW",Brescia,24,1995,10,,0,0,0,0,1,0,0.00,0.00,0.00,0.00,0.00,0.1,0.1,0.4,0.04,0.15,0.19,0.04,0.19
Milan Škriniar,sk,DF,Inter,24,1995,32,,0,0,0,0,9,1,0.00,0.00,0.00,0.00,0.00,0.9,0.9,0.3,0.03,0.01,0.04,0.03,0.04
Chris Smalling,eng,DF,Roma,29,1989,30,,3,2,0,0,3,0,0.11,0.07,0.18,0.11,0.18,1.9,1.9,1.2,0.07,0.04,0.11,0.07,0.11
Roberto Soriano,it,MF,Bologna,28,1991,29,,5,5,0,0,4,2,0.18,0.18,0.36,0.18,0.36,3.8,3.8,5.3,0.14,0.19,0.33,0.14,0.33
Riccardo Sottil,it,"FW,DF",Fiorentina,20,1999,18,,0,0,0,0,3,0,0.00,0.00,0.00,0.00,0.00,0.7,0.7,0.6,0.13,0.10,0.23,0.13,0.23
Adama Soumaoro,fr,DF,Genoa,27,1992,8,,1,0,0,0,2,0,0.14,0.00,0.14,0.14,0.14,0.6,0.6,0.0,0.09,0.00,0.09,0.09,0.09
Nikolas Špalek,sk,"MF,FW",Brescia,22,1997,25,,2,1,0,0,5,0,0.11,0.06,0.17,0.11,0.17,3.8,3.8,1.8,0.22,0.10,0.32,0.22,0.32
Leonardo Spinazzola,it,DF,Roma,26,1993,24,,1,2,0,0,2,0,0.06,0.12,0.17,0.06,0.17,1.3,1.3,2.9,0.08,0.17,0.25,0.08,0.25
Marco Sportiello,it,GK,Atalanta,27,1992,6,,0,0,0,0,0,0,0.00,0.00,0.00,0.00,0.00,0.0,0.0,0.0,0.00,0.00,0.00,0.00,0.00
Mattia Sprocati,it,FW,Parma,26,1992,20,,1,0,0,0,0,0,0.15,0.00,0.15,0.15,0.15,1.1,1.1,0.2,0.17,0.03,0.20,0.17,0.20
Mariusz Stępiński,pl,FW,Hellas Verona,24,1995,21,,3,1,0,0,3,1,0.38,0.13,0.51,0.38,0.51,2.9,2.9,0.1,0.37,0.01,0.37,0.37,0.37
Thomas Strakosha,al,GK,Lazio,24,1995,38,,0,0,0,0,2,0,0.00,0.00,0.00,0.00,0.00,0.0,0.0,0.2,0.00,0.00,0.00,0.00,0.00
Jens Stryger Larsen,dk,DF,Udinese,28,1991,33,,1,3,0,0,5,0,0.03,0.10,0.13,0.03,0.13,1.6,1.6,1.9,0.05,0.06,0.11,0.05,0.11
Stefano Sturaro,it,MF,Genoa,26,1993,16,,1,2,0,0,7,0,0.07,0.14,0.22,0.07,0.22,2.2,2.2,1.1,0.16,0.08,0.24,0.16,0.24
Suso,es,"FW,MF",Milan,25,1993,16,,1,2,0,0,2,0,0.07,0.13,0.20,0.07,0.20,1.1,1.1,3.8,0.08,0.25,0.32,0.08,0.32
Bosko Sutalo,hr,DF,Atalanta,19,2000,7,,0,0,0,0,1,0,0.00,0.00,0.00,0.00,0.00,0.0,0.0,0.1,0.02,0.03,0.05,0.02,0.05
Mattias Svanberg,se,MF,Bologna,20,1999,25,,1,2,0,0,2,0,0.09,0.17,0.26,0.09,0.26,2.1,2.1,1.5,0.18,0.12,0.30,0.18,0.30
Wojciech Szczęsny,pl,GK,Juventus,29,1990,29,,0,0,0,0,1,0,0.00,0.00,0.00,0.00,0.00,0.0,0.0,0.0,0.00,0.00,0.00,0.00,0.00
Andrea Tabanelli,it,MF,Lecce,29,1990,13,,1,0,0,0,4,0,0.09,0.00,0.09,0.09,0.09,0.9,0.9,0.1,0.09,0.01,0.10,0.09,0.10
Panagiotis Tachtsidis,gr,MF,Lecce,28,1991,28,,0,2,0,0,7,1,0.00,0.09,0.09,0.00,0.09,0.7,0.7,1.3,0.03,0.06,0.09,0.03,0.09
Adrien Tameze,cm,MF,Atalanta,25,1994,7,,0,0,0,0,0,0,0.00,0.00,0.00,0.00,0.00,0.0,0.0,0.2,0.00,0.08,0.08,0.00,0.08
Łukasz Teodorczyk,pl,FW,Udinese,28,1991,14,,0,1,0,0,1,0,0.00,0.41,0.41,0.00,0.41,0.4,0.4,0.8,0.18,0.32,0.50,0.18,0.50
Hidde ter Avest,nl,DF,Udinese,22,1997,20,,0,0,0,0,1,0,0.00,0.00,0.00,0.00,0.00,0.2,0.2,0.6,0.02,0.08,0.10,0.02,0.10
Pietro Terracciano,it,GK,Fiorentina,29,1990,7,,0,0,0,0,0,0,0.00,0.00,0.00,0.00,0.00,0.0,0.0,0.0,0.00,0.00,0.00,0.00,0.00
Aleksa Terzić,rs,DF,Fiorentina,19,1999,2,,0,0,0,0,0,0,0.00,0.00,0.00,0.00,0.00,0.0,0.0,0.0,0.00,0.00,0.00,0.00,0.00
Demba Thiam,sn,GK,SPAL,21,1998,2,,0,0,0,0,0,0,0.00,0.00,0.00,0.00,0.00,0.0,0.0,0.0,0.00,0.00,0.00,0.00,0.00
Morten Thorsby,no,"MF,DF",Sampdoria,23,1996,24,,1,1,0,0,9,1,0.05,0.05,0.10,0.05,0.10,1.4,1.4,1.2,0.07,0.06,0.13,0.07,0.13
Jeremy Toljan,de,DF,Sassuolo,24,1994,29,,1,2,0,0,8,0,0.04,0.08,0.12,0.04,0.12,0.8,0.8,2.5,0.03,0.10,0.14,0.03,0.14
Rafael Tolói,br,DF,Atalanta,28,1990,33,,2,6,0,0,11,0,0.07,0.21,0.28,0.07,0.28,2.5,2.5,1.8,0.09,0.06,0.15,0.09,0.15
Takehiro Tomiyasu,jp,DF,Bologna,20,1998,29,,1,3,0,0,8,0,0.04,0.11,0.14,0.04,0.14,1.0,1.0,1.1,0.03,0.04,0.07,0.03,0.07
Nenad Tomović,rs,DF,SPAL,31,1987,23,,0,1,0,0,5,1,0.00,0.05,0.05,0.00,0.05,0.6,0.6,0.3,0.03,0.02,0.05,0.03,0.05
Sandro Tonali,it,MF,Brescia,19,2000,35,,1,7,0,0,9,0,0.03,0.21,0.24,0.03,0.24,0.9,0.9,5.4,0.03,0.16,0.19,0.03,0.19
Lorenzo Tonelli,it,DF,Sampdoria,29,1990,9,,0,0,0,0,4,0,0.00,0.00,0.00,0.00,0.00,0.3,0.3,0.0,0.04,0.00,0.04,0.04,0.04
Ernesto Torregrossa,it,FW,Brescia,27,1992,25,,7,3,2,2,8,0,0.34,0.15,0.49,0.24,0.39,7.2,5.7,2.7,0.35,0.13,0.48,0.28,0.41
Amad Traoré,ci,FW,Atalanta,17,2002,3,,1,0,0,0,0,0,3.33,0.00,3.33,3.33,3.33,0.1,0.1,0.1,0.36,0.17,0.53,0.36,0.53
Luca Tremolada,it,MF,Brescia,27,1991,1,,0,0,0,0,0,0,0.00,0.00,0.00,0.00,0.00,0.0,0.0,0.0,0.00,0.00,0.00,0.00,0.00
Alessandro Tripaldelli,it,DF,Sassuolo,20,1999,2,,0,0,0,0,0,0,0.00,0.00,0.00,0.00,0.00,0.0,0.0,0.0,0.00,0.00,0.00,0.00,0.00
William Troost-Ekong,ng,DF,Udinese,25,1993,30,,0,0,0,0,5,0,0.00,0.00,0.00,0.00,0.00,0.7,0.7,0.1,0.02,0.00,0.03,0.02,0.03
Georgi Tunjov,ee,MF,SPAL,18,2001,10,,0,0,0,0,0,0,0.00,0.00,0.00,0.00,0.00,0.4,0.4,0.1,0.14,0.03,0.17,0.14,0.17
Stefano Turati,it,GK,Sassuolo,,,2,,0,0,0,0,0,0,0.00,0.00,0.00,0.00,0.00,0.0,0.0,0.0,0.00,0.00,0.00,0.00,0.00
Gennaro Tutino,it,FW,Hellas Verona,22,1996,6,,0,0,0,0,0,0,0.00,0.00,0.00,0.00,0.00,0.2,0.2,0.0,0.08,0.01,0.08,0.08,0.08
Samir Ujkani,xk,GK,Torino,31,1988,1,,0,0,0,0,0,0,0.00,0.00,0.00,0.00,0.00,0.0,0.0,0.0,0.00,0.00,0.00,0.00,0.00
Cengiz Ünder,tr,FW,Roma,22,1997,18,,3,0,0,0,2,0,0.31,0.00,0.31,0.31,0.31,1.9,1.9,2.6,0.20,0.27,0.46,0.20,0.46
Mirko Valdifiori,it,MF,SPAL,33,1986,22,,0,3,0,0,5,0,0.00,0.19,0.19,0.00,0.19,0.1,0.1,1.9,0.01,0.12,0.12,0.01,0.12
Borja Valero,es,MF,Inter,34,1985,19,,2,0,0,0,4,0,0.19,0.00,0.19,0.19,0.19,1.5,1.5,1.3,0.15,0.13,0.27,0.15,0.27
Mattia Valoti,it,"MF,FW",SPAL,25,1993,27,,3,1,0,0,7,0,0.18,0.06,0.24,0.18,0.24,3.3,3.3,1.0,0.20,0.06,0.26,0.20,0.26
Denis Vavro,sk,DF,Lazio,23,1996,11,,0,0,0,0,0,0,0.00,0.00,0.00,0.00,0.00,0.2,0.2,0.0,0.04,0.00,0.04,0.04,0.04
Matías Vecino,uy,MF,Inter,27,1991,20,,2,2,0,0,4,0,0.14,0.14,0.28,0.14,0.28,3.1,3.1,1.3,0.22,0.09,0.31,0.22,0.31
Miguel Veloso,pt,MF,Hellas Verona,33,1986,34,,3,4,0,0,6,0,0.10,0.13,0.22,0.10,0.22,2.0,2.0,5.1,0.07,0.17,0.23,0.07,0.23
Lorenzo Venuti,it,DF,Fiorentina,24,1995,16,,0,1,0,0,4,0,0.00,0.10,0.10,0.00,0.10,0.4,0.4,0.7,0.04,0.07,0.11,0.04,0.11
Brayan Vera,co,"DF,MF",Lecce,20,1999,8,,0,1,0,0,0,0,0.00,0.58,0.58,0.00,0.58,0.1,0.1,0.2,0.05,0.09,0.14,0.05,0.14
Simone Verdi,it,"MF,FW",Torino,27,1992,33,,2,6,0,0,4,0,0.09,0.26,0.35,0.09,0.35,4.2,4.2,3.2,0.18,0.14,0.32,0.18,0.32
Jordan Veretout,fr,MF,Roma,26,1993,33,,6,0,5,5,6,0,0.21,0.00,0.21,0.03,0.03,4.8,1.0,2.7,0.17,0.09,0.26,0.04,0.13
Valerio Verre,it,"FW,MF",Hellas Verona,25,1994,32,,3,2,2,2,4,0,0.15,0.10,0.25,0.05,0.15,5.6,4.1,2.9,0.28,0.14,0.43,0.21,0.35
Francesco Vicari,it,DF,SPAL,24,1994,34,,0,0,0,0,4,0,0.00,0.00,0.00,0.00,0.00,0.2,0.2,0.2,0.01,0.01,0.02,0.01,0.02
Ronaldo Vieira,gw,MF,Sampdoria,21,1998,27,,0,1,0,0,11,1,0.00,0.05,0.05,0.00,0.05,1.5,1.5,1.1,0.07,0.05,0.13,0.07,0.13
Mauro Vigorito,it,GK,Lecce,29,1990,5,,0,0,0,0,1,0,0.00,0.00,0.00,0.00,0.00,0.0,0.0,0.0,0.00,0.00,0.00,0.00,0.00
Gonzalo Villar,es,MF,Roma,21,1998,9,,0,0,0,0,3,0,0.00,0.00,0.00,0.00,0.00,0.9,0.9,0.1,0.26,0.04,0.30,0.26,0.30
Luigi Vitale,it,DF,Hellas Verona,31,1987,2,,0,0,0,0,0,0,0.00,0.00,0.00,0.00,0.00,0.0,0.0,0.0,0.00,0.00,0.00,0.00,0.00
Mattia Viviani,it,MF,Brescia,18,2000,8,,0,0,0,0,0,0,0.00,0.00,0.00,0.00,0.00,0.1,0.1,0.4,0.03,0.10,0.13,0.03,0.13
Dušan Vlahović,rs,FW,Fiorentina,19,2000,30,,6,0,1,1,4,1,0.36,0.00,0.36,0.30,0.30,7.9,7.2,1.2,0.48,0.07,0.55,0.43,0.50
Stefan de Vrij,nl,DF,Inter,27,1992,34,,4,3,0,0,5,0,0.13,0.10,0.22,0.13,0.22,1.8,1.8,0.7,0.06,0.02,0.08,0.06,0.08
Giacomo Vrioni,al,FW,Juventus,20,1998,1,,0,0,0,0,0,0,0.00,0.00,0.00,0.00,0.00,0.0,0.0,0.0,0.00,0.00,0.00,0.00,0.00
Walace,br,MF,Udinese,24,1995,20,,0,0,0,0,2,0,0.00,0.00,0.00,0.00,0.00,0.9,0.9,0.3,0.07,0.03,0.09,0.07,0.09
Sebastian Walukiewicz,pl,DF,Cagliari,19,2000,14,,0,0,0,0,1,0,0.00,0.00,0.00,0.00,0.00,0.1,0.1,0.1,0.00,0.01,0.01,0.00,0.01
Jawad El Yamiq,ma,DF,Genoa,27,1992,3,,0,0,0,0,1,0,0.00,0.00,0.00,0.00,0.00,0.0,0.0,0.0,0.01,0.02,0.03,0.01,0.03
Maya Yoshida,jp,DF,Sampdoria,30,1988,14,,0,1,0,0,1,0,0.00,0.08,0.08,0.00,0.08,0.2,0.2,0.6,0.02,0.05,0.06,0.02,0.06
Amin Younes,de,"FW,MF",Napoli,25,1993,9,,1,0,0,0,1,0,0.51,0.00,0.51,0.51,0.51,0.9,0.9,0.3,0.47,0.17,0.64,0.47,0.64
Ashley Young,eng,DF,Inter,34,1985,18,,4,4,0,0,1,0,0.30,0.30,0.61,0.30,0.61,1.2,1.2,3.0,0.09,0.23,0.32,0.09,0.32
Mattia Zaccagni,it,"FW,MF",Hellas Verona,24,1995,34,,2,5,0,0,5,0,0.09,0.21,0.30,0.09,0.30,3.6,3.6,3.0,0.15,0.13,0.28,0.15,0.28
Luca Zanimacchia,it,FW,Juventus,21,1998,2,,0,0,0,0,0,0,0.00,0.00,0.00,0.00,0.00,0.0,0.0,0.1,0.02,0.06,0.08,0.02,0.08
Nicolò Zaniolo,it,"FW,MF",Roma,20,1999,26,,6,2,0,0,8,0,0.36,0.12,0.48,0.36,0.48,3.9,3.9,3.2,0.23,0.19,0.42,0.23,0.42
Cristián Zapata,co,DF,Genoa,32,1986,20,,1,0,0,0,4,0,0.05,0.00,0.05,0.05,0.05,0.7,0.7,0.7,0.04,0.04,0.07,0.04,0.07
Duván Zapata,co,FW,Atalanta,28,1991,28,,18,6,1,1,1,0,0.80,0.27,1.07,0.76,1.02,14.2,13.5,4.6,0.63,0.20,0.84,0.60,0.80
Davide Zappacosta,it,DF,Roma,27,1992,9,,0,1,0,0,0,0,0.00,0.20,0.20,0.00,0.20,0.5,0.5,0.6,0.09,0.11,0.21,0.09,0.21
Simone Zaza,it,FW,Torino,28,1991,24,,6,1,0,0,7,0,0.33,0.05,0.38,0.33,0.38,5.7,5.7,1.6,0.31,0.09,0.40,0.31,0.40
Marvin Zeegelaar,nl,DF,Udinese,28,1990,13,,0,1,0,0,3,0,0.00,0.15,0.15,0.00,0.15,0.0,0.0,0.5,0.00,0.07,0.07,0.00,0.07
Piotr Zieliński,pl,MF,Napoli,25,1994,37,,2,4,0,0,4,0,0.06,0.12,0.18,0.06,0.18,4.0,4.0,3.8,0.12,0.12,0.24,0.12,0.24
Jaromír Zmrhal,cz,MF,Brescia,25,1993,21,,2,0,0,0,0,0,0.16,0.00,0.16,0.16,0.16,1.0,1.0,0.5,0.08,0.04,0.12,0.08,0.12
Ervin Zukanović,ba,DF,SPAL,32,1987,3,,0,0,0,0,1,0,0.00,0.00,0.00,0.00,0.00,0.0,0.0,0.0,0.01,0.00,0.01,0.01,0.01
Szymon Żurkowski,pl,MF,Fiorentina,21,1997,2,,0,0,0,0,0,0,0.00,0.00,0.00,0.00,0.00,0.0,0.0,0.0,0.28,0.00,0.28,0.28,0.28
Filip Đuričić,rs,"MF,FW",Sassuolo,27,1992,29,,5,5,0,0,6,0,0.28,0.28,0.55,0.28,0.55,3.2,3.2,4.2,0.18,0.23,0.41,0.18,0.41
