Rk,Player,Nation,Pos,Squad,Age,Born,90s,CrdY,CrdR,2CrdY,Fls,Fld,Off,Crs,Int,TklW,PKwon,PKcon,OG,Recov,Won,Lost,Won%,Matches
1,Francesco Acerbi,it,DF,Lazio,31,1988,35.1,4,0,0,25,41,5,26,42,33,1,0,0,356,73,35,67.6,/en/players/b96b595c/matchlogs/2019-2020/misc/Francesco-Acerbi-Match-Logs
2,Bobby Adekanye,nl,FW,Lazio,20,1999,2.1,1,0,0,2,3,1,1,3,3,0,0,0,10,1,6,14.3,/en/players/3ed84b2c/matchlogs/2019-2020/misc/Bobby-Adekanye-Match-Logs
3,Claud Adjapong,it,DF,Hellas Verona,21,1998,2.6,0,0,0,3,2,1,2,4,3,0,0,0,12,4,2,66.7,/en/players/ce5b170a/matchlogs/2019-2020/misc/Claud-Adjapong-Match-Logs
4,Lucien Agoume,fr,MF,Inter,17,2002,0.8,1,0,0,1,0,0,2,0,3,0,0,0,10,1,0,100.0,/en/players/8bc8829a/matchlogs/2019-2020/misc/Lucien-Agoume-Match-Logs
5,Kevin Agudelo,co,"MF,FW",Fiorentina,20,1998,0.7,0,0,0,3,1,0,0,1,1,0,0,0,11,0,2,0.0,/en/players/46fa7204/matchlogs/2019-2020/misc/Kevin-Agudelo-Match-Logs
6,Kevin Agudelo,co,"MF,FW",Genoa,20,1998,7.4,5,1,1,20,11,1,11,6,18,0,1,0,55,4,6,40.0,/en/players/46fa7204/matchlogs/2019-2020/misc/Kevin-Agudelo-Match-Logs
7,Emmanuel Agyemang-Badu,gh,"MF,FW",Hellas Verona,28,1990,2.6,2,0,0,7,3,1,1,1,1,0,0,0,22,5,12,29.4,/en/players/fe0b8f0e/matchlogs/2019-2020/misc/Emmanuel-Agyemang-Badu-Match-Logs
8,Ola Aina,ng,DF,Torino,22,1996,23.1,8,0,0,26,35,2,62,42,28,0,0,0,165,26,23,53.1,/en/players/246d153b/matchlogs/2019-2020/misc/Ola-Aina-Match-Logs
9,Luis Alberto,es,MF,Lazio,26,1992,34.6,5,0,0,20,38,1,179,24,34,0,0,0,291,8,15,34.8,/en/players/5294a83f/matchlogs/2019-2020/misc/Luis-Alberto-Match-Logs
10,Enrico Alfonso,it,GK,Brescia,31,1988,3.1,0,0,0,0,0,0,0,0,0,0,0,0,10,0,0,,/en/players/95adf1e1/matchlogs/2019-2020/misc/Enrico-Alfonso-Match-Logs
11,Allan,br,MF,Napoli,28,1991,14.2,3,0,0,30,24,0,13,13,36,0,0,0,123,10,7,58.8,/en/players/cc700722/matchlogs/2019-2020/misc/Allan-Match-Logs
12,Bruno Alves,pt,DF,Parma,37,1981,29.7,4,0,0,24,12,1,13,28,11,0,2,0,256,88,23,79.3,/en/players/585a73a8/matchlogs/2019-2020/misc/Bruno-Alves-Match-Logs
13,Sofyan Amrabat,ma,MF,Hellas Verona,22,1996,32.4,10,2,0,63,60,0,23,31,42,1,0,0,356,24,41,36.9,/en/players/5a2cb25d/matchlogs/2019-2020/misc/Sofyan-Amrabat-Match-Logs
14,Djavan Anderson,nl,"DF,MF",Lazio,24,1995,1.9,1,0,0,4,1,0,2,3,1,0,0,0,19,1,2,33.3,/en/players/ca241ad3/matchlogs/2019-2020/misc/Djavan-Anderson-Match-Logs
15,Lorenzo Andrenacci,it,GK,Brescia,24,1995,5.9,0,0,0,0,0,0,0,0,0,0,0,0,35,0,0,,/en/players/fe471a89/matchlogs/2019-2020/misc/Lorenzo-Andrenacci-Match-Logs
16,Peter Ankersen,dk,DF,Genoa,28,1990,11.8,2,0,0,9,12,1,22,9,5,0,0,0,73,9,4,69.2,/en/players/df525574/matchlogs/2019-2020/misc/Peter-Ankersen-Match-Logs
17,Cristian Ansaldi,ar,"DF,MF",Torino,32,1986,19.6,9,0,0,28,30,4,142,15,27,0,0,0,154,14,16,46.7,/en/players/bbafc0c4/matchlogs/2019-2020/misc/Cristian-Ansaldi-Match-Logs
18,Mirko Antonucci,it,"FW,MF",Roma,20,1999,0.9,1,0,0,2,1,0,0,2,2,0,0,0,7,0,0,,/en/players/91976866/matchlogs/2019-2020/misc/Mirko-Antonucci-Match-Logs
19,Guilherme Arana,br,DF,Atalanta,22,1997,0.9,0,0,0,2,4,0,4,2,2,0,0,0,9,0,0,,/en/players/2b15a82a/matchlogs/2019-2020/misc/Guilherme-Arana-Match-Logs
20,Nicolò Armini,it,DF,Lazio,18,2001,0.0,0,0,0,0,0,0,0,0,0,0,0,0,0,0,1,0.0,/en/players/2f7407fa/matchlogs/2019-2020/misc/Nicolo-Armini-Match-Logs
21,Kwadwo Asamoah,gh,DF,Inter,30,1988,7.1,1,0,0,6,6,2,18,10,5,0,0,0,67,3,4,42.9,/en/players/089550f5/matchlogs/2019-2020/misc/Kwadwo-Asamoah-Match-Logs
22,Kristoffer Askildsen,no,MF,Sampdoria,18,2001,0.8,2,1,1,4,0,0,0,1,1,0,0,0,6,0,1,0.0,/en/players/a69cc629/matchlogs/2019-2020/misc/Kristoffer-Askildsen-Match-Logs
23,Emil Audero,it,GK,Sampdoria,22,1997,36.0,1,0,0,0,5,0,0,0,0,0,0,1,140,0,0,,/en/players/649b01d8/matchlogs/2019-2020/misc/Emil-Audero-Match-Logs
24,Tommaso Augello,it,DF,Sampdoria,24,1994,12.6,2,0,0,7,4,1,80,14,13,0,0,0,119,15,5,75.0,/en/players/3cd3b384/matchlogs/2019-2020/misc/Tommaso-Augello-Match-Logs
25,Florian Ayé,fr,"FW,MF",Brescia,22,1997,15.3,4,1,1,19,22,5,7,4,13,1,0,0,69,48,62,43.6,/en/players/718b8afd/matchlogs/2019-2020/misc/Florian-Aye-Match-Logs
Rk,,,,,,,,,,,,,,,,,,,,,,,,
26,Khouma Babacar,sn,FW,Lecce,26,1993,15.8,4,0,0,35,32,7,2,3,9,3,0,0,64,26,63,29.2,/en/players/422ec08a/matchlogs/2019-2020/misc/Khouma-Babacar-Match-Logs
27,Milan Badelj,hr,MF,Fiorentina,30,1989,17.6,3,1,1,17,19,0,4,42,26,0,0,0,178,11,15,42.3,/en/players/e8c930bb/matchlogs/2019-2020/misc/Milan-Badelj-Match-Logs
28,Marco Ballarini,it,MF,Udinese,18,2001,0.0,0,0,0,0,0,0,0,0,0,0,0,0,1,0,0,,/en/players/8cb494c9/matchlogs/2019-2020/misc/Marco-Ballarini-Match-Logs
29,Mario Balotelli,it,FW,Brescia,28,1990,15.6,6,1,0,32,51,7,8,8,2,0,0,0,64,36,32,52.9,/en/players/8ff07990/matchlogs/2019-2020/misc/Mario-Balotelli-Match-Logs
30,Mattia Bani,it,DF,Bologna,25,1993,24.5,13,1,1,44,35,1,6,51,33,0,1,0,233,102,65,61.1,/en/players/0821331c/matchlogs/2019-2020/misc/Mattia-Bani-Match-Logs
31,Antonín Barák,cz,MF,Udinese,24,1994,2.2,1,0,0,9,4,0,7,0,1,0,0,0,23,3,0,100.0,/en/players/01efac19/matchlogs/2019-2020/misc/Antonin-Barak-Match-Logs
32,Antonín Barák,cz,MF,Lecce,24,1994,15.2,0,0,0,12,9,2,20,9,18,0,0,0,115,18,28,39.1,/en/players/01efac19/matchlogs/2019-2020/misc/Antonin-Barak-Match-Logs
33,Nicolò Barella,it,MF,Inter,22,1997,22.4,11,0,0,39,37,2,38,14,31,1,0,0,238,25,15,62.5,/en/players/6928979a/matchlogs/2019-2020/misc/Nicolo-Barella-Match-Logs
34,Antonino Barillà,it,MF,Parma,31,1988,18.8,6,0,0,38,22,3,25,19,33,0,0,0,110,16,17,48.5,/en/players/a64cbd35/matchlogs/2019-2020/misc/Antonino-Barilla-Match-Logs
35,Antonio Barreca,it,"DF,MF",Genoa,24,1995,12.2,0,0,0,13,4,3,63,1,3,0,0,0,55,9,15,37.5,/en/players/6a189491/matchlogs/2019-2020/misc/Antonio-Barreca-Match-Logs
36,Édgar Barreto,py,MF,Sampdoria,35,1984,1.0,0,0,0,1,2,0,0,0,2,0,0,0,5,0,1,0.0,/en/players/43a1bea5/matchlogs/2019-2020/misc/Edgar-Barreto-Match-Logs
37,Musa Barrow,gm,"FW,MF",Atalanta,20,1998,2.1,0,0,0,4,7,1,3,0,1,0,0,0,13,4,11,26.7,/en/players/e5bf73f3/matchlogs/2019-2020/misc/Musa-Barrow-Match-Logs
38,Musa Barrow,gm,FW,Bologna,20,1998,15.0,1,0,0,22,12,2,58,4,9,0,0,0,88,11,18,37.9,/en/players/e5bf73f3/matchlogs/2019-2020/misc/Musa-Barrow-Match-Logs
39,Daniele Baselli,it,MF,Torino,27,1992,14.2,3,0,0,20,14,0,51,25,32,0,0,0,176,11,8,57.9,/en/players/ea06dd97/matchlogs/2019-2020/misc/Daniele-Baselli-Match-Logs
40,Alessandro Bastoni,it,DF,Inter,20,1999,21.3,9,1,1,37,28,0,20,26,21,0,1,0,217,46,24,65.7,/en/players/75b86fb3/matchlogs/2019-2020/misc/Alessandro-Bastoni-Match-Logs
41,Bastos,ao,DF,Lazio,28,1991,8.5,4,0,0,15,6,0,0,14,10,0,1,1,57,10,11,47.6,/en/players/c01c66d9/matchlogs/2019-2020/misc/Bastos-Match-Logs
42,Rodrigo Becão,br,DF,Udinese,23,1996,24.6,8,0,0,44,27,1,5,43,45,0,2,0,180,56,24,70.0,/en/players/19e4eab9/matchlogs/2019-2020/misc/Rodrigo-Becao-Match-Logs
43,Asmir Begović,ba,GK,Milan,32,1987,1.4,0,0,0,0,0,0,0,0,0,0,0,0,2,0,0,,/en/players/7b4de647/matchlogs/2019-2020/misc/Asmir-Begovic-Match-Logs
44,Valon Behrami,ch,MF,Genoa,34,1985,12.3,4,1,1,36,26,0,1,9,25,0,0,0,116,13,15,46.4,/en/players/d3d758d8/matchlogs/2019-2020/misc/Valon-Behrami-Match-Logs
45,Raoul Bellanova,it,DF,Atalanta,19,2000,0.2,0,0,0,0,0,0,0,0,0,0,0,0,0,0,0,,/en/players/e3756e72/matchlogs/2019-2020/misc/Raoul-Bellanova-Match-Logs
46,Andrea Belotti,it,FW,Torino,25,1993,33.4,4,0,0,64,105,22,48,6,26,1,0,1,142,100,114,46.7,/en/players/d705ba44/matchlogs/2019-2020/misc/Andrea-Belotti-Match-Logs
47,Marco Benassi,it,MF,Fiorentina,24,1994,10.9,1,0,0,23,6,0,19,4,10,0,0,0,75,5,16,23.8,/en/players/0000acda/matchlogs/2019-2020/misc/Marco-Benassi-Match-Logs
48,Ismaël Bennacer,dz,MF,Milan,21,1997,27.6,14,0,0,48,37,0,34,52,59,0,2,0,371,25,26,49.0,/en/players/db092d3b/matchlogs/2019-2020/misc/Ismael-Bennacer-Match-Logs
49,Rodrigo Bentancur,uy,MF,Juventus,22,1997,24.4,9,0,0,53,28,3,53,30,49,1,0,0,222,31,20,60.8,/en/players/3b8674e6/matchlogs/2019-2020/misc/Rodrigo-Bentancur-Match-Logs
50,Romario Benzar,ro,DF,Lecce,27,1992,1.1,0,0,0,2,0,0,7,0,2,0,0,0,7,1,1,50.0,/en/players/2e3596d1/matchlogs/2019-2020/misc/Romario-Benzar-Match-Logs
Rk,,,,,,,,,,,,,,,,,,,,,,,,
51,Domenico Berardi,it,FW,Sassuolo,24,1994,27.7,6,1,0,56,64,7,111,33,22,0,0,0,192,20,25,44.4,/en/players/53a0e358/matchlogs/2019-2020/misc/Domenico-Berardi-Match-Logs
52,Álex Berenguer,es,"MF,FW",Torino,24,1995,20.3,4,0,0,27,41,8,71,17,12,0,0,0,124,19,41,31.7,/en/players/dc1c2fce/matchlogs/2019-2020/misc/Alex-Berenguer-Match-Logs
53,Bartosz Bereszyński,pl,DF,Sampdoria,27,1992,26.7,10,0,0,34,21,1,49,33,33,0,0,1,250,37,29,56.1,/en/players/61b3978f/matchlogs/2019-2020/misc/Bartosz-Bereszynski-Match-Logs
54,Etrit Berisha,al,GK,SPAL,30,1989,26.0,2,0,0,0,5,0,0,0,0,0,0,0,127,0,1,0.0,/en/players/ee833569/matchlogs/2019-2020/misc/Etrit-Berisha-Match-Logs
55,Valon Berisha,xk,"MF,FW",Lazio,26,1993,0.4,0,0,0,1,0,0,0,0,0,0,0,0,2,0,2,0.0,/en/players/d5575935/matchlogs/2019-2020/misc/Valon-Berisha-Match-Logs
56,Federico Bernardeschi,it,"MF,FW",Juventus,25,1994,17.5,6,0,0,31,24,5,55,14,7,0,0,0,100,6,5,54.5,/en/players/ee93c1a9/matchlogs/2019-2020/misc/Federico-Bernardeschi-Match-Logs
57,Andrea Bertolacci,it,MF,Sampdoria,28,1991,5.9,3,0,0,8,13,0,3,2,5,1,0,0,57,8,7,53.3,/en/players/c75b6a02/matchlogs/2019-2020/misc/Andrea-Bertolacci-Match-Logs
58,Lucas Biglia,ar,MF,Milan,33,1986,7.6,4,0,0,22,7,0,3,10,8,0,1,0,75,14,6,70.0,/en/players/5710a281/matchlogs/2019-2020/misc/Lucas-Biglia-Match-Logs
59,Cristiano Biraghi,it,"DF,MF",Inter,26,1992,17.5,3,0,0,22,22,3,139,13,14,0,0,0,93,4,14,22.2,/en/players/9e1577aa/matchlogs/2019-2020/misc/Cristiano-Biraghi-Match-Logs
60,Davide Biraschi,it,DF,Genoa,25,1994,21.9,3,1,0,29,25,0,40,35,31,1,0,1,197,40,19,67.8,/en/players/64cd167d/matchlogs/2019-2020/misc/Davide-Biraschi-Match-Logs
61,Valter Birsa,si,MF,Cagliari,32,1986,4.8,1,0,0,6,2,0,24,4,8,0,0,0,49,2,2,50.0,/en/players/455a2b79/matchlogs/2019-2020/misc/Valter-Birsa-Match-Logs
62,Dimitri Bisoli,it,MF,Brescia,25,1994,23.9,6,0,0,37,46,6,64,23,48,0,0,0,212,33,35,48.5,/en/players/16569fef/matchlogs/2019-2020/misc/Dimitri-Bisoli-Match-Logs
63,Birkir Bjarnason,is,"MF,FW",Brescia,31,1988,8.9,1,0,0,16,18,1,13,5,5,0,0,0,60,10,5,66.7,/en/players/da13074e/matchlogs/2019-2020/misc/Birkir-Bjarnason-Match-Logs
64,Kevin-Prince Boateng,gh,FW,Fiorentina,32,1987,6.7,2,0,0,12,21,4,4,1,2,0,0,0,25,21,38,35.6,/en/players/f4ec4fd0/matchlogs/2019-2020/misc/Kevin-Prince-Boateng-Match-Logs
65,Salvatore Bocchetti,it,DF,Hellas Verona,32,1986,3.4,2,0,0,5,2,1,0,18,2,0,0,0,40,15,3,83.3,/en/players/faa1b07d/matchlogs/2019-2020/misc/Salvatore-Bocchetti-Match-Logs
66,Jeremie Boga,ci,FW,Sassuolo,22,1997,27.9,0,0,0,15,56,10,24,4,17,1,2,0,136,5,12,29.4,/en/players/fe012aca/matchlogs/2019-2020/misc/Jeremie-Boga-Match-Logs
67,Giacomo Bonaventura,it,"MF,FW",Milan,29,1989,14.9,2,0,0,20,33,4,28,8,14,1,0,0,107,8,21,27.6,/en/players/d995ed27/matchlogs/2019-2020/misc/Giacomo-Bonaventura-Match-Logs
68,Federico Bonazzoli,it,"FW,MF",Sampdoria,22,1997,8.3,1,0,0,17,35,3,10,4,6,0,0,0,40,4,13,23.5,/en/players/bf57eaab/matchlogs/2019-2020/misc/Federico-Bonazzoli-Match-Logs
69,Kevin Bonifazi,it,DF,SPAL,23,1996,13.2,2,1,0,12,2,1,4,33,13,0,2,0,153,27,8,77.1,/en/players/fb77bfef/matchlogs/2019-2020/misc/Kevin-Bonifazi-Match-Logs
70,Kevin Bonifazi,it,DF,Torino,23,1996,2.7,0,0,0,4,1,0,0,5,5,0,0,0,24,5,5,50.0,/en/players/fb77bfef/matchlogs/2019-2020/misc/Kevin-Bonifazi-Match-Logs
71,Federico Bonini,it,DF,Bologna,17,2001,0.1,0,0,0,0,0,0,0,0,0,0,0,0,1,0,0,,/en/players/f8f0744b/matchlogs/2019-2020/misc/Federico-Bonini-Match-Logs
72,Leonardo Bonucci,it,DF,Juventus,32,1987,34.2,10,0,0,26,20,0,6,30,17,0,3,0,260,63,39,61.8,/en/players/52ec54d0/matchlogs/2019-2020/misc/Leonardo-Bonucci-Match-Logs
73,Fabio Borini,it,"MF,FW",Milan,28,1991,0.8,1,0,0,1,2,0,0,0,2,0,0,0,6,0,0,,/en/players/ef5b337e/matchlogs/2019-2020/misc/Fabio-Borini-Match-Logs
74,Fabio Borini,it,"FW,MF",Hellas Verona,28,1991,9.0,1,1,0,11,26,4,19,12,3,1,0,0,68,12,17,41.4,/en/players/ef5b337e/matchlogs/2019-2020/misc/Fabio-Borini-Match-Logs
75,Mehdi Bourabia,ma,MF,Sassuolo,27,1991,10.3,7,1,1,27,16,0,7,21,23,0,0,2,125,12,16,42.9,/en/players/0d077b88/matchlogs/2019-2020/misc/Mehdi-Bourabia-Match-Logs
Rk,,,,,,,,,,,,,,,,,,,,,,,,
76,Federico Brancolini,it,GK,Fiorentina,18,2001,0.1,0,0,0,0,0,0,0,0,0,0,0,0,1,0,0,,/en/players/d4890c25/matchlogs/2019-2020/misc/Federico-Brancolini-Match-Logs
77,Gleison Bremer,br,DF,Torino,22,1997,25.2,6,2,2,33,20,2,1,73,40,0,2,0,248,70,49,58.8,/en/players/5fd5ed86/matchlogs/2019-2020/misc/Gleison-Bremer-Match-Logs
78,Marco Brescianini,it,MF,Milan,19,2000,0.3,0,0,0,1,0,0,0,2,2,0,0,0,2,1,0,100.0,/en/players/dfd56738/matchlogs/2019-2020/misc/Marco-Brescianini-Match-Logs
79,Marcelo Brozović,hr,MF,Inter,26,1992,30.0,9,0,0,44,20,1,49,46,56,0,0,0,319,20,21,48.8,/en/players/33b8d077/matchlogs/2019-2020/misc/Marcelo-Brozovic-Match-Logs
80,Gastón Brugman,uy,MF,Parma,26,1992,16.2,5,0,0,27,19,0,12,25,36,0,0,0,163,10,5,66.7,/en/players/e947ee4a/matchlogs/2019-2020/misc/Gaston-Brugman-Match-Logs
81,Gianluigi Buffon,it,GK,Juventus,41,1978,9.0,0,0,0,0,1,0,0,0,0,0,0,0,35,0,0,,/en/players/e40d028b/matchlogs/2019-2020/misc/Gianluigi-Buffon-Match-Logs
82,Fabrizio Cacciatore,it,DF,Cagliari,32,1986,12.8,1,1,0,8,8,1,37,15,5,0,0,0,90,13,10,56.5,/en/players/00b0bb87/matchlogs/2019-2020/misc/Fabrizio-Cacciatore-Match-Logs
83,Martín Cáceres,uy,DF,Fiorentina,32,1987,26.2,10,1,1,22,16,0,12,30,36,0,1,0,192,32,22,59.3,/en/players/e94d79e3/matchlogs/2019-2020/misc/Martin-Caceres-Match-Logs
84,Felipe Caicedo,ec,FW,Lazio,30,1988,15.6,7,0,0,27,20,8,0,4,24,3,0,0,52,24,54,30.8,/en/players/93b891d1/matchlogs/2019-2020/misc/Felipe-Caicedo-Match-Logs
85,Davide Calabria,it,DF,Milan,22,1996,18.0,4,2,1,15,23,1,47,22,20,0,0,0,164,15,12,55.6,/en/players/2146785a/matchlogs/2019-2020/misc/Davide-Calabria-Match-Logs
86,Riccardo Calafiori,it,DF,Roma,17,2002,0.7,0,0,0,1,1,0,0,2,0,1,0,0,2,0,0,,/en/players/aded8e6f/matchlogs/2019-2020/misc/Riccardo-Calafiori-Match-Logs
87,Mattia Caldara,it,DF,Atalanta,25,1994,10.7,1,0,0,20,7,1,2,32,14,0,0,0,124,33,19,63.5,/en/players/ac7e640b/matchlogs/2019-2020/misc/Mattia-Caldara-Match-Logs
88,Marco Calderoni,it,DF,Lecce,30,1989,22.9,7,0,0,29,37,2,103,35,30,0,1,0,144,12,16,42.9,/en/players/652811aa/matchlogs/2019-2020/misc/Marco-Calderoni-Match-Logs
89,Hakan Çalhanoğlu,tr,"MF,FW",Milan,25,1994,30.0,6,0,0,38,27,1,151,26,34,0,1,0,201,20,46,30.3,/en/players/cd0fa27b/matchlogs/2019-2020/misc/Hakan-Calhanoglu-Match-Logs
90,José Callejón,es,"FW,MF",Napoli,32,1987,24.1,2,0,0,12,43,10,170,9,7,0,1,0,143,10,17,37.0,/en/players/78841da9/matchlogs/2019-2020/misc/Jose-Callejon-Match-Logs
91,Emre Can,de,MF,Juventus,25,1994,3.2,2,0,0,10,5,0,3,3,4,0,0,0,23,2,0,100.0,/en/players/a65ce836/matchlogs/2019-2020/misc/Emre-Can-Match-Logs
92,Antonio Candreva,it,DF,Inter,32,1987,22.1,5,0,0,15,20,13,178,14,13,1,0,0,147,3,9,25.0,/en/players/356c9002/matchlogs/2019-2020/misc/Antonio-Candreva-Match-Logs
93,Gianmarco Cangiano,it,"FW,MF",Bologna,17,2001,0.2,0,0,0,1,1,0,1,1,1,0,0,0,4,0,2,0.0,/en/players/a36084cd/matchlogs/2019-2020/misc/Gianmarco-Cangiano-Match-Logs
94,Gianluca Caprari,it,"FW,MF",Parma,26,1993,6.5,1,0,0,6,16,2,21,4,4,0,0,0,40,2,9,18.2,/en/players/54e53b7e/matchlogs/2019-2020/misc/Gianluca-Caprari-Match-Logs
95,Gianluca Caprari,it,"FW,MF",Sampdoria,26,1993,7.4,4,1,1,10,13,2,25,7,8,0,0,0,37,1,20,4.8,/en/players/54e53b7e/matchlogs/2019-2020/misc/Gianluca-Caprari-Match-Logs
96,Francesco Caputo,it,FW,Sassuolo,31,1987,32.6,3,0,0,24,47,23,9,1,5,0,0,0,93,16,39,29.1,/en/players/5bd72174/matchlogs/2019-2020/misc/Francesco-Caputo-Match-Logs
97,Andrea Carboni,it,"DF,MF",Cagliari,18,2001,4.1,5,2,1,7,2,0,2,7,2,0,0,0,27,8,3,72.7,/en/players/f7e2af2c/matchlogs/2019-2020/misc/Andrea-Carboni-Match-Logs
98,Francesco Cassata,it,MF,Genoa,22,1997,16.2,11,2,1,46,26,1,26,11,13,1,0,0,137,10,23,30.3,/en/players/96960855/matchlogs/2019-2020/misc/Francesco-Cassata-Match-Logs
99,Timothy Castagne,be,DF,Atalanta,23,1995,19.7,4,0,0,18,8,5,60,18,23,1,0,0,159,33,23,58.9,/en/players/197640fd/matchlogs/2019-2020/misc/Timothy-Castagne-Match-Logs
100,Samu Castillejo,es,"FW,MF",Milan,24,1995,13.4,3,1,0,14,20,7,68,24,18,0,0,0,99,17,34,33.3,/en/players/130a7a3f/matchlogs/2019-2020/misc/Samu-Castillejo-Match-Logs
Rk,,,,,,,,,,,,,,,,,,,,,,,,
101,Lucas Castro,ar,MF,Cagliari,30,1989,6.7,2,0,0,15,6,1,21,11,8,0,0,0,60,5,6,45.5,/en/players/56b2957b/matchlogs/2019-2020/misc/Lucas-Castro-Match-Logs
102,Lucas Castro,ar,MF,SPAL,30,1989,4.7,0,0,0,8,4,0,4,3,6,0,0,0,26,5,2,71.4,/en/players/56b2957b/matchlogs/2019-2020/misc/Lucas-Castro-Match-Logs
103,Gaetano Castrovilli,it,MF,Fiorentina,22,1997,29.7,10,0,0,64,78,0,39,16,46,1,2,0,252,21,41,33.9,/en/players/0728bebe/matchlogs/2019-2020/misc/Gaetano-Castrovilli-Match-Logs
104,Danilo Cataldi,it,MF,Lazio,24,1994,6.6,3,0,0,5,2,0,35,13,14,0,0,0,80,5,2,71.4,/en/players/ba3d3bea/matchlogs/2019-2020/misc/Danilo-Cataldi-Match-Logs
105,Federico Ceccherini,it,DF,Fiorentina,27,1992,9.3,3,0,0,9,14,0,1,13,10,0,1,0,96,27,11,71.1,/en/players/d9624b51/matchlogs/2019-2020/misc/Federico-Ceccherini-Match-Logs
106,Christian Celesia,it,DF,Torino,17,2002,0.0,0,0,0,0,0,0,0,0,0,0,0,0,0,0,0,,/en/players/d2fd20d6/matchlogs/2019-2020/misc/Christian-Celesia-Match-Logs
107,Luca Ceppitelli,it,DF,Cagliari,29,1989,13.8,5,0,0,8,9,0,4,22,12,0,0,1,112,33,29,53.2,/en/players/7d50454d/matchlogs/2019-2020/misc/Luca-Ceppitelli-Match-Logs
108,Alberto Cerri,it,FW,SPAL,23,1996,4.7,1,0,0,8,6,2,2,0,1,0,0,0,9,18,11,62.1,/en/players/1079c685/matchlogs/2019-2020/misc/Alberto-Cerri-Match-Logs
109,Alberto Cerri,it,FW,Cagliari,23,1996,2.7,1,0,0,4,4,2,0,2,3,0,1,0,11,22,16,57.9,/en/players/1079c685/matchlogs/2019-2020/misc/Alberto-Cerri-Match-Logs
110,Julian Chabot,de,DF,Sampdoria,21,1998,6.3,1,1,0,10,6,0,0,13,10,0,0,0,51,21,10,67.7,/en/players/ae7058f9/matchlogs/2019-2020/misc/Julian-Chabot-Match-Logs
111,Jhon Chancellor,ve,DF,Brescia,27,1992,24.9,3,0,0,21,7,3,0,33,19,0,0,1,189,69,39,63.9,/en/players/84b6acaa/matchlogs/2019-2020/misc/Jhon-Chancellor-Match-Logs
112,Giorgio Chiellini,it,DF,Juventus,34,1984,2.2,0,0,0,4,2,0,0,1,2,0,0,0,18,4,2,66.7,/en/players/e85fb9b8/matchlogs/2019-2020/misc/Giorgio-Chiellini-Match-Logs
113,Federico Chiesa,it,"FW,DF",Fiorentina,21,1997,29.3,7,0,0,54,46,7,51,6,30,2,0,0,176,6,30,16.7,/en/players/b0f7e36c/matchlogs/2019-2020/misc/Federico-Chiesa-Match-Logs
114,Vlad Chiricheș,ro,DF,Sassuolo,29,1989,7.9,0,0,0,8,3,1,1,10,12,0,0,0,74,13,13,50.0,/en/players/c316607a/matchlogs/2019-2020/misc/Vlad-Chiriches-Match-Logs
115,Luca Cigarini,it,MF,Cagliari,33,1986,17.8,8,1,1,36,28,0,84,23,26,0,0,0,195,10,13,43.5,/en/players/ae64d449/matchlogs/2019-2020/misc/Luca-Cigarini-Match-Logs
116,Thiago Cionek,pl,DF,SPAL,33,1986,24.1,11,0,0,53,52,0,61,45,33,1,1,0,230,45,24,65.2,/en/players/46f5c54d/matchlogs/2019-2020/misc/Thiago-Cionek-Match-Logs
117,Andrea Cistana,it,DF,Brescia,22,1997,20.4,7,1,0,24,14,1,4,34,21,0,1,0,171,47,47,50.0,/en/players/fe6a7685/matchlogs/2019-2020/misc/Andrea-Cistana-Match-Logs
118,Denilho Cleonise,nl,FW,Genoa,17,2001,0.5,2,0,0,2,1,0,0,1,0,0,0,0,1,0,1,0.0,/en/players/91c9de34/matchlogs/2019-2020/misc/Denilho-Cleonise-Match-Logs
119,Ebrima Colley,gm,FW,Atalanta,19,2000,0.9,1,0,0,3,4,0,0,1,1,0,0,0,12,1,1,50.0,/en/players/bf356094/matchlogs/2019-2020/misc/Ebrima-Colley-Match-Logs
120,Omar Colley,gm,DF,Sampdoria,26,1992,30.8,10,0,0,40,16,2,5,58,34,0,2,0,352,87,40,68.5,/en/players/8b95acda/matchlogs/2019-2020/misc/Omar-Colley-Match-Logs
121,Simone Colombi,it,GK,Parma,28,1991,4.0,0,0,0,0,0,0,0,0,0,0,0,0,13,0,0,,/en/players/72be9309/matchlogs/2019-2020/misc/Simone-Colombi-Match-Logs
122,Lorenzo Colombo,it,FW,Milan,17,2002,0.1,0,0,0,1,0,0,0,0,0,0,0,0,0,0,0,,/en/players/04df29a5/matchlogs/2019-2020/misc/Lorenzo-Colombo-Match-Logs
123,Andrea Consigli,it,GK,Sassuolo,32,1987,31.0,1,0,0,1,1,0,0,4,0,0,0,0,131,0,1,0.0,/en/players/8cabdc1e/matchlogs/2019-2020/misc/Andrea-Consigli-Match-Logs
124,Andrea Conti,it,DF,Milan,25,1994,19.2,8,0,0,37,22,0,24,43,31,0,0,0,148,17,13,56.7,/en/players/8fef5412/matchlogs/2019-2020/misc/Andrea-Conti-Match-Logs
125,Gabriele Corbo,it,DF,Bologna,19,2000,1.4,1,0,0,0,0,0,1,4,1,0,0,0,10,2,2,50.0,/en/players/091795f2/matchlogs/2019-2020/misc/Gabriele-Corbo-Match-Logs
Rk,,,,,,,,,,,,,,,,,,,,,,,,
126,Andreas Cornelius,dk,FW,Parma,26,1993,16.6,1,0,0,42,30,3,7,2,6,1,0,0,78,93,61,60.4,/en/players/c693347d/matchlogs/2019-2020/misc/Andreas-Cornelius-Match-Logs
127,Joaquín Correa,ar,"FW,MF",Lazio,24,1994,22.2,0,0,0,18,49,6,9,7,11,3,0,0,86,16,46,25.8,/en/players/45b9b619/matchlogs/2019-2020/misc/Joaquin-Correa-Match-Logs
128,Angelo da Costa Júnior,br,GK,Bologna,35,1983,1.0,0,0,0,0,0,0,0,0,0,0,0,0,5,0,0,,/en/players/18736214/matchlogs/2019-2020/misc/Angelo-da-Costa-Junior-Match-Logs
129,Douglas Costa,br,"FW,MF",Juventus,28,1990,8.9,1,0,0,10,10,3,40,6,5,0,0,0,53,1,7,12.5,/en/players/4fa7cb9b/matchlogs/2019-2020/misc/Douglas-Costa-Match-Logs
130,Alessio Cragno,it,GK,Cagliari,25,1994,16.0,1,0,0,0,1,0,0,0,0,0,0,0,71,0,0,,/en/players/f554e29b/matchlogs/2019-2020/misc/Alessio-Cragno-Match-Logs
131,Domenico Criscito,it,DF,Genoa,32,1986,22.8,7,0,0,30,41,0,76,52,44,0,1,0,201,28,16,63.6,/en/players/35dd6d80/matchlogs/2019-2020/misc/Domenico-Criscito-Match-Logs
132,Bryan Cristante,it,MF,Roma,24,1995,18.0,7,1,0,32,6,0,7,26,14,0,1,0,165,13,24,35.1,/en/players/16657b95/matchlogs/2019-2020/misc/Bryan-Cristante-Match-Logs
133,Sebastián Cristóforo,uy,MF,Fiorentina,25,1993,1.0,0,0,0,0,2,0,5,1,4,0,0,0,10,0,0,,/en/players/3c05c659/matchlogs/2019-2020/misc/Sebastian-Cristoforo-Match-Logs
134,Juan Cuadrado,co,DF,Juventus,31,1988,29.5,7,1,0,28,79,3,86,36,40,1,0,0,257,17,24,41.5,/en/players/0ab1f153/matchlogs/2019-2020/misc/Juan-Cuadrado-Match-Logs
135,Jaume Cuéllar,bo,"FW,MF",SPAL,17,2001,0.8,0,0,0,2,3,0,0,0,1,0,0,0,0,0,2,0.0,/en/players/934e264d/matchlogs/2019-2020/misc/Jaume-Cuellar-Match-Logs
136,Felipe Curcio,br,DF,Brescia,26,1993,0.1,0,0,0,0,0,0,2,0,0,0,0,0,2,1,0,100.0,/en/players/8913a9f9/matchlogs/2019-2020/misc/Felipe-Curcio-Match-Logs
137,Patrick Cutrone,it,FW,Fiorentina,21,1998,9.3,1,0,0,8,10,11,5,2,6,1,0,0,37,10,37,21.3,/en/players/a4fe8cda/matchlogs/2019-2020/misc/Patrick-Cutrone-Match-Logs
138,Lennart-Marten Czyborra,de,DF,Atalanta,20,1999,0.2,0,0,0,0,0,0,1,0,0,0,0,0,0,0,0,,/en/players/7ba1f1ef/matchlogs/2019-2020/misc/Lennart-Marten-Czyborra-Match-Logs
139,Marco D'Alessandro,it,"MF,DF",SPAL,28,1991,8.7,0,1,0,3,9,1,27,4,9,0,0,0,33,0,8,0.0,/en/players/060606ec/matchlogs/2019-2020/misc/Marco-DAlessandro-Match-Logs
140,Danilo D'Ambrosio,it,DF,Inter,30,1988,15.6,6,0,0,35,19,4,17,14,20,0,0,0,119,20,17,54.1,/en/players/44eb9093/matchlogs/2019-2020/misc/Danilo-DAmbrosio-Match-Logs
141,Felice D'Amico,it,MF,Sampdoria,18,2000,0.0,0,0,0,0,0,0,0,0,1,0,0,0,0,0,0,,/en/players/0c35d28d/matchlogs/2019-2020/misc/Felice-DAmico-Match-Logs
142,Jacopo Da Riva,it,FW,Atalanta,18,2000,0.0,0,0,0,0,0,0,0,0,0,0,0,0,0,0,0,,/en/players/9591723b/matchlogs/2019-2020/misc/Jacopo-Da-Riva-Match-Logs
143,Bryan Dabo,bf,MF,SPAL,27,1992,12.5,4,0,0,17,22,1,4,11,14,0,0,0,81,13,8,61.9,/en/players/c53083ad/matchlogs/2019-2020/misc/Bryan-Dabo-Match-Logs
144,Felipe dal Belo,br,DF,SPAL,35,1984,11.1,5,0,0,20,9,1,4,8,8,0,1,0,81,16,9,64.0,/en/players/8cea6319/matchlogs/2019-2020/misc/Felipe-dal-Belo-Match-Logs
145,Christian Dalle Mura,it,MF,Fiorentina,17,2002,0.0,0,0,0,0,0,0,0,0,0,0,0,0,0,0,0,,/en/players/f32df091/matchlogs/2019-2020/misc/Christian-Dalle-Mura-Match-Logs
146,Danilo,br,DF,Juventus,28,1991,16.0,4,1,1,20,14,2,30,23,17,0,1,0,140,17,13,56.7,/en/players/94b2001f/matchlogs/2019-2020/misc/Danilo-Match-Logs
147,Andrea Danzi,it,MF,Hellas Verona,20,1999,0.0,0,0,0,0,0,0,0,0,0,0,0,0,0,0,0,,/en/players/263b855a/matchlogs/2019-2020/misc/Andrea-Danzi-Match-Logs
148,Matteo Darmian,it,DF,Parma,29,1989,29.8,6,0,0,38,45,3,45,25,39,0,1,0,254,33,33,50.0,/en/players/96e0490d/matchlogs/2019-2020/misc/Matteo-Darmian-Match-Logs
149,Paweł Dawidowicz,pl,DF,Hellas Verona,24,1995,7.7,4,2,1,19,8,1,2,12,8,0,1,0,66,26,13,66.7,/en/players/16bb656a/matchlogs/2019-2020/misc/Pawel-Dawidowicz-Match-Logs
150,Sebastien De Maio,fr,DF,Udinese,32,1987,16.7,1,0,0,10,8,3,6,34,15,0,0,0,155,41,31,56.9,/en/players/952a03fe/matchlogs/2019-2020/misc/Sebastien-De-Maio-Match-Logs
Rk,,,,,,,,,,,,,,,,,,,,,,,,
151,Rodrigo De Paul,ar,MF,Udinese,25,1994,31.4,5,1,0,33,76,2,239,28,37,0,0,0,265,2,11,15.4,/en/players/162efffd/matchlogs/2019-2020/misc/Rodrigo-De-Paul-Match-Logs
152,Mattia De Sciglio,it,DF,Juventus,26,1992,5.2,1,0,0,0,3,0,9,8,5,0,0,0,44,7,8,46.7,/en/players/ae4e2852/matchlogs/2019-2020/misc/Mattia-De-Sciglio-Match-Logs
153,Lorenzo De Silvestri,it,DF,Torino,31,1988,24.9,2,0,0,34,15,7,81,20,9,0,1,0,120,59,41,59.0,/en/players/e74f0e59/matchlogs/2019-2020/misc/Lorenzo-De-Silvestri-Match-Logs
154,Grégoire Defrel,mq,"FW,MF",Sassuolo,28,1991,10.9,1,0,0,16,12,4,4,3,9,0,0,0,57,6,22,21.4,/en/players/854ee61a/matchlogs/2019-2020/misc/Gregoire-Defrel-Match-Logs
155,Alessandro Deiola,it,MF,Cagliari,23,1995,0.0,0,0,0,0,0,0,0,1,0,0,0,0,1,0,0,,/en/players/7f267d66/matchlogs/2019-2020/misc/Alessandro-Deiola-Match-Logs
156,Alessandro Deiola,it,MF,Lecce,23,1995,8.0,3,0,0,7,8,0,10,7,12,0,0,0,72,2,6,25.0,/en/players/7f267d66/matchlogs/2019-2020/misc/Alessandro-Deiola-Match-Logs
157,Cristian Dell'Orco,it,DF,Lecce,25,1994,11.2,2,1,1,16,9,0,28,17,16,0,0,0,84,24,11,68.6,/en/players/b0243215/matchlogs/2019-2020/misc/Cristian-DellOrco-Match-Logs
158,Merih Demiral,tr,DF,Juventus,21,1998,4.6,1,0,0,5,1,1,1,4,7,0,1,0,39,22,6,78.6,/en/players/e3cceee6/matchlogs/2019-2020/misc/Merih-Demiral-Match-Logs
159,Diego Demme,de,MF,Napoli,27,1991,10.0,6,0,0,25,11,0,3,10,13,0,0,0,85,5,9,35.7,/en/players/dc3fa3b5/matchlogs/2019-2020/misc/Diego-Demme-Match-Logs
160,Stefano Denswil,nl,DF,Bologna,26,1993,24.9,7,1,1,29,29,1,7,32,35,0,1,1,235,53,23,69.7,/en/players/5832ebfe/matchlogs/2019-2020/misc/Stefano-Denswil-Match-Logs
161,Fabio Depaoli,it,"MF,DF",Sampdoria,22,1997,20.6,7,0,0,59,30,3,82,15,26,1,1,0,155,25,45,35.7,/en/players/d97f2e8d/matchlogs/2019-2020/misc/Fabio-Depaoli-Match-Logs
162,Kastriot Dermaku,al,DF,Parma,27,1992,11.4,2,0,0,18,4,0,1,12,6,0,1,0,77,29,11,72.5,/en/players/2990c466/matchlogs/2019-2020/misc/Kastriot-Dermaku-Match-Logs
163,Daniele Dessena,it,MF,Brescia,32,1987,20.8,7,1,1,26,20,0,17,10,15,2,1,0,166,22,28,44.0,/en/players/02b2937c/matchlogs/2019-2020/misc/Daniele-Dessena-Match-Logs
164,Mattia Destro,it,"FW,MF",Genoa,28,1991,1.7,0,0,0,3,2,1,1,0,0,0,0,0,5,4,10,28.6,/en/players/d7d32194/matchlogs/2019-2020/misc/Mattia-Destro-Match-Logs
165,Mattia Destro,it,FW,Bologna,28,1991,2.1,2,0,0,6,2,1,0,0,3,0,0,0,5,2,13,13.3,/en/players/d7d32194/matchlogs/2019-2020/misc/Mattia-Destro-Match-Logs
166,Samuel Di Carmine,it,FW,Hellas Verona,30,1988,14.4,3,0,0,33,26,17,10,0,2,2,0,0,49,29,45,39.2,/en/players/ef94dc2f/matchlogs/2019-2020/misc/Samuel-Di-Carmine-Match-Logs
167,Federico Di Francesco,it,FW,SPAL,25,1994,12.0,4,0,0,19,30,4,35,3,6,1,0,0,71,7,16,30.4,/en/players/1fca9171/matchlogs/2019-2020/misc/Federico-Di-Francesco-Match-Logs
168,Giovanni Di Lorenzo,it,DF,Napoli,25,1993,33.0,5,0,0,32,52,3,61,31,43,0,0,0,234,65,52,55.6,/en/players/230a2fac/matchlogs/2019-2020/misc/Giovanni-Di-Lorenzo-Match-Logs
169,Amadou Diawara,gn,MF,Roma,22,1997,16.9,4,0,0,28,18,0,2,36,32,0,0,0,155,9,9,50.0,/en/players/bf309d24/matchlogs/2019-2020/misc/Amadou-Diawara-Match-Logs
170,Mitchell Dijks,nl,DF,Bologna,26,1993,11.2,4,0,0,21,13,3,28,10,10,0,1,0,101,9,11,45.0,/en/players/0a3065c8/matchlogs/2019-2020/misc/Mitchell-Dijks-Match-Logs
171,Federico Dimarco,it,DF,Hellas Verona,21,1997,5.8,1,0,0,9,7,2,56,4,6,0,0,1,62,3,4,42.9,/en/players/970b8574/matchlogs/2019-2020/misc/Federico-Dimarco-Match-Logs
172,Federico Dimarco,it,"DF,MF",Inter,21,1997,0.3,0,0,0,1,0,0,0,1,1,0,0,0,5,0,1,0.0,/en/players/970b8574/matchlogs/2019-2020/misc/Federico-Dimarco-Match-Logs
173,Koffi Djidji,ci,DF,Torino,26,1992,9.5,0,0,0,12,2,0,0,16,13,0,1,1,94,11,12,47.8,/en/players/933d3b51/matchlogs/2019-2020/misc/Koffi-Djidji-Match-Logs
174,Berat Djimsiti,al,DF,Atalanta,26,1993,30.9,5,0,0,32,37,0,3,49,25,0,1,0,366,117,42,73.6,/en/players/6eee05f1/matchlogs/2019-2020/misc/Berat-Djimsiti-Match-Logs
175,Nicolás Domínguez,ar,MF,Bologna,21,1998,7.8,1,0,0,16,6,0,6,11,16,0,0,0,105,4,7,36.4,/en/players/20b3a502/matchlogs/2019-2020/misc/Nicolas-Dominguez-Match-Logs
Rk,,,,,,,,,,,,,,,,,,,,,,,,
176,Giulio Donati,it,DF,Lecce,29,1990,19.6,4,0,0,17,29,0,57,26,25,0,0,1,137,15,10,60.0,/en/players/22051fbe/matchlogs/2019-2020/misc/Giulio-Donati-Match-Logs
177,Alfredo Donnarumma,it,FW,Brescia,28,1990,18.7,1,0,0,18,33,11,7,5,7,0,0,0,81,12,40,23.1,/en/players/5592007b/matchlogs/2019-2020/misc/Alfredo-Donnarumma-Match-Logs
178,Gianluigi Donnarumma,it,GK,Milan,20,1999,35.6,3,0,0,1,4,0,0,3,0,0,0,0,151,0,0,,/en/players/08f5afaa/matchlogs/2019-2020/misc/Gianluigi-Donnarumma-Match-Logs
179,Bartłomiej Drągowski,pl,GK,Fiorentina,21,1997,31.0,1,0,0,1,6,0,0,2,0,0,1,0,175,0,0,,/en/players/085e71a7/matchlogs/2019-2020/misc/Bartlomiej-Dragowski-Match-Logs
180,Léo Duarte,br,DF,Milan,23,1996,4.5,2,0,0,3,2,0,0,3,1,0,0,0,32,11,8,57.9,/en/players/73ddc40c/matchlogs/2019-2020/misc/Leo-Duarte-Match-Logs
181,Edgaras Dubickas,lt,DF,Lecce,21,1998,0.0,0,0,0,1,0,0,0,0,0,0,0,0,0,0,0,,/en/players/c59f90b0/matchlogs/2019-2020/misc/Edgaras-Dubickas-Match-Logs
182,Alfred Duncan,gh,MF,Sassuolo,26,1993,9.4,3,0,0,17,13,0,8,10,11,0,2,0,67,5,8,38.5,/en/players/528492ea/matchlogs/2019-2020/misc/Alfred-Duncan-Match-Logs
183,Alfred Duncan,gh,MF,Fiorentina,26,1993,9.9,2,0,0,9,10,0,15,5,7,0,0,0,66,4,6,40.0,/en/players/528492ea/matchlogs/2019-2020/misc/Alfred-Duncan-Match-Logs
184,Paulo Dybala,ar,"FW,MF",Juventus,25,1993,23.9,5,0,0,24,54,6,106,13,18,3,0,0,126,3,9,25.0,/en/players/e0921a4f/matchlogs/2019-2020/misc/Paulo-Dybala-Match-Logs
185,Edin Džeko,ba,FW,Roma,33,1986,31.7,4,0,0,39,48,16,21,6,11,4,0,0,130,135,75,64.3,/en/players/3bb7f478/matchlogs/2019-2020/misc/Edin-Dzeko-Match-Logs
186,Blerim Džemaili,ch,MF,Bologna,33,1986,7.8,2,0,0,11,17,0,4,7,16,0,0,0,75,4,3,57.1,/en/players/756959aa/matchlogs/2019-2020/misc/Blerim-Dzemaili-Match-Logs
187,Simone Edera,it,"MF,FW",Torino,22,1997,4.4,4,1,1,13,5,0,13,1,7,1,0,0,25,3,11,21.4,/en/players/8697c095/matchlogs/2019-2020/misc/Simone-Edera-Match-Logs
188,Albin Ekdal,se,MF,Sampdoria,30,1989,26.5,8,0,0,43,56,0,9,31,44,2,0,0,299,30,21,58.8,/en/players/f503ea63/matchlogs/2019-2020/misc/Albin-Ekdal-Match-Logs
189,Elif Elmas,mk,MF,Napoli,19,1999,12.6,7,0,0,31,16,0,3,11,10,0,0,0,84,2,14,12.5,/en/players/cf007308/matchlogs/2019-2020/misc/Elif-Elmas-Match-Logs
190,Alan Empereur,br,DF,Hellas Verona,25,1994,9.5,3,0,0,18,9,0,2,25,13,0,1,0,96,27,18,60.0,/en/players/825b8997/matchlogs/2019-2020/misc/Alan-Empereur-Match-Logs
191,Christian Eriksen,dk,MF,Inter,27,1992,7.8,0,0,0,6,2,0,59,0,6,0,0,0,71,3,6,33.3,/en/players/980522ec/matchlogs/2019-2020/misc/Christian-Eriksen-Match-Logs
192,Espeto,br,"DF,MF",SPAL,22,1997,23.4,9,1,1,51,61,2,71,22,39,0,0,0,162,10,36,21.7,/en/players/674cfc5a/matchlogs/2019-2020/misc/Espeto-Match-Logs
193,Sebastiano Esposito,it,FW,Inter,17,2002,2.2,2,0,0,7,4,1,7,3,3,0,0,0,13,1,8,11.1,/en/players/7ff93107/matchlogs/2019-2020/misc/Sebastiano-Esposito-Match-Logs
194,Valentin Eysseric,fr,MF,Fiorentina,27,1992,0.5,0,0,0,3,0,0,4,0,0,0,0,0,4,1,2,33.3,/en/players/ae82fa48/matchlogs/2019-2020/misc/Valentin-Eysseric-Match-Logs
195,Valentin Eysseric,fr,"MF,FW",Hellas Verona,27,1992,3.9,3,0,0,11,3,1,14,2,1,0,0,0,19,8,10,44.4,/en/players/ae82fa48/matchlogs/2019-2020/misc/Valentin-Eysseric-Match-Logs
196,Luca Falbo,it,DF,Lazio,19,2000,0.0,0,0,0,1,0,0,0,0,0,0,0,0,1,0,0,,/en/players/ca8fa0c0/matchlogs/2019-2020/misc/Luca-Falbo-Match-Logs
197,Filippo Falco,it,"FW,MF",Lecce,27,1992,22.4,0,0,0,13,83,6,127,5,15,0,0,0,122,3,20,13.0,/en/players/e23f56c1/matchlogs/2019-2020/misc/Filippo-Falco-Match-Logs
198,Wladimiro Falcone,it,GK,Sampdoria,24,1995,2.0,1,0,0,1,0,0,0,0,0,0,1,0,12,0,0,,/en/players/9f5a610b/matchlogs/2019-2020/misc/Wladimiro-Falcone-Match-Logs
199,Iago Falque,es,"MF,FW",Torino,29,1990,1.1,0,0,0,1,0,0,4,0,0,0,0,0,9,0,2,0.0,/en/players/440c84ed/matchlogs/2019-2020/misc/Iago-Falque-Match-Logs
200,Iago Falque,es,MF,Genoa,29,1990,5.8,0,0,0,3,2,3,30,1,2,0,0,0,46,6,7,46.2,/en/players/440c84ed/matchlogs/2019-2020/misc/Iago-Falque-Match-Logs
Rk,,,,,,,,,,,,,,,,,,,,,,,,
201,Andri Fannar Baldursson,is,MF,Bologna,17,2002,1.6,0,0,0,4,2,0,2,1,1,0,0,0,16,1,2,33.3,/en/players/61f2f56a/matchlogs/2019-2020/misc/Andri-Fannar-Baldursson-Match-Logs
202,Paolo Faragò,it,DF,Cagliari,26,1993,14.9,3,0,0,21,15,0,44,9,28,0,0,0,133,29,15,65.9,/en/players/9085dd7c/matchlogs/2019-2020/misc/Paolo-Farago-Match-Logs
203,Davide Faraoni,it,DF,Hellas Verona,27,1991,35.9,6,0,0,31,40,4,131,36,36,0,1,0,333,41,43,48.8,/en/players/aae9d04a/matchlogs/2019-2020/misc/Davide-Faraoni-Match-Logs
204,Mohamed Fares,dz,"DF,MF",SPAL,23,1996,4.7,2,0,0,10,8,0,20,6,3,0,0,0,23,4,5,44.4,/en/players/b7a5bc86/matchlogs/2019-2020/misc/Mohamed-Fares-Match-Logs
205,Diego Farias,br,"FW,MF",Lecce,29,1990,9.2,3,1,0,17,16,1,23,4,5,1,0,0,59,1,5,16.7,/en/players/157d29b6/matchlogs/2019-2020/misc/Diego-Farias-Match-Logs
206,Andrea Favilli,it,FW,Genoa,22,1997,7.3,4,0,0,28,17,4,1,0,5,1,0,0,23,27,38,41.5,/en/players/44510fde/matchlogs/2019-2020/misc/Andrea-Favilli-Match-Logs
207,Federico Fazio,ar,DF,Roma,32,1987,13.5,2,1,0,11,7,1,2,24,11,0,0,0,127,36,21,63.2,/en/players/4e358a2d/matchlogs/2019-2020/misc/Federico-Fazio-Match-Logs
208,Luiz Felipe,br,DF,Lazio,22,1997,22.5,6,0,0,18,15,2,7,43,24,0,1,0,175,30,25,54.5,/en/players/15d0c248/matchlogs/2019-2020/misc/Luiz-Felipe-Match-Logs
209,Lucas Felippe,br,"MF,DF",Hellas Verona,19,2000,0.3,0,0,0,0,0,0,0,0,0,0,0,0,6,0,0,,/en/players/85e51909/matchlogs/2019-2020/misc/Lucas-Felippe-Match-Logs
210,Alex Ferrari,it,DF,Sampdoria,25,1994,11.2,4,0,0,16,13,0,1,11,12,0,0,0,120,15,12,55.6,/en/players/d0dbca9f/matchlogs/2019-2020/misc/Alex-Ferrari-Match-Logs
211,Sergio Floccari,it,FW,SPAL,37,1981,10.5,3,0,0,22,18,10,16,5,6,0,0,0,45,25,58,30.1,/en/players/df301450/matchlogs/2019-2020/misc/Sergio-Floccari-Match-Logs
212,Alessandro Florenzi,it,"DF,FW",Roma,28,1991,11.1,5,0,0,11,12,2,29,16,13,0,0,0,115,12,12,50.0,/en/players/e288d4b3/matchlogs/2019-2020/misc/Alessandro-Florenzi-Match-Logs
213,Seko Fofana,ci,MF,Udinese,24,1995,25.0,4,0,0,20,19,0,22,15,12,0,1,0,210,9,20,31.0,/en/players/5313ed43/matchlogs/2019-2020/misc/Seko-Fofana-Match-Logs
214,Gianluca Frabotta,it,DF,Juventus,20,1999,1.0,0,0,0,2,0,0,3,1,1,0,0,0,5,2,0,100.0,/en/players/d80b1835/matchlogs/2019-2020/misc/Gianluca-Frabotta-Match-Logs
215,Remo Freuler,ch,MF,Atalanta,27,1992,26.0,3,0,0,40,35,0,31,25,48,0,0,0,283,14,23,37.8,/en/players/98d2c2c4/matchlogs/2019-2020/misc/Remo-Freuler-Match-Logs
216,Daniel Fuzato,br,GK,Roma,22,1997,1.0,0,0,0,0,0,0,0,0,0,0,0,0,5,0,0,,/en/players/82328faf/matchlogs/2019-2020/misc/Daniel-Fuzato-Match-Logs
217,Matteo Gabbia,it,DF,Milan,19,1999,7.6,1,0,0,11,3,0,0,10,5,0,1,0,89,28,11,71.8,/en/players/c235e803/matchlogs/2019-2020/misc/Matteo-Gabbia-Match-Logs
218,Manolo Gabbiadini,it,FW,Sampdoria,27,1991,22.6,2,0,0,30,38,14,70,11,11,1,0,0,91,27,71,27.6,/en/players/8f866fe8/matchlogs/2019-2020/misc/Manolo-Gabbiadini-Match-Logs
219,Gabriel,br,GK,Lecce,26,1992,33.3,4,0,0,1,5,0,0,0,0,0,1,1,159,0,0,,/en/players/f93ed0df/matchlogs/2019-2020/misc/Gabriel-Match-Logs
220,Luca Gagliano,it,FW,Cagliari,19,2000,0.6,0,0,0,3,1,0,0,1,0,0,0,0,3,2,5,28.6,/en/players/1d00a56c/matchlogs/2019-2020/misc/Luca-Gagliano-Match-Logs
221,Roberto Gagliardini,it,MF,Inter,25,1994,20.0,5,0,0,34,24,4,11,31,27,1,0,0,163,26,19,57.8,/en/players/ce30bfc8/matchlogs/2019-2020/misc/Roberto-Gagliardini-Match-Logs
222,Riccardo Gagliolo,se,DF,Parma,29,1990,28.9,7,0,0,32,38,2,52,55,39,0,2,0,233,17,29,37.0,/en/players/173061c0/matchlogs/2019-2020/misc/Riccardo-Gagliolo-Match-Logs
223,Daniele Gastaldello,it,DF,Brescia,36,1983,4.3,1,0,0,2,4,0,3,5,8,0,1,0,37,8,7,53.3,/en/players/13f89eaa/matchlogs/2019-2020/misc/Daniele-Gastaldello-Match-Logs
224,Gervinho,ci,FW,Parma,32,1987,25.2,3,0,0,10,13,18,13,5,7,0,0,0,84,2,9,18.2,/en/players/e468c053/matchlogs/2019-2020/misc/Gervinho-Match-Logs
225,Rachid Ghezzal,dz,"MF,FW",Fiorentina,27,1992,9.2,5,0,0,22,16,1,31,8,17,1,0,0,68,8,7,53.3,/en/players/dc3a9a0d/matchlogs/2019-2020/misc/Rachid-Ghezzal-Match-Logs
Rk,,,,,,,,,,,,,,,,,,,,,,,,
226,Andrea Ghezzi,it,"MF,FW",Brescia,,,0.4,0,0,0,1,0,0,0,0,0,0,0,0,3,0,1,0.0,/en/players/c840baa2/matchlogs/2019-2020/misc/Andrea-Ghezzi-Match-Logs
227,Paolo Ghiglione,it,DF,Genoa,22,1997,19.1,4,0,0,25,19,3,113,8,19,0,0,0,136,11,14,44.0,/en/players/71dc23da/matchlogs/2019-2020/misc/Paolo-Ghiglione-Match-Logs
228,Andrea Ghion,it,"MF,FW",Sassuolo,19,2000,0.5,0,0,0,0,0,0,0,0,1,0,0,0,6,0,0,,/en/players/7f24b3eb/matchlogs/2019-2020/misc/Andrea-Ghion-Match-Logs
229,Faouzi Ghoulam,dz,DF,Napoli,28,1991,4.2,2,0,0,6,5,0,33,5,3,0,0,0,25,5,10,33.3,/en/players/c5adc293/matchlogs/2019-2020/misc/Faouzi-Ghoulam-Match-Logs
230,Diego Godín,uy,DF,Inter,33,1986,18.1,5,0,0,29,15,3,10,45,29,0,0,0,173,56,36,60.9,/en/players/fc4f85b1/matchlogs/2019-2020/misc/Diego-Godin-Match-Logs
231,Edoardo Goldaniga,it,DF,Genoa,25,1993,8.7,4,0,0,14,21,0,12,17,8,0,0,0,93,22,25,46.8,/en/players/4b029b31/matchlogs/2019-2020/misc/Edoardo-Goldaniga-Match-Logs
232,Pierluigi Gollini,it,GK,Atalanta,24,1995,32.0,3,0,0,0,8,0,0,0,0,0,0,0,185,0,0,,/en/players/f0f7f62f/matchlogs/2019-2020/misc/Pierluigi-Gollini-Match-Logs
233,Papu Gómez,ar,"MF,FW",Atalanta,31,1988,31.6,2,0,0,19,75,3,231,16,24,0,0,0,211,3,19,13.6,/en/players/6e4df551/matchlogs/2019-2020/misc/Papu-Gomez-Match-Logs
234,Robin Gosens,de,DF,Atalanta,25,1994,29.1,3,0,0,30,38,6,73,39,32,0,0,0,225,43,23,65.2,/en/players/2d970560/matchlogs/2019-2020/misc/Robin-Gosens-Match-Logs
235,Alberto Grassi,it,MF,Parma,24,1995,7.1,6,0,0,7,9,1,8,19,7,1,1,0,66,6,5,54.5,/en/players/6cc97b6a/matchlogs/2019-2020/misc/Alberto-Grassi-Match-Logs
236,Sinan Gümüş,tr,FW,Genoa,25,1994,1.1,0,0,0,1,3,0,1,0,0,0,0,0,5,0,1,0.0,/en/players/ac1f056e/matchlogs/2019-2020/misc/Sinan-Gumus-Match-Logs
237,Koray Günter,de,DF,Hellas Verona,24,1994,30.4,7,0,0,42,12,0,2,53,23,0,2,0,368,92,75,55.1,/en/players/f1f1f238/matchlogs/2019-2020/misc/Koray-Gunter-Match-Logs
238,Samir Handanović,si,GK,Inter,35,1984,35.0,2,0,0,1,6,0,0,0,0,0,1,0,147,0,0,,/en/players/74419746/matchlogs/2019-2020/misc/Samir-Handanovic-Match-Logs
239,Lukáš Haraslín,sk,FW,Sassuolo,23,1996,4.3,1,0,0,8,17,3,16,4,5,0,0,0,25,2,3,40.0,/en/players/5c397195/matchlogs/2019-2020/misc/Lukas-Haraslin-Match-Logs
240,Hans Hateboer,nl,DF,Atalanta,25,1994,26.2,10,0,0,44,18,7,75,10,24,0,1,0,142,34,30,53.1,/en/players/3b333ac3/matchlogs/2019-2020/misc/Hans-Hateboer-Match-Logs
241,Liam Henderson,sco,MF,Hellas Verona,23,1996,2.2,1,0,0,6,2,0,2,0,2,0,0,0,15,2,1,66.7,/en/players/d7918b13/matchlogs/2019-2020/misc/Liam-Henderson-Match-Logs
242,Dalbert Henrique,br,DF,Fiorentina,25,1993,27.6,8,1,0,52,33,4,140,16,30,1,0,0,200,28,28,50.0,/en/players/f45f9427/matchlogs/2019-2020/misc/Dalbert-Henrique-Match-Logs
243,Theo Hernández,fr,DF,Milan,21,1997,31.3,10,0,0,33,67,8,84,42,48,1,1,1,269,42,21,66.7,/en/players/d4c9725f/matchlogs/2019-2020/misc/Theo-Hernandez-Match-Logs
244,Hernani,br,MF,Parma,25,1994,26.9,10,0,0,46,18,4,103,49,47,0,0,0,221,33,23,58.9,/en/players/6f5ead86/matchlogs/2019-2020/misc/Hernani-Match-Logs
245,Gonzalo Higuaín,ar,FW,Juventus,31,1987,20.7,2,0,0,18,16,12,12,6,8,0,0,0,75,7,15,31.8,/en/players/8a08491a/matchlogs/2019-2020/misc/Gonzalo-Higuain-Match-Logs
246,Krisztofer Horváth,hu,"FW,DF",SPAL,17,2002,0.5,0,0,0,0,1,0,2,0,1,0,0,0,1,0,2,0.0,/en/players/4ce8f4a3/matchlogs/2019-2020/misc/Krisztofer-Horvath-Match-Logs
247,Elseid Hysaj,al,DF,Napoli,25,1994,16.5,3,0,0,8,18,0,39,24,17,0,0,0,159,9,15,37.5,/en/players/2f3452eb/matchlogs/2019-2020/misc/Elseid-Hysaj-Match-Logs
248,Simone Iacoponi,it,DF,Parma,32,1987,33.9,7,0,0,35,36,1,1,35,32,0,2,0,225,50,66,43.1,/en/players/63071a3f/matchlogs/2019-2020/misc/Simone-Iacoponi-Match-Logs
249,Roger Ibanez,br,DF,Roma,20,1998,6.8,1,0,0,15,13,0,0,20,8,0,0,0,60,16,5,76.2,/en/players/82efe6fa/matchlogs/2019-2020/misc/Roger-Ibanez-Match-Logs
250,Zlatan Ibrahimović,se,FW,Milan,37,1981,15.1,1,0,0,30,16,20,14,5,3,0,0,0,58,78,34,69.6,/en/players/4cde5509/matchlogs/2019-2020/misc/Zlatan-Ibrahimovic-Match-Logs
Rk,,,,,,,,,,,,,,,,,,,,,,,,
251,Igor,br,DF,Fiorentina,21,1998,6.8,2,0,0,8,4,1,2,9,10,0,0,0,62,11,1,91.7,/en/players/a4e85758/matchlogs/2019-2020/misc/Igor-Match-Logs
252,Igor,br,DF,SPAL,21,1998,14.9,7,0,0,21,11,0,9,25,17,0,0,0,126,16,14,53.3,/en/players/a4e85758/matchlogs/2019-2020/misc/Igor-Match-Logs
253,Josip Iličić,si,FW,Atalanta,31,1988,18.5,1,1,0,11,59,3,58,8,21,2,0,0,105,3,22,12.0,/en/players/68252d6d/matchlogs/2019-2020/misc/Josip-Ilicic-Match-Logs
254,Giannelli Imbula,cd,MF,Lecce,26,1992,1.4,0,0,0,1,0,0,1,2,0,0,0,0,10,1,1,50.0,/en/players/b86fe156/matchlogs/2019-2020/misc/Giannelli-Imbula-Match-Logs
255,Ciro Immobile,it,FW,Lazio,29,1990,35.2,8,0,0,39,38,21,12,11,7,5,1,0,142,24,68,26.1,/en/players/4431aed2/matchlogs/2019-2020/misc/Ciro-Immobile-Match-Logs
256,Roberto Inglese,it,FW,Parma,27,1991,8.5,1,0,0,19,7,10,4,2,7,0,0,0,41,12,20,37.5,/en/players/6c1f7328/matchlogs/2019-2020/misc/Roberto-Inglese-Match-Logs
257,Lorenzo Insigne,it,"FW,MF",Napoli,28,1991,31.2,1,0,0,8,28,9,118,29,23,0,0,0,209,6,12,33.3,/en/players/2f557579/matchlogs/2019-2020/misc/Lorenzo-Insigne-Match-Logs
258,Artur Ioniță,md,MF,Cagliari,28,1990,21.1,6,0,0,45,14,1,22,18,20,0,0,0,178,41,51,44.6,/en/players/cedb3e36/matchlogs/2019-2020/misc/Artur-Ionita-Match-Logs
259,Jakub Iskra,pl,DF,SPAL,16,2002,0.9,0,0,0,0,1,0,2,1,0,0,0,0,7,1,0,100.0,/en/players/103b7264/matchlogs/2019-2020/misc/Jakub-Iskra-Match-Logs
260,Armando Izzo,it,DF,Torino,27,1992,29.8,7,2,1,48,34,1,15,72,33,0,0,0,296,76,35,68.5,/en/players/89976232/matchlogs/2019-2020/misc/Armando-Izzo-Match-Logs
261,Filip Jagiełło,pl,MF,Genoa,21,1997,6.1,0,0,0,3,2,0,9,4,4,0,0,0,51,5,11,31.3,/en/players/4cdcbc14/matchlogs/2019-2020/misc/Filip-Jagiello-Match-Logs
262,Mato Jajalo,ba,MF,Udinese,31,1988,18.3,8,1,1,29,25,0,23,16,25,0,0,0,255,19,15,55.9,/en/players/8c65eb5f/matchlogs/2019-2020/misc/Mato-Jajalo-Match-Logs
263,Marko Janković,me,"MF,DF",SPAL,24,1995,1.3,1,0,0,5,3,0,10,0,2,0,0,0,9,0,3,0.0,/en/players/9866afec/matchlogs/2019-2020/misc/Marko-Jankovic-Match-Logs
264,Jakub Jankto,cz,MF,Sampdoria,23,1996,23.3,8,0,0,23,16,4,86,22,15,1,0,0,160,10,19,34.5,/en/players/1ea5f91c/matchlogs/2019-2020/misc/Jakub-Jankto-Match-Logs
265,Juan Jesus,br,DF,Roma,28,1991,1.5,2,0,0,3,0,0,0,0,2,0,1,0,13,1,3,25.0,/en/players/79083382/matchlogs/2019-2020/misc/Juan-Jesus-Match-Logs
266,Jony,es,DF,Lazio,28,1991,13.1,4,0,0,13,15,4,126,14,11,0,0,0,78,2,10,16.7,/en/players/244f57b9/matchlogs/2019-2020/misc/Jony-Match-Logs
267,Jesse Joronen,fi,GK,Brescia,26,1993,29.0,1,0,0,0,4,0,0,6,0,0,0,0,132,0,0,,/en/players/7f66ea09/matchlogs/2019-2020/misc/Jesse-Joronen-Match-Logs
268,Hamed Junior Traorè,ci,"MF,FW",Sassuolo,19,2000,17.4,3,0,0,27,23,6,85,11,14,0,0,0,104,7,15,31.8,/en/players/570bb4b9/matchlogs/2019-2020/misc/Hamed-Junior-Traore-Match-Logs
269,Musa Juwara,gm,"FW,MF",Bologna,17,2001,1.7,1,0,0,6,5,0,12,0,0,0,0,0,12,1,2,33.3,/en/players/7737dee2/matchlogs/2019-2020/misc/Musa-Juwara-Match-Logs
270,Nikola Kalinić,hr,FW,Roma,31,1988,6.3,1,0,0,8,19,2,0,1,0,0,0,0,19,17,15,53.1,/en/players/d4931a5a/matchlogs/2019-2020/misc/Nikola-Kalinic-Match-Logs
271,Yann Karamoh,fr,"FW,MF",Parma,21,1998,6.4,0,0,0,7,14,1,8,2,5,0,0,0,36,1,9,10.0,/en/players/8b66d9cc/matchlogs/2019-2020/misc/Yann-Karamoh-Match-Logs
272,Franck Kessié,ci,MF,Milan,22,1996,32.3,3,0,0,61,21,1,13,34,33,0,0,0,306,19,21,47.5,/en/players/05e19d6a/matchlogs/2019-2020/misc/Franck-Kessie-Match-Logs
273,Sami Khedira,de,MF,Juventus,32,1987,7.6,3,0,0,15,4,0,20,3,13,0,1,0,50,4,4,50.0,/en/players/38ac43d3/matchlogs/2019-2020/misc/Sami-Khedira-Match-Logs
274,Giorgos Kiriakopoulos,gr,DF,Sassuolo,23,1996,18.3,4,0,0,20,30,2,51,19,27,0,0,0,145,18,24,42.9,/en/players/0a483542/matchlogs/2019-2020/misc/Giorgos-Kiriakopoulos-Match-Logs
275,Simon Kjær,dk,DF,Atalanta,30,1989,3.2,2,0,0,13,1,0,0,7,3,0,0,0,33,10,11,47.6,/en/players/8b8a56ce/matchlogs/2019-2020/misc/Simon-Kjaer-Match-Logs
Rk,,,,,,,,,,,,,,,,,,,,,,,,
276,Simon Kjær,dk,DF,Milan,30,1989,13.8,2,0,0,10,3,0,1,19,15,0,1,0,110,34,14,70.8,/en/players/8b8a56ce/matchlogs/2019-2020/misc/Simon-Kjaer-Match-Logs
277,Ragnar Klavan,ee,DF,Cagliari,33,1985,26.2,4,0,0,24,6,0,0,29,25,0,0,1,186,25,28,47.2,/en/players/008a6e6d/matchlogs/2019-2020/misc/Ragnar-Klavan-Match-Logs
278,Justin Kluivert,nl,FW,Roma,20,1999,16.8,6,1,1,30,29,1,23,6,12,0,0,0,91,7,20,25.9,/en/players/4c3a6744/matchlogs/2019-2020/misc/Justin-Kluivert-Match-Logs
279,Aleksandar Kolarov,rs,DF,Roma,33,1985,30.4,6,0,0,29,30,3,185,31,25,0,2,0,254,44,32,57.9,/en/players/eda40760/matchlogs/2019-2020/misc/Aleksandar-Kolarov-Match-Logs
280,Christian Kouamé,ci,FW,Genoa,21,1997,10.2,1,0,0,20,24,6,4,2,3,2,0,0,62,30,35,46.2,/en/players/58e933d2/matchlogs/2019-2020/misc/Christian-Kouame-Match-Logs
281,Christian Kouamé,ci,FW,Fiorentina,21,1997,3.3,0,0,0,6,6,0,1,1,1,0,0,0,16,10,20,33.3,/en/players/58e933d2/matchlogs/2019-2020/misc/Christian-Kouame-Match-Logs
282,Kalidou Koulibaly,sn,DF,Napoli,28,1991,23.4,7,1,0,36,15,0,4,33,41,0,1,1,238,50,27,64.9,/en/players/da974c7b/matchlogs/2019-2020/misc/Kalidou-Koulibaly-Match-Logs
283,Ladislav Krejčí,cz,DF,Bologna,27,1992,11.7,1,0,0,11,5,3,14,10,9,0,0,0,73,11,9,55.0,/en/players/58027adc/matchlogs/2019-2020/misc/Ladislav-Krejci-Match-Logs
284,Rade Krunić,ba,MF,Milan,25,1993,6.0,3,0,0,11,16,0,0,11,11,0,0,0,58,9,10,47.4,/en/players/817c6964/matchlogs/2019-2020/misc/Rade-Krunic-Match-Logs
285,Juraj Kucka,sk,"MF,FW",Parma,32,1987,21.5,5,1,0,52,55,3,26,26,35,1,0,0,180,83,66,55.7,/en/players/5aaef9ef/matchlogs/2019-2020/misc/Juraj-Kucka-Match-Logs
286,Dejan Kulusevski,se,"FW,MF",Parma,19,2000,32.6,3,0,0,53,38,6,63,22,21,1,0,0,249,12,34,26.1,/en/players/df3cda47/matchlogs/2019-2020/misc/Dejan-Kulusevski-Match-Logs
287,Marash Kumbulla,al,DF,Hellas Verona,19,2000,21.7,7,1,1,47,24,1,1,49,39,0,0,0,181,68,35,66.0,/en/players/a40819d9/matchlogs/2019-2020/misc/Marash-Kumbulla-Match-Logs
288,Jasmin Kurtić,si,MF,SPAL,30,1989,15.7,5,0,0,17,32,1,82,10,16,0,0,0,98,30,28,51.7,/en/players/144607cc/matchlogs/2019-2020/misc/Jasmin-Kurtic-Match-Logs
289,Jasmin Kurtić,si,"MF,FW",Parma,30,1989,18.5,5,0,0,18,17,1,55,16,20,0,0,0,133,23,16,59.0,/en/players/144607cc/matchlogs/2019-2020/misc/Jasmin-Kurtic-Match-Logs
290,Antonino La Gumina,it,FW,Sampdoria,23,1996,2.1,0,0,0,1,3,1,0,0,1,0,0,0,3,5,13,27.8,/en/players/822a7761/matchlogs/2019-2020/misc/Antonino-La-Gumina-Match-Logs
291,Andrea La Mantia,it,FW,Lecce,28,1991,6.1,1,0,0,17,15,3,1,7,0,0,1,0,21,33,17,66.0,/en/players/c375dfa5/matchlogs/2019-2020/misc/Andrea-La-Mantia-Match-Logs
292,Riccardo Ladinetti,it,MF,Cagliari,18,2000,1.4,0,0,0,1,1,0,2,4,2,0,0,0,10,0,1,0.0,/en/players/ff4296df/matchlogs/2019-2020/misc/Riccardo-Ladinetti-Match-Logs
293,Gianluca Lapadula,it,FW,Lecce,29,1990,19.8,8,1,0,43,58,24,9,2,14,1,0,0,76,52,77,40.3,/en/players/2ead2809/matchlogs/2019-2020/misc/Gianluca-Lapadula-Match-Logs
294,Danilo Larangeira,br,DF,Bologna,35,1984,29.3,11,1,1,43,24,4,4,30,21,0,0,0,287,79,53,59.8,/en/players/fed5f993/matchlogs/2019-2020/misc/Danilo-Larangeira-Match-Logs
295,Kevin Lasagna,it,FW,Udinese,26,1992,28.5,1,0,0,45,32,15,20,7,18,0,0,0,144,41,86,32.3,/en/players/09538fdb/matchlogs/2019-2020/misc/Kevin-Lasagna-Match-Logs
296,Vincent Laurini,fr,DF,Parma,30,1989,9.8,4,0,0,13,20,0,21,12,23,0,2,0,64,7,13,35.0,/en/players/3535098b/matchlogs/2019-2020/misc/Vincent-Laurini-Match-Logs
297,Diego Laxalt,uy,"DF,MF",Torino,26,1993,6.6,3,0,0,12,8,0,17,7,10,0,0,0,58,6,11,35.3,/en/players/f26e3c59/matchlogs/2019-2020/misc/Diego-Laxalt-Match-Logs
298,Diego Laxalt,uy,DF,Milan,26,1993,1.9,1,0,0,4,1,0,10,1,2,0,0,0,15,2,5,28.6,/en/players/f26e3c59/matchlogs/2019-2020/misc/Diego-Laxalt-Match-Logs
299,Valentino Lazaro,at,"DF,MF",Inter,23,1996,3.6,2,0,0,7,1,0,18,1,6,0,0,0,29,2,3,40.0,/en/players/016ff750/matchlogs/2019-2020/misc/Valentino-Lazaro-Match-Logs
300,Darko Lazović,rs,DF,Hellas Verona,28,1990,36.0,4,0,0,11,15,20,133,22,14,0,1,0,246,18,28,39.1,/en/players/5128bde4/matchlogs/2019-2020/misc/Darko-Lazovic-Match-Logs
Rk,,,,,,,,,,,,,,,,,,,,,,,,
301,Manuel Lazzari,it,DF,Lazio,25,1993,28.3,6,0,0,21,41,7,135,10,13,0,1,0,146,3,18,14.3,/en/players/02caf6e0/matchlogs/2019-2020/misc/Manuel-Lazzari-Match-Logs
302,Rafael Leão,pt,FW,Milan,20,1999,15.6,0,0,0,16,15,6,37,0,4,1,0,0,70,29,33,46.8,/en/players/20730eae/matchlogs/2019-2020/misc/Rafael-Leao-Match-Logs
303,Lucas Leiva,br,MF,Lazio,32,1987,20.1,10,1,1,47,19,0,6,46,41,0,0,0,268,44,26,62.9,/en/players/4c78b5ed/matchlogs/2019-2020/misc/Lucas-Leiva-Match-Logs
304,Lukas Lerager,dk,MF,Genoa,26,1993,15.4,5,0,0,28,23,2,11,9,19,0,0,0,149,33,26,55.9,/en/players/1b82f8df/matchlogs/2019-2020/misc/Lukas-Lerager-Match-Logs
305,Mehdi Léris,fr,"MF,FW",Sampdoria,21,1998,5.7,0,0,0,7,10,0,29,6,9,0,0,0,43,5,11,31.3,/en/players/7d3cbc67/matchlogs/2019-2020/misc/Mehdi-Leris-Match-Logs
306,Karlo Letica,hr,GK,SPAL,22,1997,10.0,1,0,0,0,1,0,0,0,0,0,0,0,39,0,0,,/en/players/4a6914ff/matchlogs/2019-2020/misc/Karlo-Letica-Match-Logs
307,Matthijs de Ligt,nl,DF,Juventus,19,1999,27.2,5,0,0,29,18,0,2,29,27,1,3,0,258,69,39,63.9,/en/players/d6e53a3a/matchlogs/2019-2020/misc/Matthijs-de-Ligt-Match-Logs
308,Anderson Lima,br,MF,Lazio,19,1999,0.7,0,0,0,5,4,0,2,0,4,0,0,0,7,0,0,,/en/players/59be3a74/matchlogs/2019-2020/misc/Anderson-Lima-Match-Logs
309,Karol Linetty,pl,MF,Sampdoria,24,1995,22.4,4,0,0,43,33,0,32,26,32,0,0,0,216,14,23,37.8,/en/players/d023d70f/matchlogs/2019-2020/misc/Karol-Linetty-Match-Logs
310,Pol Lirola,es,DF,Fiorentina,21,1997,29.4,4,0,0,16,7,1,82,26,20,0,1,0,228,11,22,33.3,/en/players/ff800ed8/matchlogs/2019-2020/misc/Pol-Lirola-Match-Logs
311,Fernando Llorente,es,FW,Napoli,34,1985,5.6,1,0,0,11,9,3,0,0,1,0,0,0,15,28,23,54.9,/en/players/82dbf623/matchlogs/2019-2020/misc/Fernando-Llorente-Match-Logs
312,Stanislav Lobotka,sk,MF,Napoli,24,1994,8.4,0,0,0,7,15,0,1,9,10,0,0,0,68,2,7,22.2,/en/players/e1cbb531/matchlogs/2019-2020/misc/Stanislav-Lobotka-Match-Logs
313,Manuel Locatelli,it,MF,Sassuolo,21,1998,28.7,9,0,0,46,58,0,63,34,59,0,0,1,271,28,33,45.9,/en/players/a8a874f1/matchlogs/2019-2020/misc/Manuel-Locatelli-Match-Logs
314,Pau López,es,GK,Roma,24,1994,32.0,3,0,0,1,2,0,0,1,0,0,0,0,162,0,0,,/en/players/20b9f052/matchlogs/2019-2020/misc/Pau-Lopez-Match-Logs
315,Matteo Lovato,it,DF,Hellas Verona,19,2000,0.1,0,0,0,0,0,0,0,0,0,0,0,0,1,0,2,0.0,/en/players/5fa57166/matchlogs/2019-2020/misc/Matteo-Lovato-Match-Logs
316,Hirving Lozano,mx,FW,Napoli,24,1995,11.4,3,0,0,22,36,6,42,5,7,0,0,0,60,10,16,38.5,/en/players/a69e4806/matchlogs/2019-2020/misc/Hirving-Lozano-Match-Logs
317,Fabio Lucioni,it,DF,Lecce,31,1987,34.8,8,1,0,20,15,0,4,35,29,0,2,1,270,63,48,56.8,/en/players/8efa621b/matchlogs/2019-2020/misc/Fabio-Lucioni-Match-Logs
318,José Luis Palomino,ar,DF,Atalanta,29,1990,27.6,5,0,0,48,19,1,7,63,51,0,1,0,339,83,39,68.0,/en/players/921f6058/matchlogs/2019-2020/misc/Jose-Luis-Palomino-Match-Logs
319,Jordan Lukaku,be,DF,Lazio,25,1994,4.4,2,0,0,6,1,1,19,0,3,0,0,0,28,2,1,66.7,/en/players/0cd0e21b/matchlogs/2019-2020/misc/Jordan-Lukaku-Match-Logs
320,Romelu Lukaku,be,FW,Inter,26,1993,33.1,2,0,0,47,20,23,24,1,4,0,0,0,106,83,73,53.2,/en/players/5eae500a/matchlogs/2019-2020/misc/Romelu-Lukaku-Match-Logs
321,Saša Lukić,rs,MF,Torino,22,1996,20.7,5,1,0,43,21,2,23,28,31,0,1,0,171,19,44,30.2,/en/players/c6e8cf1f/matchlogs/2019-2020/misc/Sasa-Lukic-Match-Logs
322,Senad Lulić,ba,DF,Lazio,33,1986,17.5,6,0,0,28,11,7,69,22,24,0,0,0,162,16,11,59.3,/en/players/7fd58fe3/matchlogs/2019-2020/misc/Senad-Lulic-Match-Logs
323,Sebastiano Luperto,it,DF,Napoli,22,1996,5.9,2,0,0,7,1,0,5,7,8,0,0,0,51,6,11,35.3,/en/players/997fff07/matchlogs/2019-2020/misc/Sebastiano-Luperto-Match-Logs
324,Lyanco,br,DF,Torino,22,1997,13.1,5,0,0,14,13,1,5,23,15,0,0,1,124,19,16,54.3,/en/players/b5bf1770/matchlogs/2019-2020/misc/Lyanco-Match-Logs
325,Charalambos Lykogiannis,gr,DF,Cagliari,25,1993,14.9,4,0,0,21,14,3,63,23,12,0,1,0,100,26,25,51.0,/en/players/5efc5389/matchlogs/2019-2020/misc/Charalambos-Lykogiannis-Match-Logs
Rk,,,,,,,,,,,,,,,,,,,,,,,,
326,Francesco Magnanelli,it,MF,Sassuolo,34,1984,15.5,5,0,0,18,35,0,3,21,19,0,0,0,196,15,10,60.0,/en/players/07767f42/matchlogs/2019-2020/misc/Francesco-Magnanelli-Match-Logs
327,Giangiacomo Magnani,it,"DF,MF",Brescia,23,1995,1.3,2,0,0,2,3,0,0,2,0,0,1,0,9,5,0,100.0,/en/players/cce9f582/matchlogs/2019-2020/misc/Giangiacomo-Magnani-Match-Logs
328,Giangiacomo Magnani,it,DF,Sassuolo,23,1995,1.6,1,0,0,4,2,0,0,2,0,0,0,0,16,10,1,90.9,/en/players/cce9f582/matchlogs/2019-2020/misc/Giangiacomo-Magnani-Match-Logs
329,Žan Majer,si,MF,Lecce,27,1992,18.5,7,0,0,28,15,1,25,24,20,1,0,0,173,11,12,47.8,/en/players/bf13975c/matchlogs/2019-2020/misc/Zan-Majer-Match-Logs
330,Nikola Maksimović,rs,DF,Napoli,27,1991,20.0,3,1,0,25,7,0,13,31,21,0,1,0,190,41,21,66.1,/en/players/16b9d5cf/matchlogs/2019-2020/misc/Nikola-Maksimovic-Match-Logs
331,Kévin Malcuit,ma,DF,Napoli,28,1991,2.8,0,0,0,2,4,0,13,3,5,0,0,0,22,3,2,60.0,/en/players/d6a889ea/matchlogs/2019-2020/misc/Kevin-Malcuit-Match-Logs
332,Daniel Maldini,it,FW,Milan,17,2001,0.3,0,0,0,2,0,0,0,1,0,0,0,0,1,0,1,0.0,/en/players/801831fe/matchlogs/2019-2020/misc/Daniel-Maldini-Match-Logs
333,Ruslan Malinovskyi,ua,"MF,FW",Atalanta,26,1993,17.1,7,1,1,32,55,3,90,4,15,3,0,0,133,13,25,34.2,/en/players/48d5bd33/matchlogs/2019-2020/misc/Ruslan-Malinovskyi-Match-Logs
334,Gianluca Mancini,it,"DF,MF",Roma,23,1996,30.4,16,1,1,67,28,4,2,62,35,0,0,0,269,78,25,75.7,/en/players/5aa53281/matchlogs/2019-2020/misc/Gianluca-Mancini-Match-Logs
335,Marco Mancosu,it,"MF,FW",Lecce,30,1988,27.1,3,0,0,22,19,9,45,17,17,2,0,0,170,23,36,39.0,/en/players/2c3a6c21/matchlogs/2019-2020/misc/Marco-Mancosu-Match-Logs
336,Rolando Mandragora,it,MF,Udinese,22,1997,22.8,2,0,0,40,22,1,50,24,33,0,0,0,206,22,22,50.0,/en/players/c7259b83/matchlogs/2019-2020/misc/Rolando-Mandragora-Match-Logs
337,Massimiliano Mangraviti,it,DF,Brescia,21,1998,10.8,2,0,0,9,5,0,9,7,5,0,1,0,77,20,21,48.8,/en/players/33914f14/matchlogs/2019-2020/misc/Massimiliano-Mangraviti-Match-Logs
338,Kostas Manolas,gr,DF,Napoli,28,1991,24.2,2,0,0,24,16,0,0,27,17,0,1,0,230,62,33,65.3,/en/players/c707411f/matchlogs/2019-2020/misc/Kostas-Manolas-Match-Logs
339,Giacomo Manzari,it,"FW,MF",Sassuolo,18,2000,0.2,0,0,0,1,0,0,0,0,0,0,0,0,3,1,1,50.0,/en/players/d8dfae8a/matchlogs/2019-2020/misc/Giacomo-Manzari-Match-Logs
340,Gian Marco Ferrari,it,DF,Sassuolo,27,1992,21.1,5,0,0,18,13,0,2,28,9,1,0,0,164,32,28,53.3,/en/players/8650af85/matchlogs/2019-2020/misc/Gian-Marco-Ferrari-Match-Logs
341,Federico Marigosu,it,MF,Cagliari,18,2001,0.3,0,0,0,0,2,0,2,0,0,0,0,0,0,0,2,0.0,/en/players/66a9470c/matchlogs/2019-2020/misc/Federico-Marigosu-Match-Logs
342,Marlon,br,DF,Sassuolo,23,1995,20.2,8,0,0,24,11,0,0,37,21,0,1,0,156,21,28,42.9,/en/players/cdf65d12/matchlogs/2019-2020/misc/Marlon-Match-Logs
343,Gonzalo Maroni,ar,MF,Sampdoria,20,1999,2.0,0,0,0,3,1,0,12,3,1,0,0,0,14,1,2,33.3,/en/players/e01ca8f4/matchlogs/2019-2020/misc/Gonzalo-Maroni-Match-Logs
344,Bruno Martella,it,"DF,MF",Brescia,26,1992,14.1,3,0,0,7,4,1,63,19,9,0,0,0,88,12,16,42.9,/en/players/1e12c53b/matchlogs/2019-2020/misc/Bruno-Martella-Match-Logs
345,Lautaro Martínez,ar,FW,Inter,21,1997,27.2,8,1,0,54,74,22,16,16,13,2,0,0,132,26,62,29.5,/en/players/f7036e1c/matchlogs/2019-2020/misc/Lautaro-Martinez-Match-Logs
346,Adam Marušić,me,DF,Lazio,26,1992,10.5,3,0,0,8,11,0,13,13,8,0,0,0,66,12,14,46.2,/en/players/d4535821/matchlogs/2019-2020/misc/Adam-Marusic-Match-Logs
347,Andrea Masiello,it,DF,Genoa,33,1986,14.7,4,0,0,11,5,0,9,26,14,0,0,0,136,12,13,48.0,/en/players/e0314d87/matchlogs/2019-2020/misc/Andrea-Masiello-Match-Logs
348,Andrea Masiello,it,DF,Atalanta,33,1986,6.0,1,0,0,10,1,0,2,10,13,0,0,0,51,11,5,68.8,/en/players/e0314d87/matchlogs/2019-2020/misc/Andrea-Masiello-Match-Logs
349,Aleš Matějů,cz,DF,Brescia,23,1996,28.3,10,1,1,47,29,1,16,41,29,0,2,1,272,52,34,60.5,/en/players/deb748c9/matchlogs/2019-2020/misc/Ales-Mateju-Match-Logs
350,Alessandro Matri,it,"FW,MF",Brescia,34,1984,1.0,1,1,0,1,1,3,2,0,0,0,0,0,3,4,3,57.1,/en/players/58d97e77/matchlogs/2019-2020/misc/Alessandro-Matri-Match-Logs
Rk,,,,,,,,,,,,,,,,,,,,,,,,
351,Federico Mattiello,it,DF,Cagliari,24,1995,10.3,3,0,0,16,24,2,31,17,20,0,0,0,81,9,15,37.5,/en/players/fba81826/matchlogs/2019-2020/misc/Federico-Mattiello-Match-Logs
352,Blaise Matuidi,fr,MF,Juventus,32,1987,24.9,2,0,0,40,26,3,41,20,35,0,0,0,155,21,31,40.4,/en/players/c0cddebe/matchlogs/2019-2020/misc/Blaise-Matuidi-Match-Logs
353,Luca Mazzitelli,it,MF,Sassuolo,23,1995,0.1,0,0,0,0,0,0,1,0,0,0,0,0,5,0,0,,/en/players/dc61b402/matchlogs/2019-2020/misc/Luca-Mazzitelli-Match-Logs
354,Ibrahima Mbaye,sn,DF,Bologna,24,1994,16.7,5,0,0,23,18,2,11,15,11,0,1,0,123,24,18,57.1,/en/players/cfbf9881/matchlogs/2019-2020/misc/Ibrahima-Mbaye-Match-Logs
355,Biagio Meccariello,it,DF,Lecce,28,1991,8.5,2,0,0,7,3,1,9,10,15,0,0,0,70,12,18,40.0,/en/players/1eeeff8a/matchlogs/2019-2020/misc/Biagio-Meccariello-Match-Logs
356,Gary Medel,cl,MF,Bologna,31,1987,19.8,10,1,0,40,27,1,3,32,22,0,0,0,265,27,21,56.3,/en/players/563a68ad/matchlogs/2019-2020/misc/Gary-Medel-Match-Logs
357,Soualiho Meïté,fr,MF,Torino,25,1994,24.5,5,0,0,35,35,1,15,24,34,0,1,0,227,60,44,57.7,/en/players/5cec2c74/matchlogs/2019-2020/misc/Soualiho-Meite-Match-Logs
358,Alex Meret,it,GK,Napoli,22,1997,21.7,0,0,0,0,3,0,0,1,0,0,0,0,97,0,0,,/en/players/9413b19f/matchlogs/2019-2020/misc/Alex-Meret-Match-Logs
359,Yıldırım Mert Çetin,tr,DF,Roma,22,1997,2.9,4,1,1,6,6,0,0,4,3,0,0,0,27,6,4,60.0,/en/players/c730da00/matchlogs/2019-2020/misc/Yildirim-Mert-Cetin-Match-Logs
360,Dries Mertens,be,FW,Napoli,32,1987,18.8,5,0,0,29,25,7,83,7,20,2,0,0,90,3,10,23.1,/en/players/89b2c8a9/matchlogs/2019-2020/misc/Dries-Mertens-Match-Logs
361,Kingsley Michael,ng,MF,Bologna,19,1999,0.8,0,0,0,4,0,0,1,1,0,0,0,0,13,3,2,60.0,/en/players/e63e122d/matchlogs/2019-2020/misc/Kingsley-Michael-Match-Logs
362,Nikola Milenković,rs,DF,Fiorentina,21,1997,36.2,9,0,0,61,18,1,3,31,48,0,0,0,311,83,25,76.9,/en/players/bee704fc/matchlogs/2019-2020/misc/Nikola-Milenkovic-Match-Logs
363,Arkadiusz Milik,pl,FW,Napoli,25,1994,19.4,5,0,0,25,28,13,2,2,9,0,0,0,59,36,35,50.7,/en/players/85613cf0/matchlogs/2019-2020/misc/Arkadiusz-Milik-Match-Logs
364,Sergej Milinković-Savić,rs,MF,Lazio,24,1995,33.7,9,0,0,69,43,8,42,40,59,0,1,0,269,119,84,58.6,/en/players/4e6dbac4/matchlogs/2019-2020/misc/Sergej-Milinkovic-Savic-Match-Logs
365,Vincenzo Millico,it,"MF,FW",Torino,18,2000,2.4,0,0,0,5,3,0,24,0,1,0,0,0,6,0,0,,/en/players/6817095b/matchlogs/2019-2020/misc/Vincenzo-Millico-Match-Logs
366,Antonio Mirante,it,GK,Roma,36,1983,5.0,0,0,0,0,0,0,0,0,0,0,0,0,27,0,0,,/en/players/30223b33/matchlogs/2019-2020/misc/Antonio-Mirante-Match-Logs
367,Simone Missiroli,it,MF,SPAL,33,1986,31.1,7,0,0,26,26,0,10,56,28,2,0,0,321,57,33,63.3,/en/players/331c0a43/matchlogs/2019-2020/misc/Simone-Missiroli-Match-Logs
368,Henrikh Mkhitaryan,am,"MF,FW",Roma,30,1989,17.0,5,0,0,17,26,1,15,11,28,0,0,0,133,6,13,31.6,/en/players/dd0daf32/matchlogs/2019-2020/misc/Henrikh-Mkhitaryan-Match-Logs
369,Gabriele Moncini,it,"FW,MF",SPAL,23,1996,1.7,0,0,0,1,2,0,1,1,0,0,0,0,8,5,3,62.5,/en/players/c4efe2b4/matchlogs/2019-2020/misc/Gabriele-Moncini-Match-Logs
370,Ilario Monterisi,it,DF,Lecce,17,2001,0.0,0,0,0,0,0,0,0,0,0,0,0,0,1,0,0,,/en/players/31b252fc/matchlogs/2019-2020/misc/Ilario-Monterisi-Match-Logs
371,Raúl Moro,es,DF,Lazio,16,2002,0.0,0,0,0,0,0,0,0,0,0,0,0,0,0,0,1,0.0,/en/players/919dd4b1/matchlogs/2019-2020/misc/Raul-Moro-Match-Logs
372,Leonardo Morosini,it,"FW,MF",Brescia,23,1995,0.3,0,0,0,2,0,0,1,1,0,0,0,0,0,1,1,50.0,/en/players/d89b0ebb/matchlogs/2019-2020/misc/Leonardo-Morosini-Match-Logs
373,Victor Moses,ng,DF,Inter,28,1990,4.7,1,0,0,6,9,0,26,0,3,2,0,0,40,3,3,50.0,/en/players/e726e11e/matchlogs/2019-2020/misc/Victor-Moses-Match-Logs
374,Mert Müldür,tr,DF,Sassuolo,20,1999,14.1,4,0,0,19,17,0,24,21,30,1,1,0,101,12,12,50.0,/en/players/1295552e/matchlogs/2019-2020/misc/Mert-Muldur-Match-Logs
375,Simone Muratore,it,MF,Juventus,21,1998,1.8,0,0,0,3,2,0,1,3,1,0,0,0,15,0,2,0.0,/en/players/04989945/matchlogs/2019-2020/misc/Simone-Muratore-Match-Logs
Rk,,,,,,,,,,,,,,,,,,,,,,,,
376,Alessandro Murgia,it,MF,SPAL,22,1996,19.4,3,0,0,23,22,2,83,19,20,0,0,0,155,19,16,54.3,/en/players/fb2c533b/matchlogs/2019-2020/misc/Alessandro-Murgia-Match-Logs
377,Luis Muriel,co,FW,Atalanta,28,1991,14.0,1,0,0,27,27,3,40,4,8,1,1,0,94,28,41,40.6,/en/players/eb2fe5b6/matchlogs/2019-2020/misc/Luis-Muriel-Match-Logs
378,Jeison Murillo,co,DF,Sampdoria,27,1992,7.4,3,1,1,10,8,2,6,10,10,0,0,0,58,13,12,52.0,/en/players/b233e8e4/matchlogs/2019-2020/misc/Jeison-Murillo-Match-Logs
379,Nicola Murru,it,DF,Sampdoria,24,1994,25.1,6,1,1,25,17,0,93,25,34,0,2,1,189,38,33,53.5,/en/players/d183e9d6/matchlogs/2019-2020/misc/Nicola-Murru-Match-Logs
380,Mateo Musacchio,ar,DF,Milan,28,1990,16.3,4,1,0,19,10,0,0,21,9,0,0,0,129,32,23,58.2,/en/players/91899ca8/matchlogs/2019-2020/misc/Mateo-Musacchio-Match-Logs
381,Juan Musso,ar,GK,Udinese,25,1994,38.0,1,0,0,1,3,0,0,1,0,0,1,0,200,0,0,,/en/players/a111cf41/matchlogs/2019-2020/misc/Juan-Musso-Match-Logs
382,Radja Nainggolan,be,"MF,FW",Cagliari,31,1988,23.0,5,0,0,22,29,0,81,15,22,0,0,0,214,15,26,36.6,/en/players/1f9328da/matchlogs/2019-2020/misc/Radja-Nainggolan-Match-Logs
383,Nahitan Nández,uy,"MF,DF",Cagliari,23,1995,32.2,14,0,0,47,48,7,113,21,46,0,0,0,244,26,66,28.3,/en/players/95facda1/matchlogs/2019-2020/misc/Nahitan-Nandez-Match-Logs
384,Michel Ndary Adopo,fr,DF,Torino,19,2000,0.0,0,0,0,0,0,0,0,0,0,0,0,0,2,1,0,100.0,/en/players/599d91d0/matchlogs/2019-2020/misc/Michel-Ndary-Adopo-Match-Logs
385,Emanuele Ndoj,al,MF,Brescia,22,1996,6.2,2,0,0,21,26,1,4,5,8,0,0,0,48,6,11,35.3,/en/players/482145e9/matchlogs/2019-2020/misc/Emanuele-Ndoj-Match-Logs
386,Ilija Nestorovski,mk,FW,Udinese,29,1990,13.9,4,0,0,37,29,8,9,5,7,0,0,0,47,29,39,42.6,/en/players/b1236c63/matchlogs/2019-2020/misc/Ilija-Nestorovski-Match-Logs
387,Nicolas Nkoulou,cm,DF,Torino,29,1990,29.9,6,1,1,36,25,0,0,73,22,0,2,0,292,65,33,66.3,/en/players/93cf32a8/matchlogs/2019-2020/misc/Nicolas-Nkoulou-Match-Logs
388,Bram Nuytinck,nl,DF,Udinese,29,1990,24.7,2,0,0,20,9,0,6,23,33,0,1,0,225,40,38,51.3,/en/players/e33f36d5/matchlogs/2019-2020/misc/Bram-Nuytinck-Match-Logs
389,Pedro Obiang,gq,MF,Sassuolo,27,1992,18.6,10,0,0,35,20,1,6,21,31,0,2,1,185,20,26,43.5,/en/players/ba1e04b3/matchlogs/2019-2020/misc/Pedro-Obiang-Match-Logs
390,Stefano Okaka,it,FW,Udinese,29,1989,26.8,10,0,0,69,66,20,7,9,16,0,0,0,108,58,101,36.5,/en/players/601ef102/matchlogs/2019-2020/misc/Stefano-Okaka-Match-Logs
391,Christian Oliva,uy,MF,Cagliari,23,1996,5.2,1,0,0,4,2,0,2,7,12,0,0,0,59,7,2,77.8,/en/players/d3b888e3/matchlogs/2019-2020/misc/Christian-Oliva-Match-Logs
392,Maximiliano Olivera,uy,DF,Fiorentina,27,1992,0.1,0,0,0,0,0,0,2,0,1,0,0,0,2,0,0,,/en/players/32a33c68/matchlogs/2019-2020/misc/Maximiliano-Olivera-Match-Logs
393,Marco Olivieri,it,FW,Juventus,20,1999,0.3,0,0,0,3,1,0,1,0,0,0,0,0,0,0,0,,/en/players/f5ba8903/matchlogs/2019-2020/misc/Marco-Olivieri-Match-Logs
394,Robin Olsen,se,GK,Cagliari,29,1990,16.9,0,1,0,0,4,0,0,0,0,0,0,1,70,0,0,,/en/players/e7ee38c3/matchlogs/2019-2020/misc/Robin-Olsen-Match-Logs
395,Nicholas Opoku,gh,DF,Udinese,21,1997,5.3,3,1,1,10,5,0,2,4,8,,,0,,,,,/en/players/b871bf55/matchlogs/2019-2020/misc/Nicholas-Opoku-Match-Logs
396,Riccardo Orsolini,it,"FW,MF",Bologna,22,1997,29.8,3,0,0,40,76,14,201,16,23,3,1,0,209,32,40,44.4,/en/players/e14ec482/matchlogs/2019-2020/misc/Riccardo-Orsolini-Match-Logs
397,David Ospina,co,GK,Napoli,30,1988,16.3,0,0,0,1,5,0,0,0,0,0,1,0,64,0,0,,/en/players/82b1198a/matchlogs/2019-2020/misc/David-Ospina-Match-Logs
398,Daniele Padelli,it,GK,Inter,33,1985,3.0,0,1,0,0,3,0,0,0,0,0,0,0,12,0,0,,/en/players/cf1c23d8/matchlogs/2019-2020/misc/Daniele-Padelli-Match-Logs
399,Marko Pajač,hr,DF,Genoa,26,1993,8.4,1,0,0,8,7,0,78,7,6,0,0,0,66,3,6,33.3,/en/players/5df4ef30/matchlogs/2019-2020/misc/Marko-Pajac-Match-Logs
400,Rodrigo Palacio,ar,FW,Bologna,37,1982,28.0,5,0,0,30,53,29,98,4,14,0,1,0,144,61,86,41.5,/en/players/8d8178ac/matchlogs/2019-2020/misc/Rodrigo-Palacio-Match-Logs
Rk,,,,,,,,,,,,,,,,,,,,,,,,
401,Alberto Paloschi,it,FW,SPAL,29,1990,4.9,0,0,0,8,8,5,0,0,0,2,0,0,20,1,10,9.1,/en/players/b5cae4e6/matchlogs/2019-2020/misc/Alberto-Paloschi-Match-Logs
402,Alberto Paloschi,it,"FW,MF",Cagliari,29,1990,2.3,0,0,0,3,2,3,2,1,0,0,0,0,9,2,8,20.0,/en/players/b5cae4e6/matchlogs/2019-2020/misc/Alberto-Paloschi-Match-Logs
403,Martin Palumbo,no,MF,Udinese,17,2002,0.0,0,0,0,0,0,0,0,0,0,0,0,0,0,0,0,,/en/players/f8d41a8c/matchlogs/2019-2020/misc/Martin-Palumbo-Match-Logs
404,Goran Pandev,mk,"FW,MF",Genoa,36,1983,18.7,6,1,1,17,46,7,13,0,6,2,0,0,125,9,30,23.1,/en/players/d711d04f/matchlogs/2019-2020/misc/Goran-Pandev-Match-Logs
405,Andrea Papetti,it,DF,Brescia,17,2002,10.2,5,0,0,14,13,0,1,14,12,0,1,0,90,11,16,40.7,/en/players/4195b8b6/matchlogs/2019-2020/misc/Andrea-Papetti-Match-Logs
406,Lucas Paquetá,br,"MF,FW",Milan,21,1997,12.3,7,0,0,25,25,3,10,9,30,0,0,0,116,23,33,41.1,/en/players/9b6f7fd5/matchlogs/2019-2020/misc/Lucas-Paqueta-Match-Logs
407,Marco Parolo,it,MF,Lazio,34,1985,18.9,8,0,0,43,5,0,5,23,33,0,1,0,218,33,37,47.1,/en/players/ed5886d2/matchlogs/2019-2020/misc/Marco-Parolo-Match-Logs
408,Mario Pašalić,hr,"MF,FW",Atalanta,24,1995,26.9,6,0,0,35,24,1,13,26,30,0,0,1,227,47,45,51.1,/en/players/e599253a/matchlogs/2019-2020/misc/Mario-Pasalic-Match-Logs
409,Javier Pastore,ar,MF,Roma,30,1989,5.7,0,0,0,10,9,1,5,6,10,0,0,0,46,2,6,25.0,/en/players/881ef58c/matchlogs/2019-2020/misc/Javier-Pastore-Match-Logs
410,Patric,es,DF,Lazio,26,1993,18.6,2,1,0,12,11,0,11,15,17,0,1,0,188,14,24,36.8,/en/players/f7223718/matchlogs/2019-2020/misc/Patric-Match-Logs
411,Leonardo Pavoletti,it,FW,Cagliari,30,1988,0.5,0,0,0,0,0,0,0,1,0,0,0,0,2,3,4,42.9,/en/players/d37b0350/matchlogs/2019-2020/misc/Leonardo-Pavoletti-Match-Logs
412,Nehuén Paz,ar,DF,Bologna,26,1993,1.3,1,0,0,6,2,0,0,5,1,0,1,0,21,6,3,66.7,/en/players/42b1a58a/matchlogs/2019-2020/misc/Nehuen-Paz-Match-Logs
413,Nehuén Paz,ar,DF,Lecce,26,1993,9.4,4,0,0,13,2,0,1,22,4,0,2,0,64,38,12,76.0,/en/players/42b1a58a/matchlogs/2019-2020/misc/Nehuen-Paz-Match-Logs
414,Giampaolo Pazzini,it,FW,Hellas Verona,34,1984,3.4,0,0,0,7,6,4,1,1,2,0,0,0,17,9,21,30.0,/en/players/6ca663b4/matchlogs/2019-2020/misc/Giampaolo-Pazzini-Match-Logs
415,Pedro,br,FW,Fiorentina,22,1997,0.7,0,0,0,0,2,1,0,0,1,0,0,0,4,2,6,25.0,/en/players/1ab6fad3/matchlogs/2019-2020/misc/Pedro-Match-Logs
416,João Pedro,br,"FW,MF",Cagliari,27,1992,35.0,6,0,0,47,76,9,16,10,16,1,1,0,164,76,97,43.9,/en/players/81255c03/matchlogs/2019-2020/misc/Joao-Pedro-Match-Logs
417,Daouda Peeters,be,MF,Juventus,20,1999,0.2,0,0,0,0,0,0,0,0,0,0,0,0,0,0,0,,/en/players/e83f8ebb/matchlogs/2019-2020/misc/Daouda-Peeters-Match-Logs
418,Gianluca Pegolo,it,GK,Sassuolo,38,1981,5.0,0,0,0,0,0,0,0,0,0,0,0,0,25,0,0,,/en/players/f058ed1f/matchlogs/2019-2020/misc/Gianluca-Pegolo-Match-Logs
419,Lorenzo Pellegrini,it,MF,Roma,23,1996,23.3,8,1,1,40,34,4,151,16,20,1,0,0,146,15,29,34.1,/en/players/4a5a45c7/matchlogs/2019-2020/misc/Lorenzo-Pellegrini-Match-Logs
420,Luca Pellegrini,it,DF,Cagliari,20,1999,21.2,10,0,0,33,22,0,115,21,27,1,1,0,190,19,18,51.4,/en/players/3b61c9ec/matchlogs/2019-2020/misc/Luca-Pellegrini-Match-Logs
421,Federico Peluso,it,DF,Sassuolo,35,1984,16.8,5,1,0,19,14,1,6,23,14,0,0,0,106,29,13,69.0,/en/players/4f2908e5/matchlogs/2019-2020/misc/Federico-Peluso-Match-Logs
422,Gastón Pereiro,uy,"MF,FW",Cagliari,24,1995,3.9,3,0,0,6,4,0,16,0,2,0,0,0,17,3,5,37.5,/en/players/7ec7738e/matchlogs/2019-2020/misc/Gaston-Pereiro-Match-Logs
423,Bruno Peres,br,DF,Roma,29,1990,11.7,3,0,0,13,15,1,44,16,9,1,0,0,98,2,9,18.2,/en/players/852351df/matchlogs/2019-2020/misc/Bruno-Peres-Match-Logs
424,Carles Pérez,es,"FW,MF",Roma,21,1998,6.3,2,0,0,14,9,0,8,3,7,0,0,0,37,1,9,10.0,/en/players/a8f21b9f/matchlogs/2019-2020/misc/Carles-Perez-Match-Logs
425,Mattia Perin,it,GK,Genoa,26,1992,21.0,1,0,0,1,1,0,0,0,0,0,1,0,121,0,0,,/en/players/4c62d0c8/matchlogs/2019-2020/misc/Mattia-Perin-Match-Logs
Rk,,,,,,,,,,,,,,,,,,,,,,,,
426,Diego Perotti,ar,"FW,MF",Roma,31,1988,9.7,3,1,0,8,24,0,40,4,9,0,0,0,63,5,5,50.0,/en/players/a40d5a0c/matchlogs/2019-2020/misc/Diego-Perotti-Match-Logs
427,Matteo Pessina,it,"MF,FW",Hellas Verona,22,1997,27.7,7,0,0,34,52,6,28,24,31,0,0,0,268,67,127,34.5,/en/players/780e3631/matchlogs/2019-2020/misc/Matteo-Pessina-Match-Logs
428,Andrea Petagna,it,FW,SPAL,24,1995,33.7,5,0,0,54,70,13,33,1,4,0,0,0,126,67,96,41.1,/en/players/03f946ed/matchlogs/2019-2020/misc/Andrea-Petagna-Match-Logs
429,Jacopo Petriccione,it,MF,Lecce,24,1995,23.8,10,0,0,28,29,0,61,27,28,0,1,0,203,6,22,21.4,/en/players/909bce7f/matchlogs/2019-2020/misc/Jacopo-Petriccione-Match-Logs
430,Germán Pezzella,ar,DF,Fiorentina,28,1991,31.4,12,0,0,38,21,1,2,56,28,1,3,0,261,82,37,68.9,/en/players/8c725b43/matchlogs/2019-2020/misc/German-Pezzella-Match-Logs
431,Giuseppe Pezzella,it,DF,Parma,21,1997,10.5,2,0,0,17,15,0,33,6,6,0,0,0,72,9,11,45.0,/en/players/149c5f5d/matchlogs/2019-2020/misc/Giuseppe-Pezzella-Match-Logs
432,Giuseppe Pezzella,it,DF,Udinese,21,1997,0.9,0,0,0,0,0,0,7,1,0,0,0,0,7,2,0,100.0,/en/players/149c5f5d/matchlogs/2019-2020/misc/Giuseppe-Pezzella-Match-Logs
433,Krzysztof Piątek,pl,FW,Milan,24,1995,13.1,1,0,0,24,27,6,3,3,1,1,0,0,39,30,51,37.0,/en/players/17f3620a/matchlogs/2019-2020/misc/Krzysztof-Piatek-Match-Logs
434,Stefano Piccinini,it,DF,Sassuolo,16,2002,0.1,0,0,0,1,0,0,0,0,0,0,0,0,4,0,0,,/en/players/6010ba04/matchlogs/2019-2020/misc/Stefano-Piccinini-Match-Logs
435,Roberto Piccoli,it,FW,Atalanta,18,2001,0.2,0,0,0,0,1,0,0,0,0,0,0,0,1,0,1,0.0,/en/players/1cadaf34/matchlogs/2019-2020/misc/Roberto-Piccoli-Match-Logs
436,Andrea Pinamonti,it,FW,Genoa,20,1999,24.8,1,0,0,37,51,16,22,9,14,1,0,0,117,66,106,38.4,/en/players/08aa9cd1/matchlogs/2019-2020/misc/Andrea-Pinamonti-Match-Logs
437,Simone Pinna,it,DF,Cagliari,21,1997,1.0,1,0,0,2,0,0,6,5,2,0,0,0,12,1,0,100.0,/en/players/6523afa4/matchlogs/2019-2020/misc/Simone-Pinna-Match-Logs
438,Carlo Pinsoglio,it,GK,Juventus,29,1990,0.2,0,0,0,0,0,0,0,0,0,0,0,0,0,0,0,,/en/players/f6a06749/matchlogs/2019-2020/misc/Carlo-Pinsoglio-Match-Logs
439,Lorenzo Pirola,it,DF,Inter,17,2002,0.1,0,0,0,0,0,0,0,1,0,0,0,0,1,0,0,,/en/players/caec77da/matchlogs/2019-2020/misc/Lorenzo-Pirola-Match-Logs
440,Fabio Pisacane,it,DF,Cagliari,33,1986,27.1,8,1,1,33,23,2,9,28,25,0,1,0,232,46,51,47.4,/en/players/56400c01/matchlogs/2019-2020/misc/Fabio-Pisacane-Match-Logs
441,Miralem Pjanić,ba,MF,Juventus,29,1990,25.3,10,0,0,39,24,0,81,32,26,1,0,0,261,18,13,58.1,/en/players/ad6df2d5/matchlogs/2019-2020/misc/Miralem-Pjanic-Match-Logs
442,Andrea Poli,it,MF,Bologna,29,1989,21.3,5,0,0,28,29,1,14,39,40,0,0,0,195,13,23,36.1,/en/players/b3fd7075/matchlogs/2019-2020/misc/Andrea-Poli-Match-Logs
443,Matteo Politano,it,FW,Napoli,25,1993,8.3,1,0,0,8,17,0,38,5,8,0,0,0,41,2,7,22.2,/en/players/5e861944/matchlogs/2019-2020/misc/Matteo-Politano-Match-Logs
444,Matteo Politano,it,FW,Inter,25,1993,2.9,0,0,0,3,6,1,17,0,1,0,0,0,26,2,2,50.0,/en/players/5e861944/matchlogs/2019-2020/misc/Matteo-Politano-Match-Logs
445,Erick Pulgar,cl,MF,Fiorentina,25,1994,32.8,9,0,0,42,35,4,225,51,39,0,0,0,364,28,24,53.8,/en/players/4611e028/matchlogs/2019-2020/misc/Erick-Pulgar-Match-Logs
446,Ignacio Pussetto,ar,"FW,DF",Udinese,23,1995,3.8,1,0,0,9,10,3,12,4,3,0,0,0,32,16,22,42.1,/en/players/62437b4f/matchlogs/2019-2020/misc/Ignacio-Pussetto-Match-Logs
447,Fabio Quagliarella,it,FW,Sampdoria,36,1983,25.3,2,0,0,20,32,21,23,7,5,4,0,0,98,31,52,37.3,/en/players/ee4f2f3b/matchlogs/2019-2020/misc/Fabio-Quagliarella-Match-Logs
448,Adrien Rabiot,fr,MF,Juventus,24,1995,21.2,7,1,1,49,28,0,20,32,39,0,0,0,164,23,15,60.5,/en/players/8794e251/matchlogs/2019-2020/misc/Adrien-Rabiot-Match-Logs
449,Ivan Radovanović,rs,MF,Genoa,30,1988,14.6,3,0,0,15,16,0,12,8,18,0,0,0,155,23,22,51.1,/en/players/023937a9/matchlogs/2019-2020/misc/Ivan-Radovanovic-Match-Logs
450,Ionuț Radu,ro,GK,Genoa,22,1997,17.0,1,0,0,0,0,0,0,0,0,0,0,0,58,0,0,,/en/players/67f649be/matchlogs/2019-2020/misc/Ionut-Radu-Match-Logs
Rk,,,,,,,,,,,,,,,,,,,,,,,,
451,Ștefan Radu,ro,DF,Lazio,32,1986,25.6,8,0,0,31,21,0,41,32,28,0,1,0,238,34,28,54.8,/en/players/53de807a/matchlogs/2019-2020/misc/Stefan-Radu-Match-Logs
452,Boris Radunović,rs,GK,Hellas Verona,23,1996,3.0,1,0,0,1,0,0,0,0,0,0,1,0,14,0,0,,/en/players/0dfce079/matchlogs/2019-2020/misc/Boris-Radunovic-Match-Logs
453,Rafael,br,GK,Cagliari,37,1982,5.0,0,0,0,0,0,0,0,0,0,0,0,0,22,0,0,,/en/players/dd06d56c/matchlogs/2019-2020/misc/Rafael-Match-Logs
454,Daniele Ragatzu,it,"MF,FW",Cagliari,27,1991,3.5,1,0,0,1,5,2,9,1,2,0,0,0,30,0,0,,/en/players/282b3a4d/matchlogs/2019-2020/misc/Daniele-Ragatzu-Match-Logs
455,Gastón Ramírez,uy,"MF,FW",Sampdoria,28,1990,15.5,5,0,0,32,42,3,105,12,20,0,1,0,92,27,39,40.9,/en/players/2c851997/matchlogs/2019-2020/misc/Gaston-Ramirez-Match-Logs
456,Aaron Ramsey,wal,MF,Juventus,28,1990,11.7,2,0,0,22,18,2,18,11,19,0,0,0,90,14,8,63.6,/en/players/ef619b0b/matchlogs/2019-2020/misc/Aaron-Ramsey-Match-Logs
457,Luca Ranieri,it,DF,Fiorentina,20,1999,2.6,2,1,1,5,1,0,3,2,2,0,0,0,23,6,3,66.7,/en/players/8c63fae5/matchlogs/2019-2020/misc/Luca-Ranieri-Match-Logs
458,Andrea Ranocchia,it,DF,Inter,31,1988,5.8,3,0,0,9,4,0,0,9,9,0,0,0,57,26,5,83.9,/en/players/539230cf/matchlogs/2019-2020/misc/Andrea-Ranocchia-Match-Logs
459,Giacomo Raspadori,it,"MF,FW",Sassuolo,19,2000,2.9,0,0,0,2,6,1,2,1,8,0,0,0,14,0,8,0.0,/en/players/6e058f06/matchlogs/2019-2020/misc/Giacomo-Raspadori-Match-Logs
460,Ante Rebić,hr,FW,Milan,25,1993,15.5,5,0,0,27,15,3,46,4,12,0,0,0,78,18,25,41.9,/en/players/536cebe5/matchlogs/2019-2020/misc/Ante-Rebic-Match-Logs
461,Arkadiusz Reca,pl,DF,SPAL,24,1995,21.4,2,0,0,26,12,3,63,29,27,0,1,0,173,16,17,48.5,/en/players/6213fd82/matchlogs/2019-2020/misc/Arkadiusz-Reca-Match-Logs
462,Vasco Regini,it,DF,Sampdoria,28,1990,1.9,0,0,0,2,1,0,1,1,1,0,0,0,22,3,2,60.0,/en/players/339c6ed4/matchlogs/2019-2020/misc/Vasco-Regini-Match-Logs
463,Vasco Regini,it,DF,Parma,28,1990,0.6,0,0,0,0,0,0,0,0,0,0,0,0,1,2,0,100.0,/en/players/339c6ed4/matchlogs/2019-2020/misc/Vasco-Regini-Match-Logs
464,Pepe Reina,es,GK,Milan,36,1982,1.0,0,1,0,1,0,0,0,0,0,0,1,0,3,0,0,,/en/players/e358587b/matchlogs/2019-2020/misc/Pepe-Reina-Match-Logs
465,Franck Ribéry,fr,FW,Fiorentina,36,1983,15.7,3,0,0,21,39,3,15,3,12,0,0,0,100,4,17,19.0,/en/players/f61c7c4e/matchlogs/2019-2020/misc/Franck-Ribery-Match-Logs
466,Davide Riccardi,it,DF,Lecce,23,1996,0.2,0,0,0,0,0,0,0,0,0,0,0,0,1,0,1,0.0,/en/players/7b4b9221/matchlogs/2019-2020/misc/Davide-Riccardi-Match-Logs
467,Emiliano Rigoni,ar,"MF,FW",Sampdoria,26,1993,4.8,2,0,0,4,7,1,41,3,5,0,0,0,30,5,9,35.7,/en/players/a1216563/matchlogs/2019-2020/misc/Emiliano-Rigoni-Match-Logs
468,Tomás Rincón,ve,MF,Torino,31,1988,30.0,10,0,0,69,48,1,23,36,35,0,0,0,309,67,33,67.0,/en/players/f1cfc209/matchlogs/2019-2020/misc/Tomas-Rincon-Match-Logs
469,Andrea Rispoli,it,DF,Lecce,30,1988,21.2,6,0,0,22,13,2,88,36,22,0,0,0,161,23,13,63.9,/en/players/39ee6cb6/matchlogs/2019-2020/misc/Andrea-Rispoli-Match-Logs
470,Ricardo Rodríguez,ch,DF,Milan,26,1992,4.3,0,0,0,3,3,0,5,5,4,0,0,0,40,6,2,75.0,/en/players/7f78ad23/matchlogs/2019-2020/misc/Ricardo-Rodriguez-Match-Logs
471,Marko Rog,hr,MF,Cagliari,24,1995,25.7,10,0,0,60,43,0,42,24,61,0,1,0,250,21,16,56.8,/en/players/b6b2b820/matchlogs/2019-2020/misc/Marko-Rog-Match-Logs
472,Rogério,br,DF,Sassuolo,21,1998,11.3,6,0,0,19,17,0,42,8,12,0,0,0,75,9,15,37.5,/en/players/10e7f486/matchlogs/2019-2020/misc/Rogerio-Match-Logs
473,Filippo Romagna,it,DF,Sassuolo,22,1997,16.4,3,0,0,6,13,0,0,10,7,0,1,0,142,24,19,55.8,/en/players/84594618/matchlogs/2019-2020/misc/Filippo-Romagna-Match-Logs
474,Alessio Romagnoli,it,DF,Milan,24,1995,34.3,4,0,0,42,22,1,0,58,25,0,1,0,305,85,45,65.4,/en/players/3ead85f9/matchlogs/2019-2020/misc/Alessio-Romagnoli-Match-Logs
475,Cristian Romero,ar,DF,Genoa,21,1998,28.6,15,1,1,48,23,2,3,74,37,1,1,0,248,76,39,66.1,/en/players/a3d94a58/matchlogs/2019-2020/misc/Cristian-Romero-Match-Logs
Rk,,,,,,,,,,,,,,,,,,,,,,,,
476,Rômulo,it,MF,Brescia,32,1987,19.1,3,0,0,27,24,8,37,8,16,0,0,0,124,5,10,33.3,/en/players/07abb358/matchlogs/2019-2020/misc/Romulo-Match-Logs
477,Rômulo,it,DF,Genoa,32,1987,0.2,0,0,0,1,0,0,0,0,0,0,1,0,1,0,0,,/en/players/07abb358/matchlogs/2019-2020/misc/Romulo-Match-Logs
478,Cristiano Ronaldo,pt,FW,Juventus,34,1985,32.4,3,0,0,25,58,31,35,5,10,2,0,0,112,37,38,49.3,/en/players/dea698d9/matchlogs/2019-2020/misc/Cristiano-Ronaldo-Match-Logs
479,Marten de Roon,nl,MF,Atalanta,28,1991,30.2,12,0,0,59,20,1,21,43,49,0,2,1,355,42,35,54.5,/en/players/2a1beb34/matchlogs/2019-2020/misc/Marten-de-Roon-Match-Logs
480,Antonio Rosati,it,GK,Torino,36,1983,1.0,0,0,0,0,0,0,0,0,0,0,0,0,5,0,0,,/en/players/28a15394/matchlogs/2019-2020/misc/Antonio-Rosati-Match-Logs
481,Luca Rossettini,it,DF,Lecce,34,1985,25.1,5,0,0,17,8,0,1,33,16,0,1,0,172,40,33,54.8,/en/players/47a500ae/matchlogs/2019-2020/misc/Luca-Rossettini-Match-Logs
482,Francesco Rossi,it,GK,Atalanta,28,1991,0.1,0,0,0,0,0,0,0,0,0,0,0,0,1,0,0,,/en/players/7b5f516f/matchlogs/2019-2020/misc/Francesco-Rossi-Match-Logs
483,Nicolò Rovella,it,MF,Genoa,17,2001,1.2,0,0,0,0,3,0,2,4,1,0,0,0,16,0,0,,/en/players/e58cbfd5/matchlogs/2019-2020/misc/Nicolo-Rovella-Match-Logs
484,Amir Rrahmani,xk,DF,Hellas Verona,25,1994,35.9,5,0,0,50,17,1,14,32,39,0,0,0,375,122,43,73.9,/en/players/4b3e1a38/matchlogs/2019-2020/misc/Amir-Rrahmani-Match-Logs
485,Dion Ruffo Luci,it,MF,Bologna,18,2001,0.0,0,0,0,0,0,0,0,0,0,0,0,0,0,0,0,,/en/players/f239e6dd/matchlogs/2019-2020/misc/Dion-Ruffo-Luci-Match-Logs
486,Daniele Rugani,it,DF,Juventus,25,1994,7.7,2,0,0,8,1,0,0,9,6,0,1,0,75,39,14,73.6,/en/players/14b8fcdf/matchlogs/2019-2020/misc/Daniele-Rugani-Match-Logs
487,Mário Rui,pt,DF,Napoli,28,1991,21.8,8,0,0,22,56,2,127,22,25,0,2,0,217,16,22,42.1,/en/players/0b5a292a/matchlogs/2019-2020/misc/Mario-Rui-Match-Logs
488,Fabián Ruiz Peña,es,MF,Napoli,23,1996,29.8,2,0,0,21,27,0,15,32,33,0,0,0,258,13,9,59.1,/en/players/c0c7ff58/matchlogs/2019-2020/misc/Fabian-Ruiz-Pena-Match-Logs
489,Stefano Sabelli,it,DF,Brescia,26,1993,35.2,5,0,0,34,79,0,92,56,60,0,0,1,337,43,31,58.1,/en/players/0ccac09c/matchlogs/2019-2020/misc/Stefano-Sabelli-Match-Logs
490,Alexis Saelemaekers,be,"FW,MF",Milan,20,1999,7.6,4,1,1,14,8,0,24,11,6,0,0,0,59,3,13,18.8,/en/players/ee251371/matchlogs/2019-2020/misc/Alexis-Saelemaekers-Match-Logs
491,Jacopo Sala,it,DF,SPAL,27,1991,9.5,1,0,0,11,10,4,30,14,9,0,0,0,102,5,5,50.0,/en/players/da5a981b/matchlogs/2019-2020/misc/Jacopo-Sala-Match-Logs
492,Bartosz Salamon,pl,DF,SPAL,28,1991,3.8,1,0,0,3,4,0,0,7,1,0,0,0,24,8,7,53.3,/en/players/9b30df1e/matchlogs/2019-2020/misc/Bartosz-Salamon-Match-Logs
493,Eddy Salcedo,it,"FW,MF",Hellas Verona,17,2001,7.6,0,0,0,18,14,3,26,1,1,0,0,0,33,22,33,40.0,/en/players/0489bb30/matchlogs/2019-2020/misc/Eddy-Salcedo-Match-Logs
494,Antonio Sanabria,py,FW,Genoa,23,1996,15.4,3,0,0,24,26,4,10,3,10,1,1,0,66,37,58,38.9,/en/players/0a447501/matchlogs/2019-2020/misc/Antonio-Sanabria-Match-Logs
495,Alexis Sánchez,cl,FW,Inter,30,1988,10.3,4,1,1,19,33,9,42,3,8,1,0,0,60,5,21,19.2,/en/players/2c0f8e9e/matchlogs/2019-2020/misc/Alexis-Sanchez-Match-Logs
496,Alex Sandro,br,DF,Juventus,28,1991,26.5,4,0,0,42,45,0,68,43,25,1,1,0,275,34,27,55.7,/en/players/0d82903c/matchlogs/2019-2020/misc/Alex-Sandro-Match-Logs
497,Nicola Sansone,it,"FW,MF",Bologna,27,1991,25.2,6,0,0,36,75,8,122,11,20,0,0,0,163,10,41,19.6,/en/players/7eb97a8e/matchlogs/2019-2020/misc/Nicola-Sansone-Match-Logs
498,Federico Santander,py,FW,Bologna,28,1991,8.6,6,0,0,24,18,7,7,7,6,0,0,0,43,49,45,52.1,/en/players/df85d472/matchlogs/2019-2020/misc/Federico-Santander-Match-Logs
499,Davide Santon,it,DF,Roma,28,1991,6.9,4,0,0,16,7,1,9,10,9,0,0,0,55,11,2,84.6,/en/players/88c89891/matchlogs/2019-2020/misc/Davide-Santon-Match-Logs
500,Samir Santos,br,DF,Udinese,24,1994,17.2,3,0,0,22,23,1,6,34,28,0,1,0,122,32,22,59.3,/en/players/92b4758e/matchlogs/2019-2020/misc/Samir-Santos-Match-Logs
Rk,,,,,,,,,,,,,,,,,,,,,,,,
501,Riccardo Saponara,it,"MF,FW",Lecce,27,1991,10.5,2,0,0,9,17,3,35,5,7,1,0,0,73,6,1,85.7,/en/players/3bb7af3b/matchlogs/2019-2020/misc/Riccardo-Saponara-Match-Logs
502,Riccardo Saponara,it,"MF,FW",Genoa,27,1991,1.9,1,1,0,2,0,0,4,0,3,0,0,0,17,2,0,100.0,/en/players/3bb7af3b/matchlogs/2019-2020/misc/Riccardo-Saponara-Match-Logs
503,Lasse Schöne,dk,MF,Genoa,33,1986,27.0,5,0,0,36,32,0,121,34,28,0,1,0,267,21,23,47.7,/en/players/c3a8bcd8/matchlogs/2019-2020/misc/Lasse-Schone-Match-Logs
504,Jerdy Schouten,nl,MF,Bologna,22,1997,12.0,6,1,0,25,3,0,1,26,21,0,0,0,164,25,22,53.2,/en/players/2cfae697/matchlogs/2019-2020/misc/Jerdy-Schouten-Match-Logs
505,Matteo Scozzarella,it,MF,Parma,31,1988,10.2,2,0,0,11,9,0,44,28,15,0,0,0,114,3,4,42.9,/en/players/ea164f99/matchlogs/2019-2020/misc/Matteo-Scozzarella-Match-Logs
506,Ken Sema,se,"DF,MF",Udinese,25,1993,27.3,6,0,0,32,18,4,163,20,27,0,0,0,181,16,16,50.0,/en/players/1770bd68/matchlogs/2019-2020/misc/Ken-Sema-Match-Logs
507,Alessandro Semprini,it,DF,Brescia,21,1998,7.0,2,0,0,4,6,0,14,9,3,0,0,0,61,7,6,53.8,/en/players/dd29f81d/matchlogs/2019-2020/misc/Alessandro-Semprini-Match-Logs
508,Stefano Sensi,it,"MF,FW",Inter,23,1995,8.0,2,0,0,14,14,0,44,9,11,1,0,0,67,3,4,42.9,/en/players/b70bde8f/matchlogs/2019-2020/misc/Stefano-Sensi-Match-Logs
509,Luigi Sepe,it,GK,Parma,28,1991,34.0,1,0,0,0,4,0,0,0,0,0,0,0,118,0,0,,/en/players/343f753a/matchlogs/2019-2020/misc/Luigi-Sepe-Match-Logs
510,Yevhen Shakhov,ua,"MF,FW",Lecce,28,1990,12.1,3,0,0,21,10,5,4,14,22,1,0,0,85,17,29,37.0,/en/players/ff764de3/matchlogs/2019-2020/misc/Yevhen-Shakhov-Match-Logs
511,Luca Siligardi,it,"FW,MF",Parma,31,1988,3.7,0,0,0,3,7,0,17,3,3,0,0,0,44,7,4,63.6,/en/players/1cac99dc/matchlogs/2019-2020/misc/Luca-Siligardi-Match-Logs
512,André Silva,pt,FW,Milan,23,1995,0.7,1,0,0,1,2,0,0,0,1,0,0,0,1,0,1,0.0,/en/players/3effaa34/matchlogs/2019-2020/misc/Andre-Silva-Match-Logs
513,Marco Silvestri,it,GK,Hellas Verona,28,1991,35.0,2,0,0,0,5,0,0,4,0,0,0,0,158,0,0,,/en/players/0d422df7/matchlogs/2019-2020/misc/Marco-Silvestri-Match-Logs
514,Giovanni Simeone,ar,FW,Cagliari,24,1995,32.5,4,0,0,54,52,23,17,12,11,1,0,0,93,42,128,24.7,/en/players/343c0d52/matchlogs/2019-2020/misc/Giovanni-Simeone-Match-Logs
515,Wilfried Singo,ci,DF,Torino,18,2000,1.5,0,0,0,2,3,0,6,0,0,0,0,0,10,5,1,83.3,/en/players/8b609c34/matchlogs/2019-2020/misc/Wilfried-Singo-Match-Logs
516,Salvatore Sirigu,it,GK,Torino,32,1987,36.0,4,0,0,0,2,0,0,2,0,0,0,0,143,0,0,,/en/players/10dc46f0/matchlogs/2019-2020/misc/Salvatore-Sirigu-Match-Logs
517,Łukasz Skorupski,pl,GK,Bologna,28,1991,37.0,2,0,0,0,4,0,0,3,0,0,0,0,174,0,0,,/en/players/ab4449d6/matchlogs/2019-2020/misc/Lukasz-Skorupski-Match-Logs
518,Andreas Skov Olsen,dk,"FW,MF",Bologna,19,1999,8.4,2,0,0,13,11,3,56,8,7,0,0,0,69,5,11,31.3,/en/players/c50cee19/matchlogs/2019-2020/misc/Andreas-Skov-Olsen-Match-Logs
519,Simon Skrabb,fi,"MF,FW",Brescia,24,1995,2.9,1,0,0,7,3,0,7,0,4,0,0,0,19,2,6,25.0,/en/players/45af5134/matchlogs/2019-2020/misc/Simon-Skrabb-Match-Logs
520,Milan Škriniar,sk,DF,Inter,24,1995,29.2,9,1,1,52,27,0,0,27,29,1,0,1,254,37,30,55.2,/en/players/30f5ffa9/matchlogs/2019-2020/misc/Milan-Skriniar-Match-Logs
521,Chris Smalling,eng,DF,Roma,29,1989,28.5,3,0,0,33,10,1,3,60,23,0,3,0,287,91,33,73.4,/en/players/b6964eb6/matchlogs/2019-2020/misc/Chris-Smalling-Match-Logs
522,Roberto Soriano,it,MF,Bologna,28,1991,27.4,4,2,0,57,44,4,29,18,37,3,0,0,158,25,50,33.3,/en/players/9d4c45d6/matchlogs/2019-2020/misc/Roberto-Soriano-Match-Logs
523,Riccardo Sottil,it,"FW,DF",Fiorentina,20,1999,5.7,3,0,0,11,26,2,23,0,3,0,0,0,31,4,5,44.4,/en/players/94816803/matchlogs/2019-2020/misc/Riccardo-Sottil-Match-Logs
524,Adama Soumaoro,fr,DF,Genoa,27,1992,7.1,2,0,0,4,0,1,0,8,5,0,0,0,69,20,6,76.9,/en/players/7b075c75/matchlogs/2019-2020/misc/Adama-Soumaoro-Match-Logs
525,Nikolas Špalek,sk,"MF,FW",Brescia,22,1997,17.5,5,0,0,25,17,5,34,8,14,0,0,0,113,4,21,16.0,/en/players/9e90fb5d/matchlogs/2019-2020/misc/Nikolas-Spalek-Match-Logs
Rk,,,,,,,,,,,,,,,,,,,,,,,,
526,Leonardo Spinazzola,it,DF,Roma,26,1993,17.2,2,0,0,15,2,1,72,21,10,0,1,0,148,16,18,47.1,/en/players/3626daea/matchlogs/2019-2020/misc/Leonardo-Spinazzola-Match-Logs
527,Marco Sportiello,it,GK,Atalanta,27,1992,5.8,0,0,0,0,0,0,0,0,0,0,0,0,26,0,0,,/en/players/ac4003af/matchlogs/2019-2020/misc/Marco-Sportiello-Match-Logs
528,Mattia Sprocati,it,FW,Parma,26,1992,6.6,0,0,0,4,19,1,24,1,3,0,0,0,52,3,5,37.5,/en/players/bdd0692f/matchlogs/2019-2020/misc/Mattia-Sprocati-Match-Logs
529,Mariusz Stępiński,pl,FW,Hellas Verona,24,1995,7.8,3,1,0,24,21,8,4,1,4,0,0,0,38,18,46,28.1,/en/players/7b536033/matchlogs/2019-2020/misc/Mariusz-Stepinski-Match-Logs
530,Thomas Strakosha,al,GK,Lazio,24,1995,38.0,2,0,0,0,4,0,0,0,0,0,0,0,151,0,0,,/en/players/339fe0e8/matchlogs/2019-2020/misc/Thomas-Strakosha-Match-Logs
531,Jens Stryger Larsen,dk,DF,Udinese,28,1991,31.0,5,0,0,9,5,1,119,22,22,0,0,0,198,10,23,30.3,/en/players/f91e81c9/matchlogs/2019-2020/misc/Jens-Stryger-Larsen-Match-Logs
532,Stefano Sturaro,it,MF,Genoa,26,1993,13.9,7,0,0,38,32,2,26,10,26,2,0,0,122,24,35,40.7,/en/players/2334478a/matchlogs/2019-2020/misc/Stefano-Sturaro-Match-Logs
533,Suso,es,"FW,MF",Milan,25,1993,15.1,2,0,0,10,28,2,105,8,14,0,0,0,81,1,3,25.0,/en/players/4e219ad2/matchlogs/2019-2020/misc/Suso-Match-Logs
534,Bosko Sutalo,hr,DF,Atalanta,19,2000,3.1,1,0,0,8,4,0,4,6,2,0,0,0,41,11,8,57.9,/en/players/1d0bb7e4/matchlogs/2019-2020/misc/Bosko-Sutalo-Match-Logs
535,Mattias Svanberg,se,MF,Bologna,20,1999,11.7,2,0,0,18,28,1,21,14,14,0,0,0,79,16,14,53.3,/en/players/92d83c27/matchlogs/2019-2020/misc/Mattias-Svanberg-Match-Logs
536,Wojciech Szczęsny,pl,GK,Juventus,29,1990,28.8,1,0,0,1,1,0,0,1,0,0,1,0,131,0,0,,/en/players/01b8a2b2/matchlogs/2019-2020/misc/Wojciech-Szczesny-Match-Logs
537,Andrea Tabanelli,it,MF,Lecce,29,1990,10.7,4,0,0,22,24,1,12,10,12,0,1,0,73,15,21,41.7,/en/players/b59e02da/matchlogs/2019-2020/misc/Andrea-Tabanelli-Match-Logs
538,Panagiotis Tachtsidis,gr,MF,Lecce,28,1991,22.3,7,1,1,41,30,0,27,30,45,0,2,0,261,46,19,70.8,/en/players/e26bd2f4/matchlogs/2019-2020/misc/Panagiotis-Tachtsidis-Match-Logs
539,Adrien Tameze,cm,MF,Atalanta,25,1994,2.3,0,0,0,5,2,0,1,3,3,0,0,0,26,5,1,83.3,/en/players/8da74c05/matchlogs/2019-2020/misc/Adrien-Tameze-Match-Logs
540,Łukasz Teodorczyk,pl,FW,Udinese,28,1991,2.5,1,0,0,11,3,3,1,0,5,0,0,0,18,9,11,45.0,/en/players/7e81a17d/matchlogs/2019-2020/misc/Lukasz-Teodorczyk-Match-Logs
541,Hidde ter Avest,nl,DF,Udinese,22,1997,7.6,1,0,0,6,5,0,11,10,8,0,0,0,52,8,7,53.3,/en/players/18f9dbd0/matchlogs/2019-2020/misc/Hidde-ter-Avest-Match-Logs
542,Pietro Terracciano,it,GK,Fiorentina,29,1990,6.9,0,0,0,1,2,0,0,0,0,0,1,0,40,0,0,,/en/players/e1b0a70d/matchlogs/2019-2020/misc/Pietro-Terracciano-Match-Logs
543,Aleksa Terzić,rs,DF,Fiorentina,19,1999,0.1,0,0,0,0,0,0,0,0,0,0,0,0,1,0,0,,/en/players/3ef0a2d7/matchlogs/2019-2020/misc/Aleksa-Terzic-Match-Logs
544,Demba Thiam,sn,GK,SPAL,21,1998,2.0,0,0,0,0,0,0,0,1,0,0,0,0,11,0,0,,/en/players/0f47717b/matchlogs/2019-2020/misc/Demba-Thiam-Match-Logs
545,Morten Thorsby,no,"MF,DF",Sampdoria,23,1996,20.7,9,1,1,46,7,4,15,15,28,0,1,1,203,92,65,58.6,/en/players/d1b49282/matchlogs/2019-2020/misc/Morten-Thorsby-Match-Logs
546,Jeremy Toljan,de,DF,Sassuolo,24,1994,24.3,8,0,0,28,19,2,57,17,19,0,0,0,184,9,27,25.0,/en/players/a96e5dc0/matchlogs/2019-2020/misc/Jeremy-Toljan-Match-Logs
547,Rafael Tolói,br,DF,Atalanta,28,1990,29.0,11,0,0,36,17,2,13,46,51,1,0,0,303,56,29,65.9,/en/players/c56dc39e/matchlogs/2019-2020/misc/Rafael-Toloi-Match-Logs
548,Takehiro Tomiyasu,jp,DF,Bologna,20,1998,28.1,8,0,0,37,28,0,32,49,28,0,0,0,267,52,50,51.0,/en/players/b3af9be1/matchlogs/2019-2020/misc/Takehiro-Tomiyasu-Match-Logs
549,Nenad Tomović,rs,DF,SPAL,31,1987,19.5,5,1,0,25,9,0,14,31,11,0,2,1,148,32,11,74.4,/en/players/6aafdc27/matchlogs/2019-2020/misc/Nenad-Tomovic-Match-Logs
550,Sandro Tonali,it,MF,Brescia,19,2000,33.5,9,0,0,42,60,0,185,41,41,0,1,0,312,12,19,38.7,/en/players/0db169ae/matchlogs/2019-2020/misc/Sandro-Tonali-Match-Logs
Rk,,,,,,,,,,,,,,,,,,,,,,,,
551,Lorenzo Tonelli,it,DF,Sampdoria,29,1990,7.8,4,0,0,12,8,0,2,4,11,0,0,0,77,15,15,50.0,/en/players/8cc29864/matchlogs/2019-2020/misc/Lorenzo-Tonelli-Match-Logs
552,Ernesto Torregrossa,it,FW,Brescia,27,1992,20.5,8,0,0,49,82,16,12,5,8,0,0,0,81,53,96,35.6,/en/players/bf39bdec/matchlogs/2019-2020/misc/Ernesto-Torregrossa-Match-Logs
553,Amad Traoré,ci,FW,Atalanta,17,2002,0.3,0,0,0,1,0,1,1,0,1,0,0,0,1,0,0,,/en/players/9dc96f10/matchlogs/2019-2020/misc/Amad-Traore-Match-Logs
554,Luca Tremolada,it,MF,Brescia,27,1991,0.2,0,0,0,0,0,0,2,0,0,0,0,0,2,0,0,,/en/players/ed65da8c/matchlogs/2019-2020/misc/Luca-Tremolada-Match-Logs
555,Alessandro Tripaldelli,it,DF,Sassuolo,20,1999,1.5,0,0,0,2,3,0,4,3,1,0,0,0,6,1,0,100.0,/en/players/4571fa88/matchlogs/2019-2020/misc/Alessandro-Tripaldelli-Match-Logs
556,William Troost-Ekong,ng,DF,Udinese,25,1993,28.6,5,0,0,18,8,0,1,31,19,0,2,0,204,45,26,63.4,/en/players/7ed4921e/matchlogs/2019-2020/misc/William-Troost-Ekong-Match-Logs
557,Georgi Tunjov,ee,MF,SPAL,18,2001,3.2,0,0,0,8,3,0,14,2,7,0,0,0,22,5,5,50.0,/en/players/7aa84ac5/matchlogs/2019-2020/misc/Georgi-Tunjov-Match-Logs
558,Stefano Turati,it,GK,Sassuolo,,,2.0,0,0,0,0,2,0,0,0,0,0,0,0,7,0,0,,/en/players/bf168004/matchlogs/2019-2020/misc/Stefano-Turati-Match-Logs
559,Gennaro Tutino,it,FW,Hellas Verona,22,1996,2.5,0,0,0,4,11,0,0,2,0,0,0,0,15,10,14,41.7,/en/players/8b303bcb/matchlogs/2019-2020/misc/Gennaro-Tutino-Match-Logs
560,Samir Ujkani,xk,GK,Torino,31,1988,1.0,0,0,0,0,0,0,0,0,0,0,0,0,2,0,0,,/en/players/96640846/matchlogs/2019-2020/misc/Samir-Ujkani-Match-Logs
561,Cengiz Ünder,tr,FW,Roma,22,1997,9.7,2,0,0,5,16,0,46,7,7,0,0,0,54,5,4,55.6,/en/players/1880614f/matchlogs/2019-2020/misc/Cengiz-Under-Match-Logs
562,Mirko Valdifiori,it,MF,SPAL,33,1986,15.6,5,0,0,15,14,0,76,4,21,0,0,0,156,10,4,71.4,/en/players/c710f7d5/matchlogs/2019-2020/misc/Mirko-Valdifiori-Match-Logs
563,Borja Valero,es,MF,Inter,34,1985,10.3,4,0,0,12,14,1,3,7,9,0,0,0,89,5,11,31.3,/en/players/0e21fc3c/matchlogs/2019-2020/misc/Borja-Valero-Match-Logs
564,Mattia Valoti,it,"MF,FW",SPAL,25,1993,17.0,7,0,0,38,48,2,22,18,33,1,0,0,118,36,48,42.9,/en/players/c414df9d/matchlogs/2019-2020/misc/Mattia-Valoti-Match-Logs
565,Denis Vavro,sk,DF,Lazio,23,1996,3.6,0,0,0,3,0,0,0,3,1,0,0,0,36,6,4,60.0,/en/players/08990838/matchlogs/2019-2020/misc/Denis-Vavro-Match-Logs
566,Matías Vecino,uy,MF,Inter,27,1991,14.2,4,0,0,20,12,3,18,14,17,0,0,0,107,14,19,42.4,/en/players/44ac04e9/matchlogs/2019-2020/misc/Matias-Vecino-Match-Logs
567,Miguel Veloso,pt,MF,Hellas Verona,33,1986,31.2,6,0,0,35,15,0,190,32,43,0,0,0,385,48,38,55.8,/en/players/ab1ca213/matchlogs/2019-2020/misc/Miguel-Veloso-Match-Logs
568,Lorenzo Venuti,it,DF,Fiorentina,24,1995,9.5,4,0,0,18,12,0,25,10,9,1,0,0,74,11,7,61.1,/en/players/983ff2c7/matchlogs/2019-2020/misc/Lorenzo-Venuti-Match-Logs
569,Brayan Vera,co,"DF,MF",Lecce,20,1999,1.7,0,0,0,6,3,0,10,1,4,0,0,0,12,0,6,0.0,/en/players/80c718dd/matchlogs/2019-2020/misc/Brayan-Vera-Match-Logs
570,Simone Verdi,it,"MF,FW",Torino,27,1992,23.0,4,0,0,22,45,2,147,5,12,0,0,0,166,12,25,32.4,/en/players/0375723e/matchlogs/2019-2020/misc/Simone-Verdi-Match-Logs
571,Jordan Veretout,fr,MF,Roma,26,1993,29.2,6,0,0,34,15,0,76,20,25,0,1,0,242,7,10,41.2,/en/players/4a56052c/matchlogs/2019-2020/misc/Jordan-Veretout-Match-Logs
572,Valerio Verre,it,"FW,MF",Hellas Verona,25,1994,19.7,4,0,0,30,30,5,27,14,17,0,0,0,114,19,72,20.9,/en/players/33ecf462/matchlogs/2019-2020/misc/Valerio-Verre-Match-Logs
573,Francesco Vicari,it,DF,SPAL,24,1994,32.2,4,0,0,31,15,1,1,42,20,0,1,2,230,54,39,58.1,/en/players/de045b15/matchlogs/2019-2020/misc/Francesco-Vicari-Match-Logs
574,Ronaldo Vieira,gw,MF,Sampdoria,21,1998,20.2,11,1,0,40,16,0,31,22,30,0,0,0,236,34,50,40.5,/en/players/75e60d75/matchlogs/2019-2020/misc/Ronaldo-Vieira-Match-Logs
575,Mauro Vigorito,it,GK,Lecce,29,1990,4.7,1,0,0,1,1,0,0,0,0,0,1,0,28,0,0,,/en/players/582a251c/matchlogs/2019-2020/misc/Mauro-Vigorito-Match-Logs
Rk,,,,,,,,,,,,,,,,,,,,,,,,
576,Gonzalo Villar,es,MF,Roma,21,1998,3.3,3,0,0,9,6,0,0,2,2,0,0,0,26,2,1,66.7,/en/players/bdc74a8f/matchlogs/2019-2020/misc/Gonzalo-Villar-Match-Logs
577,Luigi Vitale,it,DF,Hellas Verona,31,1987,0.5,0,0,0,1,0,0,3,0,0,0,0,0,7,0,0,,/en/players/fe479e17/matchlogs/2019-2020/misc/Luigi-Vitale-Match-Logs
578,Mattia Viviani,it,MF,Brescia,18,2000,3.8,0,0,0,4,6,0,3,9,1,0,0,0,38,2,4,33.3,/en/players/360b2bb1/matchlogs/2019-2020/misc/Mattia-Viviani-Match-Logs
579,Dušan Vlahović,rs,FW,Fiorentina,19,2000,16.7,4,1,0,19,48,9,13,6,2,0,0,0,88,38,60,38.8,/en/players/79443529/matchlogs/2019-2020/misc/Dusan-Vlahovic-Match-Logs
580,Stefan de Vrij,nl,DF,Inter,27,1992,31.4,5,0,0,36,9,0,0,46,25,0,1,0,309,75,38,66.4,/en/players/d0d8dd44/matchlogs/2019-2020/misc/Stefan-de-Vrij-Match-Logs
581,Giacomo Vrioni,al,FW,Juventus,20,1998,0.1,0,0,0,1,0,0,0,0,0,0,0,0,0,0,0,,/en/players/bf4d31d3/matchlogs/2019-2020/misc/Giacomo-Vrioni-Match-Logs
582,Walace,br,MF,Udinese,24,1995,12.7,2,0,0,24,15,1,3,33,25,0,0,0,141,13,7,65.0,/en/players/26db8853/matchlogs/2019-2020/misc/Walace-Match-Logs
583,Sebastian Walukiewicz,pl,DF,Cagliari,19,2000,12.9,1,0,0,5,2,0,4,15,9,0,1,0,107,12,16,42.9,/en/players/217875a4/matchlogs/2019-2020/misc/Sebastian-Walukiewicz-Match-Logs
584,Jawad El Yamiq,ma,DF,Genoa,27,1992,2.2,1,0,0,3,1,0,1,1,3,0,0,0,18,5,3,62.5,/en/players/f6f6b6e8/matchlogs/2019-2020/misc/Jawad-El-Yamiq-Match-Logs
585,Maya Yoshida,jp,DF,Sampdoria,30,1988,13.2,1,0,0,15,5,0,1,29,3,0,0,0,128,20,10,66.7,/en/players/caffaf5a/matchlogs/2019-2020/misc/Maya-Yoshida-Match-Logs
586,Amin Younes,de,"FW,MF",Napoli,25,1993,2.0,1,0,0,4,5,0,1,0,3,0,0,0,14,0,1,0.0,/en/players/228f73ae/matchlogs/2019-2020/misc/Amin-Younes-Match-Logs
587,Ashley Young,eng,DF,Inter,34,1985,13.2,1,0,0,7,21,4,39,15,9,0,1,0,93,7,7,50.0,/en/players/be927d03/matchlogs/2019-2020/misc/Ashley-Young-Match-Logs
588,Mattia Zaccagni,it,"FW,MF",Hellas Verona,24,1995,23.5,5,0,0,33,79,11,46,17,12,3,0,0,156,33,41,44.6,/en/players/d85c238b/matchlogs/2019-2020/misc/Mattia-Zaccagni-Match-Logs
589,Luca Zanimacchia,it,FW,Juventus,21,1998,1.3,0,0,0,0,3,2,10,0,1,0,0,0,5,1,0,100.0,/en/players/5e834dce/matchlogs/2019-2020/misc/Luca-Zanimacchia-Match-Logs
590,Nicolò Zaniolo,it,"FW,MF",Roma,20,1999,16.7,8,0,0,42,42,3,26,5,11,0,0,0,91,8,20,28.6,/en/players/9907b1c8/matchlogs/2019-2020/misc/Nicolo-Zaniolo-Match-Logs
591,Cristián Zapata,co,DF,Genoa,32,1986,19.1,4,0,0,16,12,0,1,27,21,0,1,1,158,59,22,72.8,/en/players/b1deecf8/matchlogs/2019-2020/misc/Cristian-Zapata-Match-Logs
592,Duván Zapata,co,FW,Atalanta,28,1991,22.5,1,0,0,36,46,12,30,1,4,1,0,0,95,40,61,39.6,/en/players/d3de9af0/matchlogs/2019-2020/misc/Duvan-Zapata-Match-Logs
593,Davide Zappacosta,it,DF,Roma,27,1992,5.0,0,0,0,2,2,3,23,6,3,0,0,0,36,0,4,0.0,/en/players/7fe90ccd/matchlogs/2019-2020/misc/Davide-Zappacosta-Match-Logs
594,Simone Zaza,it,FW,Torino,28,1991,18.2,7,0,0,58,34,10,8,8,9,1,0,0,88,56,85,39.7,/en/players/9592289a/matchlogs/2019-2020/misc/Simone-Zaza-Match-Logs
595,Marvin Zeegelaar,nl,DF,Udinese,28,1990,6.6,3,0,0,8,2,1,13,5,8,0,1,0,45,6,9,40.0,/en/players/8abd0c03/matchlogs/2019-2020/misc/Marvin-Zeegelaar-Match-Logs
596,Piotr Zieliński,pl,MF,Napoli,25,1994,32.5,4,0,0,25,57,1,42,23,17,0,1,0,249,16,15,51.6,/en/players/a5296e55/matchlogs/2019-2020/misc/Piotr-Zielinski-Match-Logs
597,Jaromír Zmrhal,cz,MF,Brescia,25,1993,12.5,0,0,0,12,6,0,30,5,5,0,0,0,68,12,13,48.0,/en/players/cbec1196/matchlogs/2019-2020/misc/Jaromir-Zmrhal-Match-Logs
598,Ervin Zukanović,ba,DF,SPAL,32,1987,2.3,1,0,0,4,2,0,1,2,1,0,0,0,32,3,2,60.0,/en/players/1253a12e/matchlogs/2019-2020/misc/Ervin-Zukanovic-Match-Logs
599,Szymon Żurkowski,pl,MF,Fiorentina,21,1997,0.1,0,0,0,1,0,0,0,0,0,0,0,0,2,1,0,100.0,/en/players/4e1d5e59/matchlogs/2019-2020/misc/Szymon-Zurkowski-Match-Logs
600,Filip Đuričić,rs,"MF,FW",Sassuolo,27,1992,18.1,6,0,0,36,46,3,31,9,19,1,0,0,124,13,23,36.1,/en/players/eccbe56a/matchlogs/2019-2020/misc/Filip-Djuricic-Match-Logs
Rk,,,,,,,,,,,,,,,,,,,,,,,,
